Rank,EntryId,EntryName,TimeRemaining,Points,Lineup,,Player,Roster Position,%Drafted,FPTS
1,5256675559,Deathflower74 (11/20),0,256.41998,DST Panthers  FLEX Dalton Schultz QB Josh Allen RB James Cook III RB Kenneth Walker III TE Dalton Kincaid WR Amon-Ra St. Brown WR Davante Adams WR DK Metcalf,,Jahmyr Gibbs,RB,30.56%,23.3
2,5257103351,Zacklemore (5/20),0,237.42,DST Bears  FLEX Dalton Schultz QB Josh Allen RB James Cook III RB Kenneth Walker III TE Dalton Kincaid WR Amon-Ra St. Brown WR Davante Adams WR Xavier Hutchinson,,DJ Moore,WR,30.50%,-0.1
3,5258159546,Satch65 (8/20),0,232.82,DST Steelers  FLEX Travis Kelce QB Josh Allen RB James Cook III RB Kenneth Walker III TE Dalton Schultz WR Ja'Marr Chase WR CeeDee Lamb WR Devaughn Vele,,Kenneth Walker III,RB,27.74%,26.8
4,5258677028,Rucle,0,232.72,DST Browns  FLEX Kenneth Walker III QB Josh Allen RB Derrick Henry RB James Cook III TE Dalton Schultz WR Amon-Ra St. Brown WR Davante Adams WR Roman Wilson,,Josh Allen,QB,26.04%,40.82
5,5258438058,HakeemTheDream (17/20),0,232.12,DST Titans  FLEX Mark Andrews QB Josh Allen RB Jahmyr Gibbs RB Kenneth Walker III TE Dalton Schultz WR CeeDee Lamb WR Davante Adams WR Xavier Worthy,,Bijan Robinson,RB,21.90%,11.1
6,5256705107,SleepyW (4/6),0,231.12,DST Panthers  FLEX Dalton Schultz QB Josh Allen RB Jahmyr Gibbs RB Kenneth Walker III TE Dalton Kincaid WR Amon-Ra St. Brown WR Garrett Wilson WR Roman Wilson,,Derrick Henry,RB,18.37%,17.7
7,5256636649,jdmarc (5/20),0,229.92,DST Titans  FLEX Kenneth Walker III QB Josh Allen RB Jahmyr Gibbs RB Aaron Jones Sr. TE Dalton Schultz WR CeeDee Lamb WR Davante Adams WR Malik Washington,,Dalton Kincaid,TE,16.27%,22.5
8,5257591470,atong126 (14/20),0,229.66,DST Panthers  FLEX Dalton Schultz QB Dak Prescott RB Christian McCaffrey RB Aaron Jones Sr. TE Dalton Kincaid WR Amon-Ra St. Brown WR CeeDee Lamb WR Matthew Golden,,Dalton Schultz,TE,14.63%,29
9,5256512643,Ace045,0,228.81999,DST Titans  FLEX Dalton Schultz QB Josh Allen RB Jahmyr Gibbs RB Derrick Henry TE Dalton Kincaid WR Amon-Ra St. Brown WR Davante Adams WR Roman Wilson,,Amon-Ra St. Brown,WR,13.56%,38.2
10,5258072521,gmudd,0,228.42,DST Panthers  FLEX Kenneth Walker III QB Josh Allen RB Jahmyr Gibbs RB Aaron Jones Sr. TE Dalton Schultz WR Garrett Wilson WR Davante Adams WR Matthew Golden,,James Cook III,RB,12.31%,23.9
11,5258159557,Satch65 (19/20),0,226.32,DST Panthers  FLEX Dalton Schultz QB Josh Allen RB James Cook III RB Kenneth Walker III TE Dalton Kincaid WR Amon-Ra St. Brown WR Rashee Rice WR Khalil Shakir,,Kenneth Walker III,FLEX,11.86%,26.8
12,5258272971,stayeduptolate,0,226.06001,DST Raiders  FLEX Xavier Worthy QB Dak Prescott RB James Cook III RB Kenneth Walker III TE Dalton Schultz WR Amon-Ra St. Brown WR CeeDee Lamb WR Jalen Coker,,Matthew Golden,WR,11.83%,9.8
13,5258288049,rsumrall (17/20),0,225.48,DST Browns  FLEX Dalton Schultz QB Jared Goff RB Jahmyr Gibbs RB Kenneth Walker III TE Sam LaPorta WR Jaxon Smith-Njigba WR Davante Adams WR Quentin Johnston,,Davante Adams,WR,10.97%,42.5
14,5258096256,tbjones2121 (20/20),0,225.2,DST Panthers  FLEX Isaiah Likely QB Drew Lock RB Jahmyr Gibbs RB Kenneth Walker III TE Dalton Schultz WR Jaxon Smith-Njigba WR Davante Adams WR Quentin Johnston,,Isaiah Likely,TE,10.95%,8.3
15,5258159555,Satch65 (17/20),0,223.42,DST Raiders  FLEX Dalton Schultz QB Josh Allen RB Bijan Robinson RB James Cook III TE Sam LaPorta WR Amon-Ra St. Brown WR Davante Adams WR Malik Washington,,Christian Watson,WR,10.70%,14.1
16,5256636656,jdmarc (12/20),0,221.42,DST Panthers  FLEX Kenneth Walker III QB Josh Allen RB Jahmyr Gibbs RB Aaron Jones Sr. TE Colby Parkinson WR CeeDee Lamb WR Davante Adams WR Xavier Hutchinson,,Jaguars ,DST,10.01%,3
17,5257964773,stock2mail (20/20),0,220.18,DST Panthers  FLEX George Kittle QB Brock Purdy RB Derrick Henry RB Kenneth Walker III TE Dalton Schultz WR Jaxon Smith-Njigba WR Stefon Diggs WR Terry McLaurin,,Deebo Samuel Sr.,WR,9.82%,6.5
18,5258277013,brewman1 (3/3),0,219.27998,DST Titans  FLEX Sam LaPorta QB Jared Goff RB James Cook III RB Kenneth Walker III TE Dalton Kincaid WR Jaxon Smith-Njigba WR Amon-Ra St. Brown WR Jaylin Noel,,49ers ,DST,9.67%,8
19,5257296811,LetEmKnow (2/20),0,217.98001,DST Titans  FLEX Travis Kelce QB Patrick Mahomes RB Jahmyr Gibbs RB Bijan Robinson TE Dalton Schultz WR Amon-Ra St. Brown WR Davante Adams WR Khalil Shakir,,Aaron Jones Sr.,RB,9.54%,13.5
20,5256705108,SleepyW (5/6),0,216.86,DST Panthers  FLEX Michael Mayer QB Dak Prescott RB Jahmyr Gibbs RB Kenneth Walker III TE Dalton Schultz WR CeeDee Lamb WR Garrett Wilson WR Stefon Diggs,,George Pickens,WR,9.50%,10
21,5256675567,Deathflower74 (19/20),0,216.18001,DST Patriots  FLEX Kenneth Walker III QB Patrick Mahomes RB Jahmyr Gibbs RB Aaron Jones Sr. TE Michael Mayer WR CeeDee Lamb WR Davante Adams WR Xavier Worthy,,Devaughn Vele,WR,9.20%,11.4
22,5256732255,cw1tt (16/20),0,215.51999,DST Panthers  FLEX George Kittle QB Josh Allen RB Kenneth Walker III RB Chuba Hubbard TE Cade Otton WR CeeDee Lamb WR Davante Adams WR DJ Moore,,Buccaneers ,DST,9.12%,2
23,5256743705,paintgirl (7/20),0,215.06001,DST Panthers  FLEX Travis Kelce QB Dak Prescott RB Javonte Williams RB Chuba Hubbard TE Dalton Kincaid WR Amon-Ra St. Brown WR CeeDee Lamb WR Matthew Golden,,Khalil Shakir,WR,8.38%,6.8
24,5258881295,spankjohnson88 (9/20),0,214.82,DST Patriots  FLEX Kenneth Walker III QB Josh Allen RB James Cook III RB Aaron Jones Sr. TE Dalton Schultz WR Amon-Ra St. Brown WR Terry McLaurin WR Jalen Coker,,Justin Jefferson,WR,8.26%,8.5
25,5258099501,jgAllDay (17/20),0,214.16,DST Packers  FLEX Travis Kelce QB Dak Prescott RB Ashton Jeanty RB James Cook III TE Dalton Schultz WR CeeDee Lamb WR Davante Adams WR Ryan Flournoy,,Jalen Coker,WR,8.04%,14.6
26,5258138750,TwitterQueen (17/20),0,212.76,DST Panthers  FLEX Kenneth Walker III QB Dak Prescott RB Derrick Henry RB Aaron Jones Sr. TE Dalton Schultz WR CeeDee Lamb WR George Pickens WR Stefon Diggs,,Malik Nabers,WR,7.84%,1.1
27,5258323755,d00dy (15/20),0,212.56,DST Titans  FLEX Dalton Schultz QB Dak Prescott RB James Cook III RB Kenneth Walker III TE Michael Mayer WR CeeDee Lamb WR George Pickens WR Davante Adams,,Patrick Mahomes,QB,7.75%,31.98
28,5257964770,stock2mail (17/20),0,211.68001,DST Panthers  FLEX Michael Mayer QB Bryce Young RB Derrick Henry RB Kenneth Walker III TE Dalton Schultz WR Amon-Ra St. Brown WR Ja'Marr Chase WR Tetairoa McMillan,,CeeDee Lamb,WR,7.72%,38.3
29,5256498192,sportsfanatic89 (1/20),0,211.62,DST Panthers  FLEX Kenneth Walker III QB Josh Allen RB Jahmyr Gibbs RB Aaron Jones Sr. TE Dalton Schultz WR Davante Adams WR DJ Moore WR Matthew Golden,,Christian McCaffrey,RB,7.55%,22.6
29,5256498195,sportsfanatic89 (4/20),0,211.62,DST Panthers  FLEX Kenneth Walker III QB Josh Allen RB Jahmyr Gibbs RB Aaron Jones Sr. TE Dalton Schultz WR Davante Adams WR DJ Moore WR Matthew Golden,,Brock Purdy,QB,6.98%,28.48
29,5256498199,sportsfanatic89 (7/20),0,211.62,DST Panthers  FLEX Kenneth Walker III QB Josh Allen RB Jahmyr Gibbs RB Aaron Jones Sr. TE Dalton Schultz WR Davante Adams WR DJ Moore WR Matthew Golden,,Javonte Williams,RB,6.95%,8
29,5256498205,sportsfanatic89 (10/20),0,211.62,DST Panthers  FLEX Kenneth Walker III QB Josh Allen RB Jahmyr Gibbs RB Aaron Jones Sr. TE Dalton Schultz WR Davante Adams WR DJ Moore WR Matthew Golden,,Terry McLaurin,WR,6.69%,7
29,5256504453,sportsfanatic89 (15/20),0,211.62,DST Panthers  FLEX Kenneth Walker III QB Josh Allen RB Jahmyr Gibbs RB Aaron Jones Sr. TE Dalton Schultz WR Davante Adams WR DJ Moore WR Matthew Golden,,Jameson Williams,WR,6.26%,5.3
29,5256514396,sportsfanatic89 (18/20),0,211.62,DST Panthers  FLEX Kenneth Walker III QB Josh Allen RB Jahmyr Gibbs RB Aaron Jones Sr. TE Dalton Schultz WR Davante Adams WR DJ Moore WR Matthew Golden,,Dallas Goedert,TE,6.07%,1.4
29,5257790005,pipolechap (4/20),0,211.62,DST Panthers  FLEX Kenneth Walker III QB Josh Allen RB Jahmyr Gibbs RB Aaron Jones Sr. TE Dalton Schultz WR Davante Adams WR DJ Moore WR Matthew Golden,,Garrett Wilson,WR,5.90%,16.7
29,5257790015,pipolechap (8/20),0,211.62,DST Panthers  FLEX Kenneth Walker III QB Josh Allen RB Jahmyr Gibbs RB Aaron Jones Sr. TE Dalton Schultz WR Davante Adams WR DJ Moore WR Matthew Golden,,Ashton Jeanty,RB,5.87%,10.3
29,5257790022,pipolechap (12/20),0,211.62,DST Panthers  FLEX Kenneth Walker III QB Josh Allen RB Jahmyr Gibbs RB Aaron Jones Sr. TE Dalton Schultz WR Davante Adams WR DJ Moore WR Matthew Golden,,Kalif Raymond,WR,5.84%,9
29,5257797477,pipolechap (16/20),0,211.62,DST Panthers  FLEX Kenneth Walker III QB Josh Allen RB Jahmyr Gibbs RB Aaron Jones Sr. TE Dalton Schultz WR Davante Adams WR DJ Moore WR Matthew Golden,,Steelers ,DST,5.69%,8
29,5257797486,pipolechap (20/20),0,211.62,DST Panthers  FLEX Kenneth Walker III QB Josh Allen RB Jahmyr Gibbs RB Aaron Jones Sr. TE Dalton Schultz WR Davante Adams WR DJ Moore WR Matthew Golden,,Dak Prescott,QB,5.60%,29.76
40,5257288241,Rusty_Trombone (3/20),0,211.28,DST Broncos  FLEX Davante Adams QB Jared Goff RB Jahmyr Gibbs RB Derrick Henry TE Dalton Schultz WR Amon-Ra St. Brown WR Xavier Worthy WR Tre' Harris,,Panthers ,DST,5.52%,26
41,5256613788,newguy2015 (8/20),0,210.92,DST Patriots  FLEX Khalil Shakir QB Josh Allen RB Kenneth Walker III RB Aaron Jones Sr. TE Dawson Knox WR Jaxon Smith-Njigba WR Amon-Ra St. Brown WR Matthew Golden,,David Montgomery,RB,5.50%,4.4
42,5256668469,GungHaiLa,0,210.48001,DST Seahawks  FLEX Dalton Schultz QB Patrick Mahomes RB Christian McCaffrey RB Cam Skattebo TE Travis Kelce WR Jaxon Smith-Njigba WR Christian Watson WR Stefon Diggs,,Jaxon Smith-Njigba,WR,5.35%,45.5
43,5258088302,HurricaneCal (10/20),0,210.31999,DST Patriots  FLEX Evan Engram QB Josh Allen RB Derrick Henry RB Aaron Jones Sr. TE Dalton Schultz WR Amon-Ra St. Brown WR DeVonta Smith WR Garrett Wilson,,Caleb Douglas,WR,5.28%,3.9
44,5258540534,BKShockers (5/20),0,210.28001,DST Falcons  FLEX Kenneth Walker III QB Patrick Mahomes RB Derrick Henry RB James Cook III TE Travis Kelce WR Jaxon Smith-Njigba WR Xavier Worthy WR Rashod Bateman,,Mike Evans,WR,5.18%,8.4
45,5257366609,gametimecope,0,209.91998,DST Buccaneers  FLEX Dalton Schultz QB Josh Allen RB Kenneth Walker III RB Aaron Jones Sr. TE Sam LaPorta WR Amon-Ra St. Brown WR Davante Adams WR DJ Moore,,Caleb Williams,QB,5.18%,8.72
46,5256660584,F___thejets (3/19),0,209.72,DST Panthers  FLEX Juwan Johnson QB Josh Allen RB Jahmyr Gibbs RB Kenneth Walker III TE Dalton Kincaid WR Ja'Marr Chase WR Rashod Bateman WR Devaughn Vele,,Ja'Marr Chase,WR,5.16%,26.5
47,5257420453,jrevelle3 (4/20),0,209.57999,DST Panthers  FLEX Dalton Schultz QB Brock Purdy RB Christian McCaffrey RB James Cook III TE Mark Andrews WR Ja'Marr Chase WR CeeDee Lamb WR Caleb Douglas,,Bucky Irving,RB,5.15%,13
48,5258881293,spankjohnson88 (7/20),0,209.22,DST Patriots  FLEX Kenneth Walker III QB Josh Allen RB Jahmyr Gibbs RB Aaron Jones Sr. TE Dalton Schultz WR CeeDee Lamb WR Jalen Coker WR DeMario Douglas,,Emeka Egbuka,WR,5.10%,10.3
49,5256498193,sportsfanatic89 (2/20),0,208.98,DST Broncos  FLEX Kenneth Walker III QB Patrick Mahomes RB Jahmyr Gibbs RB James Cook III TE Dalton Schultz WR George Pickens WR Davante Adams WR Xavier Worthy,,Chiefs ,DST,5.06%,1
49,5256498196,sportsfanatic89 (5/20),0,208.98,DST Broncos  FLEX Kenneth Walker III QB Patrick Mahomes RB Jahmyr Gibbs RB James Cook III TE Dalton Schultz WR George Pickens WR Davante Adams WR Xavier Worthy,,Parker Washington,WR,5.03%,16.8
49,5256498200,sportsfanatic89 (8/20),0,208.98,DST Broncos  FLEX Kenneth Walker III QB Patrick Mahomes RB Jahmyr Gibbs RB James Cook III TE Dalton Schultz WR George Pickens WR Davante Adams WR Xavier Worthy,,Carson Wentz,QB,5.01%,6.32
49,5256498206,sportsfanatic89 (11/20),0,208.98,DST Broncos  FLEX Kenneth Walker III QB Patrick Mahomes RB Jahmyr Gibbs RB James Cook III TE Dalton Schultz WR George Pickens WR Davante Adams WR Xavier Worthy,,Stefon Diggs,WR,4.98%,21.7
49,5256498208,sportsfanatic89 (13/20),0,208.98,DST Broncos  FLEX Kenneth Walker III QB Patrick Mahomes RB Jahmyr Gibbs RB James Cook III TE Dalton Schultz WR George Pickens WR Davante Adams WR Xavier Worthy,,Luther Burden III,WR,4.96%,6.2
49,5256504454,sportsfanatic89 (16/20),0,208.98,DST Broncos  FLEX Kenneth Walker III QB Patrick Mahomes RB Jahmyr Gibbs RB James Cook III TE Dalton Schultz WR George Pickens WR Davante Adams WR Xavier Worthy,,Jaxson Dart,QB,4.74%,0.8
49,5256514397,sportsfanatic89 (19/20),0,208.98,DST Broncos  FLEX Kenneth Walker III QB Patrick Mahomes RB Jahmyr Gibbs RB James Cook III TE Dalton Schultz WR George Pickens WR Davante Adams WR Xavier Worthy,,Cam Skattebo,RB,4.39%,9.5
49,5257790002,pipolechap (1/20),0,208.98,DST Broncos  FLEX Kenneth Walker III QB Patrick Mahomes RB Jahmyr Gibbs RB James Cook III TE Dalton Schultz WR George Pickens WR Davante Adams WR Xavier Worthy,,Sam LaPorta,TE,4.39%,17.2
49,5257790012,pipolechap (5/20),0,208.98,DST Broncos  FLEX Kenneth Walker III QB Patrick Mahomes RB Jahmyr Gibbs RB James Cook III TE Dalton Schultz WR George Pickens WR Davante Adams WR Xavier Worthy,,Seahawks ,DST,4.37%,8
49,5257790019,pipolechap (9/20),0,208.98,DST Broncos  FLEX Kenneth Walker III QB Patrick Mahomes RB Jahmyr Gibbs RB James Cook III TE Dalton Schultz WR George Pickens WR Davante Adams WR Xavier Worthy,,Quentin Johnston,WR,4.37%,2.4
49,5257797474,pipolechap (13/20),0,208.98,DST Broncos  FLEX Kenneth Walker III QB Patrick Mahomes RB Jahmyr Gibbs RB James Cook III TE Dalton Schultz WR George Pickens WR Davante Adams WR Xavier Worthy,,Mike Gesicki,TE,4.32%,0
49,5257797483,pipolechap (17/20),0,208.98,DST Broncos  FLEX Kenneth Walker III QB Patrick Mahomes RB Jahmyr Gibbs RB James Cook III TE Dalton Schultz WR George Pickens WR Davante Adams WR Xavier Worthy,,Michael Mayer,TE,4.31%,5.3
61,5258159541,Satch65 (3/20),0,208.92,DST Jets  FLEX Dalton Schultz QB Josh Allen RB Derrick Henry RB Kenneth Walker III TE Dalton Kincaid WR Parker Washington WR Davante Adams WR Khalil Shakir,,Ravens ,DST,4.21%,3
62,5257944950,bmendy (18/20),0,208.78001,DST Panthers  FLEX Christian McCaffrey QB Patrick Mahomes RB Jaylen Warren RB Aaron Jones Sr. TE Travis Kelce WR Jaxon Smith-Njigba WR Parker Washington WR Jalen Coker,,Jared Goff,QB,4.19%,32.78
62,5257939209,Sammy.Boy (12/20),0,208.78,DST Ravens  FLEX Kenneth Walker III QB Matthew Stafford RB Derrick Henry RB James Cook III TE Terrance Ferguson WR CeeDee Lamb WR Davante Adams WR KC Concepcion Jr.,,Rashee Rice,WR,4.17%,12.3
64,5257274737,lilcharney81 (2/20),0,208.71999,DST Panthers  FLEX Aaron Jones Sr. QB Josh Allen RB Jahmyr Gibbs RB James Cook III TE Dalton Schultz WR Davante Adams WR DJ Moore WR Matthew Golden,,Dontayvion Wicks,WR,4.07%,12.4
65,5258234570,LOCNOTM (12/20),0,208.62,DST Panthers  FLEX Kenneth Walker III QB Josh Allen RB Jahmyr Gibbs RB Aaron Jones Sr. TE Dalton Schultz WR Davante Adams WR DJ Moore WR Khalil Shakir,,Derrick Henry,FLEX,4.00%,17.7
66,5257939203,Sammy.Boy (6/20),0,208.06,DST Jets  FLEX Terrance Ferguson QB Dak Prescott RB Derrick Henry RB James Cook III TE Dalton Kincaid WR CeeDee Lamb WR George Pickens WR Davante Adams,,Saquon Barkley,RB,3.87%,3
67,5258288041,rsumrall (9/20),0,207.06,DST Jaguars  FLEX Dalton Schultz QB Dak Prescott RB Bijan Robinson RB James Cook III TE Dalton Kincaid WR CeeDee Lamb WR Davante Adams WR Terry McLaurin,,Broncos ,DST,3.82%,8
68,5258757002,Cyndacar88 (4/4),0,206.78,DST Panthers  FLEX Dalton Schultz QB Jared Goff RB Jahmyr Gibbs RB Saquon Barkley TE Dalton Kincaid WR Amon-Ra St. Brown WR DeVonta Smith WR Olamide Zaccheaus,,DK Metcalf,WR,3.82%,6.7
69,5257017861,csurunnerccr (3/20),0,206.58,DST Panthers  FLEX Kenneth Walker III QB Bryce Young RB Derrick Henry RB James Cook III TE Dalton Schultz WR CeeDee Lamb WR Luther Burden III WR Jalen Coker,,Xavier Worthy,WR,3.78%,13.5
70,5258890129,NIUDave85 (1/10),0,206.42,DST Panthers  FLEX Michael Mayer QB Josh Allen RB Jahmyr Gibbs RB Kenneth Walker III TE Dalton Schultz WR Ja'Marr Chase WR Stefon Diggs WR Terry McLaurin,,Bijan Robinson,FLEX,3.65%,11.1
70,5258890130,NIUDave85 (2/10),0,206.42,DST Panthers  FLEX Michael Mayer QB Josh Allen RB Jahmyr Gibbs RB Kenneth Walker III TE Dalton Schultz WR Ja'Marr Chase WR Stefon Diggs WR Terry McLaurin,,Cardinals ,DST,3.65%,2
70,5258890131,NIUDave85 (3/10),0,206.42,DST Panthers  FLEX Michael Mayer QB Josh Allen RB Jahmyr Gibbs RB Kenneth Walker III TE Dalton Schultz WR Ja'Marr Chase WR Stefon Diggs WR Terry McLaurin,,Travis Kelce,TE,3.55%,28.1
70,5258890132,NIUDave85 (4/10),0,206.42,DST Panthers  FLEX Michael Mayer QB Josh Allen RB Jahmyr Gibbs RB Kenneth Walker III TE Dalton Schultz WR Ja'Marr Chase WR Stefon Diggs WR Terry McLaurin,,Eagles ,DST,3.53%,3
70,5258890133,NIUDave85 (5/10),0,206.42,DST Panthers  FLEX Michael Mayer QB Josh Allen RB Jahmyr Gibbs RB Kenneth Walker III TE Dalton Schultz WR Ja'Marr Chase WR Stefon Diggs WR Terry McLaurin,,Kyren Williams,RB,3.41%,16.7
70,5258890134,NIUDave85 (6/10),0,206.42,DST Panthers  FLEX Michael Mayer QB Josh Allen RB Jahmyr Gibbs RB Kenneth Walker III TE Dalton Schultz WR Ja'Marr Chase WR Stefon Diggs WR Terry McLaurin,,Breece Hall,RB,3.36%,14.2
70,5258890135,NIUDave85 (7/10),0,206.42,DST Panthers  FLEX Michael Mayer QB Josh Allen RB Jahmyr Gibbs RB Kenneth Walker III TE Dalton Schultz WR Ja'Marr Chase WR Stefon Diggs WR Terry McLaurin,,Giants ,DST,3.33%,4
70,5258890136,NIUDave85 (8/10),0,206.42,DST Panthers  FLEX Michael Mayer QB Josh Allen RB Jahmyr Gibbs RB Kenneth Walker III TE Dalton Schultz WR Ja'Marr Chase WR Stefon Diggs WR Terry McLaurin,,Mark Andrews,TE,3.31%,10.9
70,5258890137,NIUDave85 (9/10),0,206.42,DST Panthers  FLEX Michael Mayer QB Josh Allen RB Jahmyr Gibbs RB Kenneth Walker III TE Dalton Schultz WR Ja'Marr Chase WR Stefon Diggs WR Terry McLaurin,,Chuba Hubbard,RB,3.30%,14.4
70,5258890138,NIUDave85 (10/10),0,206.42,DST Panthers  FLEX Michael Mayer QB Josh Allen RB Jahmyr Gibbs RB Kenneth Walker III TE Dalton Schultz WR Ja'Marr Chase WR Stefon Diggs WR Terry McLaurin,,Rome Odunze,WR,3.26%,7.3
80,5258323757,d00dy (17/20),0,206.22,DST Broncos  FLEX Kenneth Walker III QB C.J. Stroud RB Bijan Robinson RB James Cook III TE Dalton Schultz WR Amon-Ra St. Brown WR Davante Adams WR Xavier Hutchinson,,Matthew Stafford,QB,3.25%,30.98
81,5256675566,Deathflower74 (18/20),0,206.01999,DST Ravens  FLEX Dalton Schultz QB Josh Allen RB Jahmyr Gibbs RB Kenneth Walker III TE Dalton Kincaid WR Garrett Wilson WR Davante Adams WR Jayden Reed,,Jets ,DST,3.23%,6
82,5258683396,2briar (13/20),0,205.88,DST Cardinals  FLEX Travis Kelce QB Patrick Mahomes RB Christian McCaffrey RB Blake Corum TE Dalton Schultz WR Ja'Marr Chase WR DeVonta Smith WR Jaylen Waddle,,Lamar Jackson,QB,3.18%,15.8
83,5257090836,chi09,0,205.81999,DST Panthers  FLEX Devaughn Vele QB Josh Allen RB James Cook III RB Kenneth Walker III TE Dalton Kincaid WR Jaxon Smith-Njigba WR DJ Moore WR Kalif Raymond,,Baker Mayfield,QB,3.18%,13.18
84,5257420454,jrevelle3 (5/20),0,205.58002,DST Buccaneers  FLEX Travis Kelce QB Patrick Mahomes RB Bijan Robinson RB Kenneth Walker III TE Dalton Schultz WR Rashee Rice WR Davante Adams WR Rashod Bateman,,Isaiah Likely,FLEX,3.16%,8.3
85,5257274748,lilcharney81 (13/20),0,204.96,DST Titans  FLEX Kenneth Walker III QB Dak Prescott RB Bijan Robinson RB Aaron Jones Sr. TE Dalton Schultz WR CeeDee Lamb WR Davante Adams WR Terry McLaurin,,Rhamondre Stevenson,RB,3.10%,4.6
85,5257274742,lilcharney81 (7/20),0,204.95999,DST Panthers  FLEX Aaron Jones Sr. QB Dak Prescott RB Jahmyr Gibbs RB James Cook III TE Dalton Schultz WR George Pickens WR Davante Adams WR Terry McLaurin,,Tetairoa McMillan,WR,3.08%,18.1
87,5257591468,atong126 (12/20),0,204.78001,DST Falcons  FLEX Travis Kelce QB Patrick Mahomes RB Jahmyr Gibbs RB Kenneth Walker III TE Dalton Schultz WR Rashee Rice WR Davante Adams WR Matthew Golden,,Colston Loveland,TE,3.03%,1.3
87,5258759398,RobFlow (4/5),0,204.78,DST Chiefs  FLEX Darnell Mooney QB Matthew Stafford RB Jonathan Taylor RB Kenneth Walker III TE Dalton Kincaid WR Amon-Ra St. Brown WR Davante Adams WR Khalil Shakir,,Patriots ,DST,3.01%,21
89,5258640661,thez6268,0,204.62,DST Titans  FLEX Jake Ferguson QB Josh Allen RB James Cook III RB Cam Skattebo TE Dalton Kincaid WR Amon-Ra St. Brown WR Davante Adams WR DJ Moore,,Bryce Young,QB,3.01%,24.08
90,5257296815,LetEmKnow (6/20),0,204.28001,DST Titans  FLEX Isaiah Likely QB Patrick Mahomes RB Jahmyr Gibbs RB Kenneth Walker III TE Dalton Schultz WR Ja'Marr Chase WR Drake London WR Davante Adams,,Jayden Daniels,QB,2.99%,14.74
91,5258094489,HurricaneCal (14/20),0,203.78,DST Jaguars  FLEX Travis Kelce QB Brock Purdy RB Christian McCaffrey RB Jonathan Taylor TE Dalton Schultz WR Jaxon Smith-Njigba WR Ladd McConkey WR Devaughn Vele,,Trevor Lawrence,QB,2.88%,7.16
92,5256675568,Deathflower74 (20/20),0,203.66,DST Browns  FLEX Kenneth Walker III QB Dak Prescott RB Bijan Robinson RB Aaron Jones Sr. TE Dalton Schultz WR CeeDee Lamb WR Davante Adams WR DK Metcalf,,Chris Olave,WR,2.86%,22.6
93,5257274744,lilcharney81 (9/20),0,203.37999,DST Panthers  FLEX Jonathan Taylor QB Patrick Mahomes RB Jahmyr Gibbs RB Javonte Williams TE Dalton Schultz WR Davante Adams WR DJ Moore WR Xavier Worthy,,Antonio Williams,WR,2.84%,5.4
94,5256636652,jdmarc (8/20),0,203.31999,DST Ravens  FLEX Kenneth Walker III QB Josh Allen RB Jahmyr Gibbs RB Derrick Henry TE Dalton Schultz WR Davante Adams WR Xavier Worthy WR Xavier Hutchinson,,Dalton Schultz,FLEX,2.81%,29
94,5257619031,charlesrayallday (6/10),0,203.31999,DST Patriots  FLEX Jahmyr Gibbs QB Josh Allen RB Kenneth Walker III RB Aaron Jones Sr. TE Dalton Schultz WR Amon-Ra St. Brown WR Khalil Shakir WR Caleb Douglas,,DeVonta Smith,WR,2.78%,30.7
96,5256675564,Deathflower74 (16/20),0,203.27998,DST Buccaneers  FLEX Kenneth Walker III QB Patrick Mahomes RB James Cook III RB Aaron Jones Sr. TE Mark Andrews WR Amon-Ra St. Brown WR Davante Adams WR Xavier Worthy,,Xavier Hutchinson,WR,2.78%,6.7
97,5258399837,Itzpcraft (8/20),0,203.08,DST Jets  FLEX Travis Kelce QB Patrick Mahomes RB Omarion Hampton RB Kenneth Walker III TE Colston Loveland WR Jaxon Smith-Njigba WR Davante Adams WR Quentin Johnston,,Browns ,DST,2.72%,6
98,5258234572,LOCNOTM (14/20),0,202.72,DST Broncos  FLEX Kenneth Walker III QB Josh Allen RB Derrick Henry RB Chuba Hubbard TE Dalton Schultz WR Drake London WR Davante Adams WR Jalen Coker,,Chargers ,DST,2.69%,4
99,5256675562,Deathflower74 (14/20),0,202.52,DST Texans  FLEX Kenneth Walker III QB Josh Allen RB James Cook III RB Aaron Jones Sr. TE Dalton Kincaid WR Garrett Wilson WR Davante Adams WR Matthew Golden,,Puka Nacua,WR,2.67%,0
100,5256698901,abeckham,0,202.48,DST Chargers  FLEX Davante Adams QB Jared Goff RB James Cook III RB Aaron Jones Sr. TE Dalton Schultz WR Amon-Ra St. Brown WR Garrett Wilson WR DeMario Douglas,,DeMario Douglas,WR,2.59%,1.9
100,5258643425,Lujack43 (12/20),0,202.48,DST Vikings  FLEX James Cook III QB Jared Goff RB Jahmyr Gibbs RB Kenneth Walker III TE Dalton Kincaid WR Amon-Ra St. Brown WR Joshua Palmer WR Xavier Hutchinson,,D'Andre Swift,RB,2.59%,13.9
102,5258159539,Satch65 (1/20),0,202.02,DST Cardinals  FLEX Davante Adams QB Josh Allen RB Kenneth Walker III RB Javonte Williams TE Dalton Schultz WR CeeDee Lamb WR Khalil Shakir WR Roman Wilson,,Titans ,DST,2.59%,7
103,5256633738,mld2010 (8/20),0,201.98001,DST Seahawks  FLEX Travis Kelce QB Patrick Mahomes RB Jahmyr Gibbs RB Aaron Jones Sr. TE Dalton Schultz WR Ja'Marr Chase WR Jaylen Waddle WR Parker Washington,,Michael Mayer,FLEX,2.56%,5.3
104,5256732250,cw1tt (11/20),0,201.87999,DST Panthers  FLEX Jonathan Taylor QB Brock Purdy RB Rhamondre Stevenson RB Aaron Jones Sr. TE George Kittle WR Amon-Ra St. Brown WR Davante Adams WR Jayden Reed,,Jordan Love,QB,2.56%,13.8
105,5258438055,HakeemTheDream (14/20),0,201.81999,DST Jets  FLEX Dalton Schultz QB Josh Allen RB Jahmyr Gibbs RB James Cook III TE Dalton Kincaid WR Amon-Ra St. Brown WR DK Metcalf WR Devaughn Vele,,T.J. Hockenson,TE,2.35%,5.9
106,5257939198,Sammy.Boy (1/20),0,201.68,DST Rams  FLEX Mark Andrews QB Jared Goff RB Kenneth Walker III RB Kyren Williams TE Dalton Schultz WR Amon-Ra St. Brown WR Ja'Marr Chase WR Matthew Golden,,Trey McBride,TE,2.35%,18.1
107,5256636657,jdmarc (13/20),0,201.62,DST Panthers  FLEX Michael Mayer QB Josh Allen RB Jahmyr Gibbs RB Javonte Williams TE Dalton Schultz WR George Pickens WR Garrett Wilson WR Davante Adams,,Jonathan Taylor,RB,2.32%,29.2
108,5258262094,DomingoSalvajeS (17/20),0,201.51999,DST Panthers  FLEX Dalton Schultz QB Josh Allen RB Jahmyr Gibbs RB Kenneth Walker III TE Dalton Kincaid WR Ja'Marr Chase WR DJ Moore WR Xavier Hutchinson,,Jalen Hurts,QB,2.30%,18.16
109,5258065653,westh8bamix (9/20),0,201.48,DST Giants  FLEX Kenneth Walker III QB Brock Purdy RB Christian McCaffrey RB Javonte Williams TE Dalton Schultz WR Amon-Ra St. Brown WR Davante Adams WR DeMario Douglas,,Javonte Williams,FLEX,2.30%,8
110,5257296819,LetEmKnow (10/20),0,201.38,DST Rams  FLEX Travis Kelce QB Patrick Mahomes RB James Cook III RB Aaron Jones Sr. TE Sam LaPorta WR Ja'Marr Chase WR Davante Adams WR DK Metcalf,,Rashod Bateman,WR,2.25%,21.8
111,5256633743,mld2010 (13/20),0,201.18001,DST Panthers  FLEX Kenneth Walker III QB Brock Purdy RB Christian McCaffrey RB Chuba Hubbard TE George Kittle WR Davante Adams WR Jalen Coker WR Roman Wilson,,Chris Godwin Jr.,WR,2.15%,8.8
112,5257107427,kojo3 (6/20),0,201.06,DST Raiders  FLEX Dalton Schultz QB Dak Prescott RB Christian McCaffrey RB Kenneth Walker III TE Mark Andrews WR CeeDee Lamb WR George Pickens WR Stefon Diggs,,Bengals ,DST,2.15%,11
113,5258711332,acg114,0,200.98001,DST Panthers  FLEX Breece Hall QB Bryce Young RB Derrick Henry RB Kenneth Walker III TE Dalton Schultz WR CeeDee Lamb WR Emeka Egbuka WR Jalen Coker,,Tyler Shough,QB,2.14%,22.38
114,5257618914,charlesrayallday (1/10),0,200.81999,DST Bengals  FLEX Jahmyr Gibbs QB Josh Allen RB Kenneth Walker III RB Aaron Jones Sr. TE Dalton Schultz WR Amon-Ra St. Brown WR Khalil Shakir WR Devaughn Vele,,Drake London,WR,2.12%,8.9
115,5257296813,LetEmKnow (4/20),0,200.28,DST 49ers  FLEX Kenneth Walker III QB Brock Purdy RB Christian McCaffrey RB James Cook III TE Travis Kelce WR Davante Adams WR Xavier Worthy WR Demarcus Robinson,,Jahmyr Gibbs,FLEX,2.09%,23.3
116,5258234568,LOCNOTM (10/20),0,199.92,DST Raiders  FLEX Derrick Henry QB Josh Allen RB Jahmyr Gibbs RB James Cook III TE Dalton Schultz WR Davante Adams WR Khalil Shakir WR Caleb Douglas,,Dalton Kincaid,FLEX,2.07%,22.5
117,5258307598,Dthomas0428 (8/9),0,199.81999,DST Broncos  FLEX Dalton Kincaid QB Josh Allen RB Jahmyr Gibbs RB Kenneth Walker III TE Dalton Schultz WR Davante Adams WR DJ Moore WR Terry McLaurin,,Raiders ,DST,2.04%,12
118,5258072503,DraftKingsEAD (5/20),0,199.78,DST Steelers  FLEX Dalton Schultz QB Joe Burrow RB James Cook III RB Kenneth Walker III TE Sam LaPorta WR Jaxon Smith-Njigba WR Ja'Marr Chase WR Xavier Hutchinson,,Aaron Jones Sr.,FLEX,2.00%,13.5
119,5256744215,Astros7,0,199.72002,DST Patriots  FLEX David Montgomery QB Josh Allen RB James Cook III RB Kenneth Walker III TE Jake Ferguson WR Davante Adams WR Deebo Samuel Sr. WR Xavier Worthy,,Kenyon Sadiq,TE,1.95%,3.7
120,5257144808,mittigc38,0,199.61998,DST Jets  FLEX David Njoku QB Josh Allen RB Kenneth Walker III RB Breece Hall TE Evan Engram WR Amon-Ra St. Brown WR Ja'Marr Chase WR Davante Adams,,Evan Engram,TE,1.93%,2.7
121,5258705533,ghsfy53 (17/20),0,199.56,DST Panthers  FLEX CeeDee Lamb QB Dak Prescott RB Breece Hall RB Chuba Hubbard TE Dalton Schultz WR Ja'Marr Chase WR George Pickens WR Devaughn Vele,,Tucker Kraft,TE,1.92%,3.5
122,5258323753,d00dy (13/20),0,199.51999,DST Broncos  FLEX Dalton Schultz QB Josh Allen RB Jahmyr Gibbs RB Kenneth Walker III TE Dalton Kincaid WR Davante Adams WR DJ Moore WR DK Metcalf,,Jadarian Price,RB,1.90%,6
123,5257533908,charityball (1/2),0,198.87999,DST Rams  FLEX Harold Fannin Jr. QB Matthew Stafford RB Derrick Henry RB Kenneth Walker III TE Travis Kelce WR Jaxon Smith-Njigba WR Stefon Diggs WR DK Metcalf,,Kyren Williams,FLEX,1.90%,16.7
124,5258008747,Danny_9114 (10/20),0,198.86,DST Broncos  FLEX Dalton Schultz QB Dak Prescott RB Bijan Robinson RB Kenneth Walker III TE Harold Fannin Jr. WR Amon-Ra St. Brown WR CeeDee Lamb WR Ryan Flournoy,,Ashton Jeanty,FLEX,1.87%,10.3
125,5258169416,joe_mac10,0,198.61998,DST Browns  FLEX Kenneth Walker III QB Josh Allen RB Jahmyr Gibbs RB James Cook III TE Dalton Schultz WR Amon-Ra St. Brown WR Malik Washington WR DeMario Douglas,,Bills ,DST,1.85%,3
125,5258206696,jpm_joshua2002,0,198.61998,DST Browns  FLEX Kenneth Walker III QB Josh Allen RB Jahmyr Gibbs RB James Cook III TE Dalton Schultz WR Amon-Ra St. Brown WR Malik Washington WR DeMario Douglas,,Demarcus Robinson,WR,1.85%,6.4
127,5258094412,HurricaneCal (11/20),0,198.21999,DST Panthers  FLEX T.J. Hockenson QB Carson Wentz RB Ashton Jeanty RB Aaron Jones Sr. TE Sam LaPorta WR Amon-Ra St. Brown WR CeeDee Lamb WR Davante Adams,,Dolphins ,DST,1.85%,-4
128,5256636645,jdmarc (1/20),0,198.12,DST Buccaneers  FLEX Kenneth Walker III QB Josh Allen RB Jahmyr Gibbs RB Aaron Jones Sr. TE Dalton Schultz WR Davante Adams WR DK Metcalf WR Xavier Worthy,,Jake Ferguson,TE,1.83%,20.3
129,5258194877,Stree (7/20),0,197.95999,DST Ravens  FLEX Davante Adams QB Dak Prescott RB Kenneth Walker III RB Aaron Jones Sr. TE Mark Andrews WR Ja'Marr Chase WR CeeDee Lamb WR Xavier Hutchinson,,Juwan Johnson,TE,1.80%,10.6
130,5256732252,cw1tt (13/20),0,197.66,DST Seahawks  FLEX Michael Mayer QB Trevor Lawrence RB James Cook III RB Kenneth Walker III TE Dalton Schultz WR Amon-Ra St. Brown WR Parker Washington WR Davante Adams,,Jayden Reed,WR,1.80%,1.4
131,5258072507,DraftKingsEAD (9/20),0,197.58,DST Browns  FLEX Evan Engram QB Matthew Stafford RB Jahmyr Gibbs RB Kenneth Walker III TE Dalton Schultz WR Ja'Marr Chase WR Davante Adams WR Matthew Golden,,Christian McCaffrey,FLEX,1.78%,22.6
132,5258064588,mustangs2015 (12/20),0,197.38,DST Panthers  FLEX Kyren Williams QB Patrick Mahomes RB Kenneth Walker III RB Chuba Hubbard TE Juwan Johnson WR Ja'Marr Chase WR Chris Olave WR Rashod Bateman,,Tee Higgins,WR,1.78%,14.5
133,5258024136,clipschutz (19/20),0,197.27998,DST Patriots  FLEX Mark Andrews QB Tyler Shough RB James Cook III RB Kenneth Walker III TE Sam LaPorta WR Chris Olave WR George Pickens WR Davante Adams,,Jacory Croskey-Merritt,RB,1.72%,5.8
134,5256633734,mld2010 (4/20),0,197.18,DST Patriots  FLEX Davante Adams QB Matthew Stafford RB Derrick Henry RB Kenneth Walker III TE Isaiah Likely WR Amon-Ra St. Brown WR Matthew Golden WR DeMario Douglas,,Travis Kelce,FLEX,1.68%,28.1
135,5257944936,bmendy (4/20),0,196.78001,DST Panthers  FLEX Kyren Williams QB Patrick Mahomes RB Derrick Henry RB Jaylen Warren TE Travis Kelce WR Jaxon Smith-Njigba WR Deebo Samuel Sr. WR Jalen Coker,,Bucky Irving,FLEX,1.68%,13
135,5258288051,rsumrall (19/20),0,196.78,DST Panthers  FLEX George Kittle QB Brock Purdy RB Christian McCaffrey RB Kenneth Walker III TE Sam LaPorta WR Justin Jefferson WR Davante Adams WR Kayshon Boutte,,Bhayshul Tuten,RB,1.61%,14.2
137,5256675558,Deathflower74 (10/20),0,196.62,DST Titans  FLEX Kenneth Walker III QB Josh Allen RB Jahmyr Gibbs RB Aaron Jones Sr. TE Dalton Kincaid WR Davante Adams WR DK Metcalf WR Xavier Worthy,,Dallas Goedert,FLEX,1.58%,1.4
137,5257694112,dmn1169,0,196.62,DST Steelers  FLEX Dalton Kincaid QB Josh Allen RB Jahmyr Gibbs RB James Cook III TE Sam LaPorta WR Amon-Ra St. Brown WR Devaughn Vele WR Joshua Palmer,,Texans ,DST,1.51%,6
139,5256576890,TruBluRasta (8/11),0,196.38,DST Saints  FLEX George Kittle QB Brock Purdy RB Jahmyr Gibbs RB Kenneth Walker III TE Mike Gesicki WR Jaxon Smith-Njigba WR Davante Adams WR Mack Hollins,,Justin Herbert,QB,1.51%,9.88
139,5258064593,mustangs2015 (17/20),0,196.38,DST Jaguars  FLEX Colby Parkinson QB Matthew Stafford RB James Cook III RB Chuba Hubbard TE Dalton Schultz WR Ja'Marr Chase WR Chris Olave WR Davante Adams,,Mack Hollins,WR,1.46%,3.8
139,5258705530,ghsfy53 (14/20),0,196.38,DST 49ers  FLEX Travis Kelce QB Patrick Mahomes RB Kenneth Walker III RB Javonte Williams TE Dalton Schultz WR Justin Jefferson WR Davante Adams WR Xavier Worthy,,David Njoku,TE,1.46%,1.9
142,5257107384,pat_the_hat2 (13/20),0,196.18001,DST Jaguars  FLEX Travis Kelce QB Patrick Mahomes RB Christian McCaffrey RB James Cook III TE Dalton Kincaid WR CeeDee Lamb WR Rashee Rice WR Xavier Worthy,,Bears ,DST,1.45%,7
143,5258198834,aquafinatim (3/20),0,196.05998,DST Browns  FLEX T.J. Hockenson QB Dak Prescott RB Derrick Henry RB Kenneth Walker III TE Pat Freiermuth WR CeeDee Lamb WR Davante Adams WR Stefon Diggs,,J.K. Dobbins,RB,1.41%,3.6
144,5257107390,pat_the_hat2 (19/20),0,195.88,DST Broncos  FLEX Kyren Williams QB Patrick Mahomes RB Christian McCaffrey RB Kenneth Walker III TE Travis Kelce WR Rashee Rice WR Davante Adams WR Rashid Shaheed,,Travis Etienne Jr.,RB,1.38%,7.1
145,5256743715,paintgirl (17/20),0,195.78,DST Titans  FLEX Kenneth Walker III QB Patrick Mahomes RB Bijan Robinson RB James Cook III TE Dalton Schultz WR Parker Washington WR Davante Adams WR Kayshon Boutte,,Kendrick Bourne,WR,1.36%,3.1
145,5258376727,thill9 (5/9),0,195.78,DST Raiders  FLEX Dontayvion Wicks QB Tyler Shough RB Breece Hall RB Aaron Jones Sr. TE Dalton Schultz WR Jaxon Smith-Njigba WR Justin Jefferson WR CeeDee Lamb,,George Kittle,TE,1.33%,18
147,5258262085,DomingoSalvajeS (8/20),0,195.68,DST Chiefs  FLEX Kenneth Walker III QB Matthew Stafford RB James Cook III RB Javonte Williams TE Dalton Schultz WR Garrett Wilson WR Parker Washington WR Davante Adams,,KC Concepcion Jr.,WR,1.33%,8.2
148,5258859506,Hucher (4/4),0,195.62001,DST Panthers  FLEX Aaron Jones Sr. QB Josh Allen RB Christian McCaffrey RB Kenneth Walker III TE Dalton Kincaid WR DJ Moore WR Stefon Diggs WR Rashod Bateman,,Kayshon Boutte,WR,1.31%,6.7
149,5257107385,pat_the_hat2 (14/20),0,195.58,DST Broncos  FLEX Isaiah Likely QB Patrick Mahomes RB Derrick Henry RB Kenneth Walker III TE Colston Loveland WR Jaxon Smith-Njigba WR Davante Adams WR Xavier Worthy,,David Montgomery,FLEX,1.30%,4.4
150,5257747396,F___thejets (12/19),0,195.38,DST Panthers  FLEX Ashton Jeanty QB Matthew Stafford RB Derrick Henry RB Chuba Hubbard TE Dalton Schultz WR George Pickens WR Tee Higgins WR Davante Adams,,Omarion Hampton,RB,1.30%,18.5
151,5258540533,BKShockers (4/20),0,195.31999,DST Panthers  FLEX Mark Andrews QB Josh Allen RB Jonathan Taylor RB Javonte Williams TE Dalton Schultz WR Ja'Marr Chase WR Tetairoa McMillan WR Khalil Shakir,,Romeo Doubs,WR,1.24%,12.6
152,5257939214,Sammy.Boy (17/20),0,195.28,DST Jaguars  FLEX Terrance Ferguson QB Matthew Stafford RB Bijan Robinson RB Jonathan Taylor TE Isaiah Likely WR Amon-Ra St. Brown WR Davante Adams WR Jalen Coker,,Sam LaPorta,FLEX,1.21%,17.2
152,5258399830,Itzpcraft (1/20),0,195.28,DST Titans  FLEX Kenneth Walker III QB Brock Purdy RB Christian McCaffrey RB Javonte Williams TE Dalton Schultz WR Amon-Ra St. Brown WR Stefon Diggs WR Xavier Worthy,,Chase Brown,RB,1.19%,11.2
154,5257295248,Rusty_Trombone (12/20),0,195.18001,DST Seahawks  FLEX Isaiah Likely QB Patrick Mahomes RB Bijan Robinson RB Aaron Jones Sr. TE Travis Kelce WR Amon-Ra St. Brown WR Davante Adams WR Xavier Worthy,,Rams ,DST,1.18%,11
155,5257290413,MinnesotaManiac (5/9),0,195.12,DST Vikings  FLEX Omarion Hampton QB Josh Allen RB Kenneth Walker III RB David Montgomery TE Travis Kelce WR CeeDee Lamb WR Matthew Golden WR Devaughn Vele,,Mark Andrews,FLEX,1.16%,10.9
156,5256675550,Deathflower74 (2/20),0,194.98,DST Bears  FLEX Kenneth Walker III QB Patrick Mahomes RB Jahmyr Gibbs RB Bijan Robinson TE Dalton Schultz WR Davante Adams WR Matthew Golden WR Xavier Worthy,,Joshua Palmer,WR,1.16%,11.3
157,5256520849,JPLosman0711 (3/20),0,194.91998,DST Panthers  FLEX Caleb Douglas QB Josh Allen RB Jahmyr Gibbs RB James Cook III TE Dalton Schultz WR CeeDee Lamb WR DJ Moore WR Matthew Golden,,Tyler Warren,TE,1.16%,14.4
157,5258234576,LOCNOTM (18/20),0,194.91998,DST Panthers  FLEX Mark Andrews QB Josh Allen RB Kenneth Walker III RB Javonte Williams TE Dalton Kincaid WR Amon-Ra St. Brown WR DJ Moore WR Rashod Bateman,,De'Von Achane,RB,1.14%,12.3
159,5257266855,erbear17 (18/20),0,194.87999,DST Panthers  FLEX Quentin Johnston QB Bryce Young RB Christian McCaffrey RB James Cook III TE Dalton Schultz WR Amon-Ra St. Brown WR Christian Watson WR Jalen Coker,,Jonathan Taylor,FLEX,1.14%,29.2
160,5257758685,njmike75 (7/7),0,194.82,DST Cardinals  FLEX George Kittle QB Josh Allen RB James Cook III RB Chuba Hubbard TE Sam LaPorta WR DeVonta Smith WR Davante Adams WR Jameson Williams,,C.J. Stroud,QB,1.09%,20.02
161,5256488417,miab377 (7/9),0,194.68,DST Rams  FLEX Jaxon Smith-Njigba QB Matthew Stafford RB Kenneth Walker III RB Kyren Williams TE Cade Otton WR Davante Adams WR Dontayvion Wicks WR Odell Beckham Jr.,,Davante Adams,FLEX,1.09%,42.5
162,5257939200,Sammy.Boy (3/20),0,194.65999,DST Panthers  FLEX Stefon Diggs QB Dak Prescott RB Derrick Henry RB Kenneth Walker III TE Terrance Ferguson WR CeeDee Lamb WR George Pickens WR Terry McLaurin,,Pat Bryant,WR,1.08%,1.6
163,5257613275,Knights90 (2/3),0,194.62,DST Panthers  FLEX George Kittle QB Kirk Cousins RB Jahmyr Gibbs RB Kenneth Walker III TE Dalton Kincaid WR Amon-Ra St. Brown WR Chris Godwin Jr. WR Matthew Golden,,Brenton Strange,TE,1.08%,3.7
163,5257747399,F___thejets (15/19),0,194.62,DST Jaguars  FLEX Kenneth Walker III QB Josh Allen RB Jahmyr Gibbs RB Aaron Jones Sr. TE Dalton Kincaid WR Amon-Ra St. Brown WR Rashod Bateman WR Ted Hurst III,,Michael Wilson,WR,1.06%,3.8
165,5258072517,DraftKingsEAD (19/20),0,194.48,DST Broncos  FLEX Dalton Schultz QB Brock Purdy RB Bijan Robinson RB Kenneth Walker III TE Sam LaPorta WR Jaxon Smith-Njigba WR Stefon Diggs WR DK Metcalf,,Joe Burrow,QB,1.04%,16.18
166,5257296812,LetEmKnow (3/20),0,194.42,DST Titans  FLEX Dalton Schultz QB C.J. Stroud RB Bijan Robinson RB Christian McCaffrey TE Sam LaPorta WR CeeDee Lamb WR Davante Adams WR Xavier Hutchinson,,Pat Freiermuth,TE,0.99%,7.4
167,5258363537,SpeedRacer101 (12/20),0,194.22,DST Titans  FLEX Michael Mayer QB Carson Wentz RB James Cook III RB Kenneth Walker III TE T.J. Hockenson WR Amon-Ra St. Brown WR CeeDee Lamb WR Davante Adams,,Jalen Coker,FLEX,0.99%,14.6
167,5258684505,POLQWS,0,194.22,DST Broncos  FLEX Dalton Schultz QB Josh Allen RB Jahmyr Gibbs RB Ashton Jeanty TE Dalton Kincaid WR Amon-Ra St. Brown WR Matthew Golden WR Keon Coleman,,Jordan Addison,WR,0.96%,4.1
169,5257102626,TOOKIEMCGEE75,0,193.98001,DST Falcons  FLEX Rashee Rice QB Patrick Mahomes RB Kenneth Walker III RB Jadarian Price TE Travis Kelce WR CeeDee Lamb WR Davante Adams WR Terry McLaurin,,Falcons ,DST,0.96%,1
170,5258881299,spankjohnson88 (13/20),0,193.81999,DST Browns  FLEX Kenneth Walker III QB Josh Allen RB Jahmyr Gibbs RB Aaron Jones Sr. TE Dalton Schultz WR Jaxon Smith-Njigba WR Terry McLaurin WR DeMario Douglas,,Evan Engram,FLEX,0.96%,2.7
171,5257578410,Kingvisions,0,193.8,DST Panthers  FLEX Davante Adams QB Jaxson Dart RB Derrick Henry RB Cam Skattebo TE Isaiah Likely WR Jaxon Smith-Njigba WR Stefon Diggs WR Rashod Bateman,,Cade Otton,TE,0.96%,8.8
172,5258096255,tbjones2121 (19/20),0,193.78,DST Panthers  FLEX Javonte Williams QB Brock Purdy RB Derrick Henry RB Aaron Jones Sr. TE Michael Mayer WR Jaxon Smith-Njigba WR Davante Adams WR Khalil Shakir,,Chuba Hubbard,FLEX,0.96%,14.4
173,5256599645,newguy2015 (3/20),0,193.68,DST Patriots  FLEX Dalton Schultz QB Jared Goff RB Jahmyr Gibbs RB James Cook III TE Dalton Kincaid WR Amon-Ra St. Brown WR DJ Moore WR Kendrick Bourne,,Drake Maye,QB,0.94%,9.02
174,5258540541,BKShockers (12/20),0,193.66,DST Panthers  FLEX Kenneth Walker III QB Dak Prescott RB James Cook III RB Javonte Williams TE Jake Ferguson WR CeeDee Lamb WR Parker Washington WR Mack Hollins,,Saquon Barkley,FLEX,0.94%,3
175,5256675549,Deathflower74 (1/20),0,193.62,DST Broncos  FLEX Kenneth Walker III QB Josh Allen RB Jahmyr Gibbs RB Aaron Jones Sr. TE Dalton Schultz WR Davante Adams WR DJ Moore WR Matthew Golden,,James Cook III,FLEX,0.94%,23.9
175,5257368937,YoMr_757 (1/20),0,193.62,DST Broncos  FLEX Kenneth Walker III QB Josh Allen RB Jahmyr Gibbs RB Aaron Jones Sr. TE Dalton Schultz WR Davante Adams WR DJ Moore WR Matthew Golden,,Devaughn Vele,FLEX,0.91%,11.4
175,5257368938,YoMr_757 (2/20),0,193.62,DST Broncos  FLEX Kenneth Walker III QB Josh Allen RB Jahmyr Gibbs RB Aaron Jones Sr. TE Dalton Schultz WR Davante Adams WR DJ Moore WR Matthew Golden,,Cam Skattebo,FLEX,0.91%,9.5
175,5257368939,YoMr_757 (3/20),0,193.62,DST Broncos  FLEX Kenneth Walker III QB Josh Allen RB Jahmyr Gibbs RB Aaron Jones Sr. TE Dalton Schultz WR Davante Adams WR DJ Moore WR Matthew Golden,,Ladd McConkey,WR,0.89%,6.5
175,5257368940,YoMr_757 (4/20),0,193.62,DST Broncos  FLEX Kenneth Walker III QB Josh Allen RB Jahmyr Gibbs RB Aaron Jones Sr. TE Dalton Schultz WR Davante Adams WR DJ Moore WR Matthew Golden,,DJ Moore,FLEX,0.89%,-0.1
175,5257368941,YoMr_757 (5/20),0,193.62,DST Broncos  FLEX Kenneth Walker III QB Josh Allen RB Jahmyr Gibbs RB Aaron Jones Sr. TE Dalton Schultz WR Davante Adams WR DJ Moore WR Matthew Golden,,Matthew Golden,FLEX,0.89%,9.8
175,5257368942,YoMr_757 (6/20),0,193.62,DST Broncos  FLEX Kenneth Walker III QB Josh Allen RB Jahmyr Gibbs RB Aaron Jones Sr. TE Dalton Schultz WR Davante Adams WR DJ Moore WR Matthew Golden,,Hunter Henry,TE,0.87%,7
175,5257368943,YoMr_757 (7/20),0,193.62,DST Broncos  FLEX Kenneth Walker III QB Josh Allen RB Jahmyr Gibbs RB Aaron Jones Sr. TE Dalton Schultz WR Davante Adams WR DJ Moore WR Matthew Golden,,Malik Washington,WR,0.87%,8.7
175,5257368944,YoMr_757 (8/20),0,193.62,DST Broncos  FLEX Kenneth Walker III QB Josh Allen RB Jahmyr Gibbs RB Aaron Jones Sr. TE Dalton Schultz WR Davante Adams WR DJ Moore WR Matthew Golden,,Roman Wilson,WR,0.86%,7.8
175,5257368945,YoMr_757 (9/20),0,193.62,DST Broncos  FLEX Kenneth Walker III QB Josh Allen RB Jahmyr Gibbs RB Aaron Jones Sr. TE Dalton Schultz WR Davante Adams WR DJ Moore WR Matthew Golden,,Mike Gesicki,FLEX,0.86%,0
175,5257368946,YoMr_757 (10/20),0,193.62,DST Broncos  FLEX Kenneth Walker III QB Josh Allen RB Jahmyr Gibbs RB Aaron Jones Sr. TE Dalton Schultz WR Davante Adams WR DJ Moore WR Matthew Golden,,Drew Lock,QB,0.86%,21.4
175,5257368947,YoMr_757 (11/20),0,193.62,DST Broncos  FLEX Kenneth Walker III QB Josh Allen RB Jahmyr Gibbs RB Aaron Jones Sr. TE Dalton Schultz WR Davante Adams WR DJ Moore WR Matthew Golden,,Kyle Monangai,RB,0.84%,7.8
175,5257368948,YoMr_757 (12/20),0,193.62,DST Broncos  FLEX Kenneth Walker III QB Josh Allen RB Jahmyr Gibbs RB Aaron Jones Sr. TE Dalton Schultz WR Davante Adams WR DJ Moore WR Matthew Golden,,Kaelon Black,RB,0.84%,2.5
175,5257368949,YoMr_757 (13/20),0,193.62,DST Broncos  FLEX Kenneth Walker III QB Josh Allen RB Jahmyr Gibbs RB Aaron Jones Sr. TE Dalton Schultz WR Davante Adams WR DJ Moore WR Matthew Golden,,Jaylen Waddle,WR,0.82%,24.8
175,5257368950,YoMr_757 (14/20),0,193.62,DST Broncos  FLEX Kenneth Walker III QB Josh Allen RB Jahmyr Gibbs RB Aaron Jones Sr. TE Dalton Schultz WR Davante Adams WR DJ Moore WR Matthew Golden,,D'Andre Swift,FLEX,0.82%,13.9
175,5257368951,YoMr_757 (15/20),0,193.62,DST Broncos  FLEX Kenneth Walker III QB Josh Allen RB Jahmyr Gibbs RB Aaron Jones Sr. TE Dalton Schultz WR Davante Adams WR DJ Moore WR Matthew Golden,,Keenan Allen,WR,0.82%,1.5
175,5257368952,YoMr_757 (16/20),0,193.62,DST Broncos  FLEX Kenneth Walker III QB Josh Allen RB Jahmyr Gibbs RB Aaron Jones Sr. TE Dalton Schultz WR Davante Adams WR DJ Moore WR Matthew Golden,,Harold Fannin Jr.,TE,0.82%,10.4
175,5257368953,YoMr_757 (17/20),0,193.62,DST Broncos  FLEX Kenneth Walker III QB Josh Allen RB Jahmyr Gibbs RB Aaron Jones Sr. TE Dalton Schultz WR Davante Adams WR DJ Moore WR Matthew Golden,,Ryan Flournoy,WR,0.81%,7.3
175,5257368954,YoMr_757 (18/20),0,193.62,DST Broncos  FLEX Kenneth Walker III QB Josh Allen RB Jahmyr Gibbs RB Aaron Jones Sr. TE Dalton Schultz WR Davante Adams WR DJ Moore WR Matthew Golden,,Breece Hall,FLEX,0.81%,14.2
175,5257368955,YoMr_757 (19/20),0,193.62,DST Broncos  FLEX Kenneth Walker III QB Josh Allen RB Jahmyr Gibbs RB Aaron Jones Sr. TE Dalton Schultz WR Davante Adams WR DJ Moore WR Matthew Golden,,Cole Kmet,TE,0.81%,0
175,5257368956,YoMr_757 (20/20),0,193.62,DST Broncos  FLEX Kenneth Walker III QB Josh Allen RB Jahmyr Gibbs RB Aaron Jones Sr. TE Dalton Schultz WR Davante Adams WR DJ Moore WR Matthew Golden,,Deebo Samuel Sr.,FLEX,0.81%,6.5
175,5258804455,Sofisa1314,0,193.62,DST Broncos  FLEX Kenneth Walker III QB Josh Allen RB Jahmyr Gibbs RB Aaron Jones Sr. TE Dalton Schultz WR Davante Adams WR DJ Moore WR Matthew Golden,,Adonai Mitchell,WR,0.77%,12.3
197,5257147180,hiteofbob (16/20),0,193.58,DST Patriots  FLEX CeeDee Lamb QB Matthew Stafford RB Omarion Hampton RB TreVeyon Henderson TE Dalton Schultz WR DeVonta Smith WR Luther Burden III WR Jameson Williams,,Colts ,DST,0.77%,1
198,5258349927,BaseballBooth,0,193.42,DST Steelers  FLEX Dalton Schultz QB Josh Allen RB Jahmyr Gibbs RB James Cook III TE Dalton Kincaid WR Amon-Ra St. Brown WR DJ Moore WR Roman Wilson,,Cowboys ,DST,0.77%,3
198,5256636653,jdmarc (9/20),0,193.41998,DST Buccaneers  FLEX Dalton Schultz QB Josh Allen RB Jahmyr Gibbs RB Kenneth Walker III TE Mark Andrews WR Garrett Wilson WR Davante Adams WR Jayden Reed,,Rhamondre Stevenson,FLEX,0.77%,4.6
200,5257420466,jrevelle3 (17/20),0,193.38,DST Cardinals  FLEX Michael Mayer QB Bryce Young RB Christian McCaffrey RB Kenneth Walker III TE Dalton Schultz WR Ja'Marr Chase WR Davante Adams WR Jalen Coker,,Colston Loveland,FLEX,0.77%,1.3
201,5256889625,Smilinjoe (10/15),0,193.18001,DST Bengals  FLEX Jaxon Smith-Njigba QB Bryce Young RB Kenneth Walker III RB Chuba Hubbard TE Juwan Johnson WR Amon-Ra St. Brown WR Tetairoa McMillan WR Jack Bech,,Jeremiyah Love,RB,0.76%,7.5
202,5256737264,cw1tt (20/20),0,193.12,DST Jets  FLEX Davante Adams QB C.J. Stroud RB Derrick Henry RB Chase Brown TE Dalton Schultz WR Jaxon Smith-Njigba WR Tee Higgins WR Kayshon Boutte,,Kalif Raymond,FLEX,0.74%,9
203,5257939208,Sammy.Boy (11/20),0,192.95999,DST Panthers  FLEX Kenneth Walker III QB Dak Prescott RB Derrick Henry RB Chuba Hubbard TE Terrance Ferguson WR CeeDee Lamb WR George Pickens WR Romeo Doubs,,Blake Corum,RB,0.74%,10.2
204,5258451807,Pbjsteelerz2012 (11/13),0,192.92001,DST Steelers  FLEX Kenneth Walker III QB Josh Allen RB Derrick Henry RB Aaron Jones Sr. TE Dalton Kincaid WR Davante Adams WR Deebo Samuel Sr. WR Jalen Coker,,Packers ,DST,0.72%,5
204,5256636648,jdmarc (4/20),0,192.92,DST Browns  FLEX Kenneth Walker III QB Josh Allen RB Jahmyr Gibbs RB Javonte Williams TE Dalton Schultz WR Davante Adams WR DK Metcalf WR Matthew Golden,,Jadarian Price,FLEX,0.72%,6
206,5258229294,Quake211 (19/20),0,192.81999,DST Browns  FLEX Dalton Schultz QB Josh Allen RB Jahmyr Gibbs RB Kenneth Walker III TE Dalton Kincaid WR Amon-Ra St. Brown WR DJ Moore WR Tre' Harris,,Jakobi Meyers,WR,0.72%,3.8
207,5256520852,JPLosman0711 (6/20),0,192.78,DST Patriots  FLEX Kyren Williams QB Matthew Stafford RB Jahmyr Gibbs RB Cam Skattebo TE Dalton Schultz WR George Pickens WR Davante Adams WR Matthew Golden,,Trey McBride,FLEX,0.72%,18.1
208,5258383755,reddevil22,0,192.72,DST Bengals  FLEX Jalen Coker QB Josh Allen RB James Cook III RB Aaron Jones Sr. TE Dalton Kincaid WR Amon-Ra St. Brown WR Deebo Samuel Sr. WR Stefon Diggs,,Nico Collins,WR,0.72%,0
209,5257939210,Sammy.Boy (13/20),0,192.62,DST Ravens  FLEX Colby Parkinson QB Josh Allen RB Jahmyr Gibbs RB Kenneth Walker III TE Dalton Kincaid WR Garrett Wilson WR Davante Adams WR Xavier Worthy,,Courtland Sutton,WR,0.69%,5.5
210,5258064582,mustangs2015 (6/20),0,192.56,DST Cardinals  FLEX Bijan Robinson QB Dak Prescott RB Jaylen Warren RB Aaron Jones Sr. TE Dalton Schultz WR CeeDee Lamb WR Garrett Wilson WR Davante Adams,,Kyle Pitts Sr.,TE,0.69%,2.5
211,5258881291,spankjohnson88 (5/20),0,192.51999,DST Ravens  FLEX Kenneth Walker III QB Josh Allen RB Jahmyr Gibbs RB Aaron Jones Sr. TE Dalton Schultz WR Jaxon Smith-Njigba WR Malik Washington WR DeMario Douglas,,Bo Nix,QB,0.69%,15.12
212,5258072516,DraftKingsEAD (18/20),0,192.48,DST 49ers  FLEX Michael Mayer QB Matthew Stafford RB James Cook III RB Aaron Jones Sr. TE Dalton Schultz WR Amon-Ra St. Brown WR Malik Nabers WR Davante Adams,,Christian Watson,FLEX,0.69%,14.1
213,5257103366,Zacklemore (20/20),0,192.37999,DST Titans  FLEX Ashton Jeanty QB Jared Goff RB James Cook III RB Aaron Jones Sr. TE Sam LaPorta WR Amon-Ra St. Brown WR Davante Adams WR Terry McLaurin,,Kyle Monangai,FLEX,0.67%,7.8
213,5257750689,njmike75 (2/7),0,192.37999,DST Packers  FLEX Sam LaPorta QB Patrick Mahomes RB James Cook III RB Chuba Hubbard TE Tyler Warren WR DeVonta Smith WR Rashee Rice WR Davante Adams,,Malachi Fields,WR,0.67%,5
215,5258024120,clipschutz (3/20),0,192.18001,DST Browns  FLEX George Kittle QB Brock Purdy RB Bijan Robinson RB James Cook III TE Dalton Schultz WR Ja'Marr Chase WR Davante Adams WR DK Metcalf,,Malik Nabers,FLEX,0.67%,1.1
216,5257591469,atong126 (13/20),0,192,DST Bears  FLEX Dalton Schultz QB Drew Lock RB Bijan Robinson RB Kenneth Walker III TE Dalton Kincaid WR Jaxon Smith-Njigba WR Christian Watson WR Jalen Coker,,Vikings ,DST,0.67%,17
217,5257884753,Anttwonn20 (20/20),0,191.92,DST Jaguars  FLEX Dalton Schultz QB Josh Allen RB Jahmyr Gibbs RB James Cook III TE Dalton Kincaid WR Amon-Ra St. Brown WR DJ Moore WR Joshua Palmer,,George Kittle,FLEX,0.67%,18
218,5257939211,Sammy.Boy (14/20),0,191.86,DST Cardinals  FLEX Kenneth Walker III QB Dak Prescott RB Derrick Henry RB Chuba Hubbard TE Terrance Ferguson WR Amon-Ra St. Brown WR CeeDee Lamb WR Ryan Flournoy,,TreVeyon Henderson,RB,0.67%,13.6
219,5258208752,JohnZaps (15/20),0,191.72,DST Patriots  FLEX Sam LaPorta QB Josh Allen RB Kenneth Walker III RB D'Andre Swift TE Dalton Kincaid WR Amon-Ra St. Brown WR DJ Moore WR Devaughn Vele,,Jaylen Warren,RB,0.66%,9.7
219,5258219490,JohnZaps (18/20),0,191.72,DST Patriots  FLEX Sam LaPorta QB Josh Allen RB Kenneth Walker III RB D'Andre Swift TE Dalton Kincaid WR Amon-Ra St. Brown WR DJ Moore WR Devaughn Vele,,Amon-Ra St. Brown,FLEX,0.64%,38.2
219,5258665638,JohnZaps (19/20),0,191.72,DST Patriots  FLEX Sam LaPorta QB Josh Allen RB Kenneth Walker III RB D'Andre Swift TE Dalton Kincaid WR Amon-Ra St. Brown WR DJ Moore WR Devaughn Vele,,Jacory Croskey-Merritt,FLEX,0.64%,5.8
222,5257274751,lilcharney81 (16/20),0,191.68001,DST Panthers  FLEX Kenneth Walker III QB Bryce Young RB Bijan Robinson RB Derrick Henry TE Dalton Schultz WR Davante Adams WR DJ Moore WR Jalen Coker,,Jaylin Noel,WR,0.62%,5.4
222,5257296820,LetEmKnow (11/20),0,191.68,DST Raiders  FLEX Kenneth Walker III QB Patrick Mahomes RB Derrick Henry RB Javonte Williams TE Dalton Schultz WR Rashee Rice WR Davante Adams WR Devaughn Vele,,Keon Coleman,WR,0.62%,12.3
224,5257103352,Zacklemore (6/20),0,191.65999,DST Jets  FLEX Dalton Schultz QB Dak Prescott RB Kenneth Walker III RB Javonte Williams TE T.J. Hockenson WR Jaxon Smith-Njigba WR CeeDee Lamb WR Quentin Johnston,,Alec Pierce,WR,0.62%,2.1
225,5257619054,charlesrayallday (8/10),0,191.58,DST Ravens  FLEX Jahmyr Gibbs QB Jared Goff RB James Cook III RB Kenneth Walker III TE Dalton Schultz WR Amon-Ra St. Brown WR Khalil Shakir WR Roman Wilson,,Justin Jefferson,FLEX,0.62%,8.5
225,5258138736,TwitterQueen (3/20),0,191.57999,DST Bears  FLEX Dalton Schultz QB Tyler Shough RB Jahmyr Gibbs RB Kenneth Walker III TE Mark Andrews WR Amon-Ra St. Brown WR Chris Olave WR Devaughn Vele,,Marvin Harrison Jr.,WR,0.62%,0
227,5257790003,pipolechap (2/20),0,191.51999,DST Buccaneers  FLEX Kenneth Walker III QB Josh Allen RB Jahmyr Gibbs RB Bhayshul Tuten TE Dalton Schultz WR Davante Adams WR Luther Burden III WR Xavier Hutchinson,,Dontayvion Wicks,FLEX,0.61%,12.4
227,5257790013,pipolechap (6/20),0,191.51999,DST Buccaneers  FLEX Kenneth Walker III QB Josh Allen RB Jahmyr Gibbs RB Bhayshul Tuten TE Dalton Schultz WR Davante Adams WR Luther Burden III WR Xavier Hutchinson,,Quinshon Judkins,RB,0.59%,9.8
227,5257790020,pipolechap (10/20),0,191.51999,DST Buccaneers  FLEX Kenneth Walker III QB Josh Allen RB Jahmyr Gibbs RB Bhayshul Tuten TE Dalton Schultz WR Davante Adams WR Luther Burden III WR Xavier Hutchinson,,Stefon Diggs,FLEX,0.59%,21.7
227,5257797475,pipolechap (14/20),0,191.51999,DST Buccaneers  FLEX Kenneth Walker III QB Josh Allen RB Jahmyr Gibbs RB Bhayshul Tuten TE Dalton Schultz WR Davante Adams WR Luther Burden III WR Xavier Hutchinson,,Lions ,DST,0.57%,-2
227,5257797484,pipolechap (18/20),0,191.51999,DST Buccaneers  FLEX Kenneth Walker III QB Josh Allen RB Jahmyr Gibbs RB Bhayshul Tuten TE Dalton Schultz WR Davante Adams WR Luther Burden III WR Xavier Hutchinson,,T.J. Hockenson,FLEX,0.57%,5.9
227,5258234565,LOCNOTM (7/20),0,191.51999,DST Browns  FLEX Michael Mayer QB Josh Allen RB Kenneth Walker III RB Javonte Williams TE Sam LaPorta WR Amon-Ra St. Brown WR Davante Adams WR Kayshon Boutte,,CeeDee Lamb,FLEX,0.57%,38.3
233,5258096241,tbjones2121 (5/20),0,191.48,DST Titans  FLEX Michael Mayer QB Brock Purdy RB Christian McCaffrey RB Kenneth Walker III TE Mark Andrews WR Jaxon Smith-Njigba WR Davante Adams WR Quentin Johnston,,Jaxon Smith-Njigba,FLEX,0.57%,45.5
234,5256743716,paintgirl (18/20),0,191.22,DST Panthers  FLEX Michael Mayer QB Josh Allen RB Jahmyr Gibbs RB Kenneth Walker III TE Dalton Kincaid WR Tetairoa McMillan WR Stefon Diggs WR DK Metcalf,,Darren Waller,TE,0.56%,18.3
235,5257209029,tedsellers86 (13/13),0,191.09999,DST Eagles  FLEX Jonathan Taylor QB Drew Lock RB Jahmyr Gibbs RB Kenneth Walker III TE Dalton Schultz WR Jaxon Smith-Njigba WR Caleb Douglas WR Kalif Raymond,,Terry McLaurin,FLEX,0.56%,7
236,5258399833,Itzpcraft (4/20),0,191.08,DST Ravens  FLEX Terrance Ferguson QB Matthew Stafford RB Derrick Henry RB Kyren Williams TE Dalton Schultz WR Ja'Marr Chase WR Davante Adams WR Rome Odunze,,George Pickens,FLEX,0.56%,10
237,5257758682,njmike75 (6/7),0,191.01999,DST Jets  FLEX Jake Ferguson QB Josh Allen RB Saquon Barkley RB James Cook III TE Tyler Warren WR Amon-Ra St. Brown WR Davante Adams WR DeMario Douglas,,Saints ,DST,0.54%,8
238,5257107423,kojo3 (2/20),0,190.92,DST Raiders  FLEX Kenneth Walker III QB Josh Allen RB James Cook III RB Aaron Jones Sr. TE Dalton Schultz WR Amon-Ra St. Brown WR DJ Moore WR Khalil Shakir,,Colby Parkinson,TE,0.54%,3.5
239,5257107386,pat_the_hat2 (15/20),0,190.87999,DST Broncos  FLEX Mark Andrews QB Matthew Stafford RB Bijan Robinson RB Derrick Henry TE Dalton Schultz WR CeeDee Lamb WR Davante Adams WR Quentin Johnston,,Jake Ferguson,FLEX,0.54%,20.3
240,5258065645,westh8bamix (1/20),0,190.76,DST Seahawks  FLEX Travis Kelce QB Dak Prescott RB Bijan Robinson RB Derrick Henry TE Dalton Schultz WR George Pickens WR Davante Adams WR Jalen Coker,,Mike Evans,FLEX,0.50%,8.4
241,5258399842,Itzpcraft (13/20),0,190.68001,DST Broncos  FLEX Travis Kelce QB Patrick Mahomes RB Derrick Henry RB Kenneth Walker III TE Michael Mayer WR Ja'Marr Chase WR Davante Adams WR Mack Hollins,,Tre' Harris,WR,0.50%,6.3
242,5256487597,ernesttam (9/10),0,190.48,DST Broncos  FLEX Kenneth Walker III QB Patrick Mahomes RB Jeremiyah Love RB Jaylen Warren TE Travis Kelce WR Jaxon Smith-Njigba WR Ja'Marr Chase WR Demarcus Robinson,,Wan'Dale Robinson,WR,0.49%,1.9
243,5258691751,falstaff64 (12/20),0,190.46,DST Raiders  FLEX Travis Kelce QB Dak Prescott RB Javonte Williams RB Aaron Jones Sr. TE Michael Mayer WR Jaxon Smith-Njigba WR CeeDee Lamb WR George Pickens,,Caleb Douglas,FLEX,0.49%,3.9
244,5258856604,Prparent (1/4),0,190.38,DST Jaguars  FLEX Dalton Schultz QB Brock Purdy RB Bijan Robinson RB Kenneth Walker III TE Dalton Kincaid WR Amon-Ra St. Brown WR Garrett Wilson WR Jalen Coker,,Noah Fant,TE,0.49%,0
244,5258856622,Prparent (3/4),0,190.38,DST Jaguars  FLEX Dalton Schultz QB Brock Purdy RB Bijan Robinson RB Kenneth Walker III TE Dalton Kincaid WR Amon-Ra St. Brown WR Garrett Wilson WR Jalen Coker,,Colby Parkinson,FLEX,0.49%,3.5
246,5256675552,Deathflower74 (4/20),0,190.36,DST Buccaneers  FLEX Kenneth Walker III QB Dak Prescott RB Jahmyr Gibbs RB Aaron Jones Sr. TE Dalton Schultz WR George Pickens WR Davante Adams WR Xavier Worthy,,Michael Pittman Jr.,WR,0.47%,0
246,5257017869,csurunnerccr (11/20),0,190.35999,DST Titans  FLEX Tyler Warren QB Dak Prescott RB James Cook III RB Chuba Hubbard TE Dalton Kincaid WR Amon-Ra St. Brown WR CeeDee Lamb WR DeMario Douglas,,Emmett Johnson,RB,0.47%,5.5
248,5257929552,NahsonWren (12/20),0,190.28,DST Patriots  FLEX Ashton Jeanty QB Patrick Mahomes RB James Cook III RB Breece Hall TE Travis Kelce WR Amon-Ra St. Brown WR Alec Pierce WR Denzel Boston,,Tre Tucker,WR,0.47%,25.9
249,5258354263,moosh20 (1/5),0,190.22,DST 49ers  FLEX Kenneth Walker III QB Josh Allen RB Kyren Williams RB Aaron Jones Sr. TE Trey McBride WR Davante Adams WR Rashod Bateman WR Kyle Williams,,Kaelon Black,FLEX,0.45%,2.5
250,5257421611,skbirving (2/5),0,190.12,DST Dolphins  FLEX Dalton Schultz QB Josh Allen RB Jahmyr Gibbs RB James Cook III TE Sam LaPorta WR Amon-Ra St. Brown WR DJ Moore WR Rashod Bateman,,MarShawn Lloyd,RB,0.45%,9.6
250,5257891129,eklad (3/5),0,190.12,DST 49ers  FLEX Dalton Schultz QB Josh Allen RB Jahmyr Gibbs RB Ashton Jeanty TE Dalton Kincaid WR Amon-Ra St. Brown WR Kayshon Boutte WR Joshua Palmer,,Josh Downs,WR,0.44%,14.2
252,5256798863,Breakout100 (9/12),0,190.06,DST Titans  FLEX Dalton Schultz QB Dak Prescott RB Christian McCaffrey RB Jonathan Taylor TE Dallas Goedert WR Jaxon Smith-Njigba WR Michael Wilson WR Rashod Bateman,,Tyler Warren,FLEX,0.44%,14.4
253,5258580832,deez516 (14/20),0,189.98001,DST Patriots  FLEX Aaron Jones Sr. QB Patrick Mahomes RB Jonathan Taylor RB Breece Hall TE Cade Otton WR Jaxon Smith-Njigba WR Rashee Rice WR Xavier Worthy,,Malik Willis,QB,0.44%,12.48
254,5258181255,bledsoe2002 (1/3),0,189.92,DST Broncos  FLEX Kenneth Walker III QB Josh Allen RB Bijan Robinson RB Aaron Jones Sr. TE Dalton Schultz WR CeeDee Lamb WR Garrett Wilson WR Devontez Walker,,Jameson Williams,FLEX,0.42%,5.3
255,5256675556,Deathflower74 (8/20),0,189.86,DST Titans  FLEX Kenneth Walker III QB Dak Prescott RB Bijan Robinson RB James Cook III TE Dalton Schultz WR George Pickens WR Davante Adams WR Matthew Golden,,Parker Washington,FLEX,0.42%,16.8
256,5257107388,pat_the_hat2 (17/20),0,189.68001,DST Ravens  FLEX Derrick Henry QB Jared Goff RB James Cook III RB Aaron Jones Sr. TE Dalton Schultz WR Amon-Ra St. Brown WR Tetairoa McMillan WR Xavier Worthy,,Tucker Kraft,FLEX,0.42%,3.5
257,5256555056,VegetaRonald00 (12/20),0,189.66,DST Jaguars  FLEX Cam Skattebo QB Dak Prescott RB James Cook III RB Kenneth Walker III TE Tyler Warren WR Amon-Ra St. Brown WR Davante Adams WR Chris Moore,,Juwan Johnson,FLEX,0.42%,10.6
258,5257292874,bigpeedo (3/8),0,189.62,DST Buccaneers  FLEX Dalton Kincaid QB Josh Allen RB Jahmyr Gibbs RB Kenneth Walker III TE Dalton Schultz WR Garrett Wilson WR Stefon Diggs WR Khalil Shakir,,Bryce Lance,FLEX,0.42%,1.8
259,5258881294,spankjohnson88 (8/20),0,189.52,DST Ravens  FLEX Kenneth Walker III QB Josh Allen RB Jahmyr Gibbs RB Aaron Jones Sr. TE Dalton Schultz WR CeeDee Lamb WR Terry McLaurin WR Roman Wilson,,Cooper Kupp,WR,0.40%,4
259,5256712218,ducnrun13 (1/2),0,189.51999,DST Panthers  FLEX Kalif Raymond QB Josh Allen RB Jahmyr Gibbs RB James Cook III TE Sam LaPorta WR Amon-Ra St. Brown WR Quentin Johnston WR Malik Washington,,Devin Singletary,RB,0.40%,0.9
259,5258264195,rymalriggs (1/20),0,189.51999,DST Chargers  FLEX Dalton Schultz QB Josh Allen RB Jahmyr Gibbs RB Aaron Jones Sr. TE Dalton Kincaid WR George Pickens WR Davante Adams WR Caleb Douglas,,Alvin Kamara,RB,0.40%,7.2
259,5258264196,rymalriggs (2/20),0,189.51999,DST Chargers  FLEX Dalton Schultz QB Josh Allen RB Jahmyr Gibbs RB Aaron Jones Sr. TE Dalton Kincaid WR George Pickens WR Davante Adams WR Caleb Douglas,,Terrance Ferguson,TE,0.39%,17.4
259,5258264197,rymalriggs (3/20),0,189.51999,DST Chargers  FLEX Dalton Schultz QB Josh Allen RB Jahmyr Gibbs RB Aaron Jones Sr. TE Dalton Kincaid WR George Pickens WR Davante Adams WR Caleb Douglas,,Garrett Wilson,FLEX,0.39%,16.7
259,5258264198,rymalriggs (4/20),0,189.51999,DST Chargers  FLEX Dalton Schultz QB Josh Allen RB Jahmyr Gibbs RB Aaron Jones Sr. TE Dalton Kincaid WR George Pickens WR Davante Adams WR Caleb Douglas,,Omarion Hampton,FLEX,0.39%,18.5
259,5258264199,rymalriggs (5/20),0,189.51999,DST Chargers  FLEX Dalton Schultz QB Josh Allen RB Jahmyr Gibbs RB Aaron Jones Sr. TE Dalton Kincaid WR George Pickens WR Davante Adams WR Caleb Douglas,,Chris Moore,WR,0.39%,1.6
259,5258264200,rymalriggs (6/20),0,189.51999,DST Chargers  FLEX Dalton Schultz QB Josh Allen RB Jahmyr Gibbs RB Aaron Jones Sr. TE Dalton Kincaid WR George Pickens WR Davante Adams WR Caleb Douglas,,Tyler Allgeier,RB,0.37%,3.9
259,5258264201,rymalriggs (7/20),0,189.51999,DST Chargers  FLEX Dalton Schultz QB Josh Allen RB Jahmyr Gibbs RB Aaron Jones Sr. TE Dalton Kincaid WR George Pickens WR Davante Adams WR Caleb Douglas,,Quentin Johnston,FLEX,0.37%,2.4
259,5258264202,rymalriggs (8/20),0,189.51999,DST Chargers  FLEX Dalton Schultz QB Josh Allen RB Jahmyr Gibbs RB Aaron Jones Sr. TE Dalton Kincaid WR George Pickens WR Davante Adams WR Caleb Douglas,,Kirk Cousins,QB,0.37%,21.22
259,5258264203,rymalriggs (9/20),0,189.51999,DST Chargers  FLEX Dalton Schultz QB Josh Allen RB Jahmyr Gibbs RB Aaron Jones Sr. TE Dalton Kincaid WR George Pickens WR Davante Adams WR Caleb Douglas,,Bryce Lance,WR,0.37%,1.8
259,5258264204,rymalriggs (10/20),0,189.51999,DST Chargers  FLEX Dalton Schultz QB Josh Allen RB Jahmyr Gibbs RB Aaron Jones Sr. TE Dalton Kincaid WR George Pickens WR Davante Adams WR Caleb Douglas,,Dawson Knox,TE,0.35%,8.5
259,5258264205,rymalriggs (11/20),0,189.51999,DST Chargers  FLEX Dalton Schultz QB Josh Allen RB Jahmyr Gibbs RB Aaron Jones Sr. TE Dalton Kincaid WR George Pickens WR Davante Adams WR Caleb Douglas,,Luther Burden III,FLEX,0.35%,6.2
259,5258264206,rymalriggs (12/20),0,189.51999,DST Chargers  FLEX Dalton Schultz QB Josh Allen RB Jahmyr Gibbs RB Aaron Jones Sr. TE Dalton Kincaid WR George Pickens WR Davante Adams WR Caleb Douglas,,Jack Bech,WR,0.35%,4.5
259,5258264207,rymalriggs (13/20),0,189.51999,DST Chargers  FLEX Dalton Schultz QB Josh Allen RB Jahmyr Gibbs RB Aaron Jones Sr. TE Dalton Kincaid WR George Pickens WR Davante Adams WR Caleb Douglas,,Isaac TeSlaa,WR,0.35%,4.6
259,5258264208,rymalriggs (14/20),0,189.51999,DST Chargers  FLEX Dalton Schultz QB Josh Allen RB Jahmyr Gibbs RB Aaron Jones Sr. TE Dalton Kincaid WR George Pickens WR Davante Adams WR Caleb Douglas,,Geno Smith,QB,0.35%,15.58
259,5258264209,rymalriggs (15/20),0,189.51999,DST Chargers  FLEX Dalton Schultz QB Josh Allen RB Jahmyr Gibbs RB Aaron Jones Sr. TE Dalton Kincaid WR George Pickens WR Davante Adams WR Caleb Douglas,,Ja'Marr Chase,FLEX,0.34%,26.5
259,5258264210,rymalriggs (16/20),0,189.51999,DST Chargers  FLEX Dalton Schultz QB Josh Allen RB Jahmyr Gibbs RB Aaron Jones Sr. TE Dalton Kincaid WR George Pickens WR Davante Adams WR Caleb Douglas,,Travis Etienne Jr.,FLEX,0.34%,7.1
259,5258264211,rymalriggs (17/20),0,189.51999,DST Chargers  FLEX Dalton Schultz QB Josh Allen RB Jahmyr Gibbs RB Aaron Jones Sr. TE Dalton Kincaid WR George Pickens WR Davante Adams WR Caleb Douglas,,Jacoby Brissett,QB,0.34%,7.5
259,5258264212,rymalriggs (18/20),0,189.51999,DST Chargers  FLEX Dalton Schultz QB Josh Allen RB Jahmyr Gibbs RB Aaron Jones Sr. TE Dalton Kincaid WR George Pickens WR Davante Adams WR Caleb Douglas,,Rashee Rice,FLEX,0.34%,12.3
259,5258264213,rymalriggs (19/20),0,189.51999,DST Chargers  FLEX Dalton Schultz QB Josh Allen RB Jahmyr Gibbs RB Aaron Jones Sr. TE Dalton Kincaid WR George Pickens WR Davante Adams WR Caleb Douglas,,Zay Flowers,WR,0.34%,0
259,5258264214,rymalriggs (20/20),0,189.51999,DST Chargers  FLEX Dalton Schultz QB Josh Allen RB Jahmyr Gibbs RB Aaron Jones Sr. TE Dalton Kincaid WR George Pickens WR Davante Adams WR Caleb Douglas,,Rome Odunze,FLEX,0.32%,7.3
281,5257619024,charlesrayallday (5/10),0,189.22,DST Ravens  FLEX Jahmyr Gibbs QB Josh Allen RB Kenneth Walker III RB Aaron Jones Sr. TE Dalton Schultz WR Amon-Ra St. Brown WR Khalil Shakir WR Roman Wilson,,Blake Corum,FLEX,0.32%,10.2
281,5258881296,spankjohnson88 (10/20),0,189.22,DST Ravens  FLEX Kenneth Walker III QB Josh Allen RB Jahmyr Gibbs RB Aaron Jones Sr. TE Dalton Schultz WR CeeDee Lamb WR DK Metcalf WR Roman Wilson,,Bhayshul Tuten,FLEX,0.32%,14.2
283,5258683403,2briar (20/20),0,189.02,DST Cardinals  FLEX Travis Kelce QB Bo Nix RB Christian McCaffrey RB Blake Corum TE Dalton Schultz WR Ja'Marr Chase WR DeVonta Smith WR Jaylen Waddle,,Tommy Tremble,FLEX,0.32%,1.4
284,5257964754,stock2mail (1/20),0,188.98001,DST Jets  FLEX Kenneth Walker III QB Patrick Mahomes RB Bijan Robinson RB Derrick Henry TE Dalton Schultz WR CeeDee Lamb WR Jalen Coker WR Xavier Worthy,,AJ Barner,TE,0.30%,7.9
285,5258401779,nuworld3000 (11/12),0,188.92,DST Giants  FLEX Isaiah Likely QB Josh Allen RB Jahmyr Gibbs RB James Cook III TE Sam LaPorta WR Amon-Ra St. Brown WR Rashod Bateman WR Devaughn Vele,,Denzel Boston,WR,0.30%,20.5
285,5256514344,rwagner74,0,188.91998,DST Ravens  FLEX Tre Tucker QB Josh Allen RB Derrick Henry RB Kenneth Walker III TE Dalton Kincaid WR Davante Adams WR Rome Odunze WR Quentin Johnston,,Jaylen Warren,FLEX,0.30%,9.7
287,5258683395,2briar (12/20),0,188.88,DST Jaguars  FLEX Travis Kelce QB Patrick Mahomes RB Christian McCaffrey RB Chase Brown TE Dalton Schultz WR Tetairoa McMillan WR Davante Adams WR Quentin Johnston,,Carnell Tate,WR,0.30%,5.7
288,5257838301,JBrown0825,0,188.81999,DST Steelers  FLEX Kenneth Walker III QB Josh Allen RB Jahmyr Gibbs RB Aaron Jones Sr. TE Dalton Kincaid WR Amon-Ra St. Brown WR Kalif Raymond WR Xavier Hutchinson,,Commanders ,DST,0.30%,-2
289,5256559602,Bran33,0,188.78,DST Chiefs  FLEX Kenneth Walker III QB Patrick Mahomes RB Jonathan Taylor RB Cam Skattebo TE Isaiah Likely WR Amon-Ra St. Brown WR Davante Adams WR Olamide Zaccheaus,,Tetairoa McMillan,FLEX,0.29%,18.1
290,5258323748,d00dy (8/20),0,188.76001,DST Ravens  FLEX Michael Mayer QB Dak Prescott RB Bijan Robinson RB Kenneth Walker III TE Dalton Schultz WR Amon-Ra St. Brown WR CeeDee Lamb WR Ryan Flournoy,,Jalen McMillan,WR,0.29%,0
291,5256675554,Deathflower74 (6/20),0,188.72,DST Panthers  FLEX Kenneth Walker III QB Josh Allen RB James Cook III RB Aaron Jones Sr. TE Michael Mayer WR George Pickens WR Davante Adams WR DJ Moore,,Khalil Shakir,FLEX,0.29%,6.8
292,5257107375,pat_the_hat2 (4/20),0,188.68001,DST Seahawks  FLEX Isaiah Likely QB Matthew Stafford RB Chase Brown RB J.K. Dobbins TE Dalton Schultz WR CeeDee Lamb WR Parker Washington WR Davante Adams,,J.K. Dobbins,FLEX,0.29%,3.6
293,5256743700,paintgirl (2/20),0,188.65999,DST Jets  FLEX Mark Andrews QB Dak Prescott RB Kenneth Walker III RB Javonte Williams TE Dalton Kincaid WR CeeDee Lamb WR Davante Adams WR Caleb Douglas,,Ted Hurst III,WR,0.27%,4.7
294,5257288303,Rusty_Trombone (8/20),0,188.58,DST Panthers  FLEX Kyren Williams QB Matthew Stafford RB Derrick Henry RB Kenneth Walker III TE Colby Parkinson WR Tetairoa McMillan WR Davante Adams WR Tre' Harris,,Rashid Shaheed,WR,0.27%,6.9
295,5258265834,F___thejets (17/19),0,188.49998,DST Vikings  FLEX Kenneth Walker III QB Drew Lock RB Jahmyr Gibbs RB Bijan Robinson TE Dalton Schultz WR Jaxon Smith-Njigba WR Antonio Williams WR Kalif Raymond,,Cooper Rush,QB,0.27%,2.44
296,5256791914,TruBluRasta (10/11),0,188.48,DST Lions  FLEX Mike Gesicki QB Jared Goff RB Jahmyr Gibbs RB Jonathan Taylor TE Sam LaPorta WR Amon-Ra St. Brown WR Davante Adams WR Ryan Flournoy,,Drake London,FLEX,0.27%,8.9
297,5257906964,xstevex.2 (1/3),0,188.42,DST Giants  FLEX Dalton Schultz QB Josh Allen RB Jahmyr Gibbs RB James Cook III TE Dalton Kincaid WR Amon-Ra St. Brown WR DJ Moore WR Darnell Mooney,,Xavier Worthy,FLEX,0.27%,13.5
297,5258881304,spankjohnson88 (18/20),0,188.42,DST Ravens  FLEX Kenneth Walker III QB Josh Allen RB Jahmyr Gibbs RB Aaron Jones Sr. TE Dalton Schultz WR CeeDee Lamb WR Terry McLaurin WR Xavier Hutchinson,,Malachi Fields,FLEX,0.27%,5
299,5257266854,erbear17 (17/20),0,188.38,DST Jaguars  FLEX Kyren Williams QB Bryce Young RB James Cook III RB Aaron Jones Sr. TE Dalton Schultz WR Jaxon Smith-Njigba WR Tetairoa McMillan WR Jalen Coker,,Quinshon Judkins,FLEX,0.25%,9.8
300,5256820274,Hlb640 (2/20),0,188.28,DST Panthers  FLEX Pat Freiermuth QB Jared Goff RB Jahmyr Gibbs RB Kenneth Walker III TE Dalton Kincaid WR Amon-Ra St. Brown WR DJ Moore WR Devaughn Vele,,Tyler Allgeier,FLEX,0.25%,3.9
301,5256557308,ladyluvbugg (1/3),0,188.12,DST Jets  FLEX Terrance Ferguson QB Josh Allen RB Jahmyr Gibbs RB James Cook III TE Sam LaPorta WR Amon-Ra St. Brown WR George Pickens WR Joshua Palmer,,Darnell Mooney,WR,0.25%,6.8
301,5258881306,spankjohnson88 (20/20),0,188.12,DST Ravens  FLEX Kenneth Walker III QB Josh Allen RB Jahmyr Gibbs RB Aaron Jones Sr. TE Dalton Schultz WR CeeDee Lamb WR DK Metcalf WR Xavier Hutchinson,,TreVeyon Henderson,FLEX,0.25%,13.6
303,5256820281,Hlb640 (9/20),0,188.08,DST Panthers  FLEX Sam LaPorta QB Jared Goff RB Kenneth Walker III RB Bucky Irving TE Dalton Kincaid WR Justin Jefferson WR Amon-Ra St. Brown WR Kendrick Bourne,,RJ Harvey,RB,0.25%,0
303,5258385929,Bearfan700 (11/20),0,188.07999,DST Buccaneers  FLEX Aaron Jones Sr. QB Jared Goff RB James Cook III RB Kenneth Walker III TE David Njoku WR Amon-Ra St. Brown WR Davante Adams WR Deebo Samuel Sr.,,Kenny Gainwell,RB,0.24%,4.5
305,5258234563,LOCNOTM (5/20),0,187.92,DST Jets  FLEX Dalton Schultz QB Josh Allen RB Jahmyr Gibbs RB Kyren Williams TE Dalton Kincaid WR CeeDee Lamb WR DJ Moore WR Devaughn Vele,,Brenton Strange,FLEX,0.24%,3.7
306,5256558141,VegetaRonald00 (13/20),0,187.88,DST Browns  FLEX Cam Skattebo QB Brock Purdy RB De'Von Achane RB James Cook III TE Tyler Warren WR Amon-Ra St. Brown WR Davante Adams WR Tyquan Thornton,,Chris Godwin Jr.,FLEX,0.24%,8.8
306,5258691749,falstaff64 (10/20),0,187.88,DST Bears  FLEX Dalton Schultz QB Tyler Shough RB Ashton Jeanty RB Kenneth Walker III TE Juwan Johnson WR Chris Olave WR Garrett Wilson WR Davante Adams,,Pat Freiermuth,FLEX,0.24%,7.4
306,5258159553,Satch65 (15/20),0,187.87999,DST Titans  FLEX Mark Andrews QB Patrick Mahomes RB Jonathan Taylor RB Kenneth Walker III TE Dalton Schultz WR Amon-Ra St. Brown WR Matthew Golden WR Malachi Fields,,Terrance Ferguson,FLEX,0.24%,17.4
309,5257296828,LetEmKnow (19/20),0,187.52,DST Steelers  FLEX Dalton Schultz QB Josh Allen RB James Cook III RB Javonte Williams TE Dalton Kincaid WR CeeDee Lamb WR George Pickens WR Terry McLaurin,,Devin Singletary,FLEX,0.24%,0.9
310,5256636646,jdmarc (2/20),0,187.42,DST Ravens  FLEX Michael Mayer QB Josh Allen RB Jahmyr Gibbs RB Kenneth Walker III TE Dalton Schultz WR George Pickens WR Davante Adams WR DK Metcalf,,Kendrick Bourne,FLEX,0.24%,3.1
310,5257259003,JohnZaps (9/20),0,187.41998,DST Jaguars  FLEX Dalton Schultz QB Josh Allen RB Jahmyr Gibbs RB Kenneth Walker III TE Dalton Kincaid WR Amon-Ra St. Brown WR DJ Moore WR Caleb Douglas,,Gunnar Helm,TE,0.22%,3.3
312,5258438048,HakeemTheDream (7/20),0,187.36,DST Cardinals  FLEX Michael Mayer QB Dak Prescott RB Kenneth Walker III RB Javonte Williams TE Dalton Schultz WR Amon-Ra St. Brown WR CeeDee Lamb WR George Pickens,,Brian Thomas Jr.,WR,0.22%,7
313,5258099499,jgAllDay (15/20),0,187.28,DST Panthers  FLEX Kenneth Walker III QB Patrick Mahomes RB James Cook III RB Javonte Williams TE Travis Kelce WR Ja'Marr Chase WR Luther Burden III WR Matthew Golden,,Antonio Williams,FLEX,0.22%,5.4
313,5258288040,rsumrall (8/20),0,187.28,DST Bengals  FLEX Davante Adams QB Patrick Mahomes RB Bijan Robinson RB Jonathan Taylor TE Dalton Schultz WR Rashee Rice WR DK Metcalf WR Xavier Worthy,,Puka Nacua,FLEX,0.22%,0
315,5256636651,jdmarc (7/20),0,187.12,DST Eagles  FLEX Kenneth Walker III QB Josh Allen RB Jahmyr Gibbs RB Javonte Williams TE Dalton Schultz WR Davante Adams WR Matthew Golden WR Caleb Douglas,,Nico Collins,FLEX,0.22%,0
316,5257593024,jballagh (13/20),0,187.08,DST Rams  FLEX Malik Nabers QB Matthew Stafford RB James Cook III RB J.K. Dobbins TE Dalton Schultz WR Amon-Ra St. Brown WR Davante Adams WR Khalil Shakir,,Mason Taylor,FLEX,0.22%,0
317,5257296823,LetEmKnow (14/20),0,186.88,DST Broncos  FLEX Kyren Williams QB Patrick Mahomes RB Omarion Hampton RB Kenneth Walker III TE Dalton Schultz WR Malik Nabers WR Rashee Rice WR Davante Adams,,Chris Olave,FLEX,0.20%,22.6
318,5256636650,jdmarc (6/20),0,186.81999,DST Ravens  FLEX Kenneth Walker III QB Josh Allen RB Jahmyr Gibbs RB Javonte Williams TE Dalton Schultz WR Davante Adams WR DK Metcalf WR Xavier Hutchinson,,Devontez Walker,WR,0.20%,5.7
319,5257147827,hiteofbob (18/20),0,186.78,DST Jaguars  FLEX Sam LaPorta QB Jared Goff RB Jahmyr Gibbs RB James Cook III TE Dalton Schultz WR Jaxon Smith-Njigba WR Jameson Williams WR Khalil Shakir,,Tommy Tremble,TE,0.20%,1.4
320,5257929542,NahsonWren (2/20),0,186.72002,DST Patriots  FLEX Trey McBride QB Josh Allen RB Jahmyr Gibbs RB James Cook III TE Isaiah Likely WR Stefon Diggs WR Rashod Bateman WR Roman Wilson,,Alvin Kamara,FLEX,0.20%,7.2
321,5256675551,Deathflower74 (3/20),0,186.42,DST Buccaneers  FLEX Kenneth Walker III QB Josh Allen RB James Cook III RB Javonte Williams TE Dalton Schultz WR Davante Adams WR DJ Moore WR Xavier Worthy,,Jalen Nailor,WR,0.20%,1.9
322,5258660924,conradsm (4/4),0,186.4,DST Jets  FLEX Pat Freiermuth QB Lamar Jackson RB Christian McCaffrey RB Cam Skattebo TE Dalton Schultz WR Jaxon Smith-Njigba WR CeeDee Lamb WR Adonai Mitchell,,Demarcus Robinson,FLEX,0.20%,6.4
323,5258008748,Danny_9114 (11/20),0,186.37999,DST Falcons  FLEX Kenneth Walker III QB Patrick Mahomes RB James Cook III RB Javonte Williams TE Travis Kelce WR DeVonta Smith WR George Pickens WR Tre Tucker,,Tony Pollard,RB,0.20%,7.5
324,5257747395,F___thejets (11/19),0,186.36,DST Jaguars  FLEX Kenneth Walker III QB Dak Prescott RB Bucky Irving RB Aaron Jones Sr. TE Dalton Schultz WR Ja'Marr Chase WR CeeDee Lamb WR Deebo Samuel Sr.,,DK Metcalf,FLEX,0.20%,6.7
325,5258588099,kreise (1/3),0,186.31999,DST Rams  FLEX Sam LaPorta QB Josh Allen RB James Cook III RB Kyren Williams TE Dalton Kincaid WR Davante Adams WR Matthew Golden WR Wan'Dale Robinson,,Rashod Bateman,FLEX,0.19%,21.8
326,5257165089,RemoMillz (1/3),0,186.28001,DST Texans  FLEX Isaiah Likely QB Matthew Stafford RB Jahmyr Gibbs RB Kenneth Walker III TE Travis Kelce WR Davante Adams WR Khalil Shakir WR Xavier Worthy,,Makai Lemon,WR,0.19%,1.9
327,5257402411,alexvansoelen (8/20),0,186.18,DST Patriots  FLEX Colby Parkinson QB Matthew Stafford RB Saquon Barkley RB Javonte Williams TE Dalton Schultz WR Ja'Marr Chase WR Davante Adams WR Stefon Diggs,,Daniel Jones,QB,0.19%,12.4
328,5257402418,alexvansoelen (15/20),0,186.09999,DST Titans  FLEX Mark Andrews QB Drew Lock RB Bijan Robinson RB Bucky Irving TE Dalton Schultz WR Jaxon Smith-Njigba WR Davante Adams WR Carnell Tate,,Kenyon Sadiq,FLEX,0.19%,3.7
328,5257667315,rafiabed,0,186.09999,DST Panthers  FLEX Sam LaPorta QB Jordan Love RB Derrick Henry RB Kenneth Walker III TE Dalton Kincaid WR Amon-Ra St. Brown WR Christian Watson WR Matthew Golden,,De'Von Achane,FLEX,0.19%,12.3
330,5257591475,atong126 (19/20),0,186.08,DST 49ers  FLEX George Kittle QB Matthew Stafford RB Kenneth Walker III RB Bucky Irving TE Dalton Schultz WR Malik Nabers WR Garrett Wilson WR Davante Adams,,Cade Otton,FLEX,0.19%,8.8
330,5258063410,Charles1059 (7/8),0,186.08,DST Seahawks  FLEX Emmett Johnson QB Jared Goff RB Jonathan Taylor RB Kenneth Walker III TE Cole Kmet WR Jaxon Smith-Njigba WR CeeDee Lamb WR Jahdae Walker,,Dawson Knox,FLEX,0.19%,8.5
332,5256636647,jdmarc (3/20),0,185.81998,DST Titans  FLEX Kenneth Walker III QB Josh Allen RB Jahmyr Gibbs RB Bijan Robinson TE Dalton Schultz WR Davante Adams WR Jayden Reed WR Caleb Douglas,,Demond Claiborne,RB,0.19%,1.2
333,5256722649,LTskelter (11/20),0,185.76,DST Jets  FLEX George Kittle QB Dak Prescott RB Jahmyr Gibbs RB Jaylen Warren TE Dalton Schultz WR CeeDee Lamb WR George Pickens WR Stefon Diggs,,Kyle Pitts Sr.,FLEX,0.19%,2.5
334,5258399832,Itzpcraft (3/20),0,185.68,DST Falcons  FLEX Travis Kelce QB Patrick Mahomes RB Kenneth Walker III RB Kyren Williams TE Dalton Schultz WR Justin Jefferson WR Malik Nabers WR Davante Adams,,Aaron Rodgers,QB,0.17%,5.98
335,5258022546,vols2285 (13/18),0,185.62001,DST Bills  FLEX Terry McLaurin QB Josh Allen RB James Cook III RB Kenneth Walker III TE Dalton Kincaid WR Jaxon Smith-Njigba WR Matthew Golden WR Tre' Harris,,Odell Beckham Jr.,WR,0.17%,0
336,5258370326,mrclean913 (18/20),0,185.54,DST Broncos  FLEX Dalton Schultz QB Jayden Daniels RB Ashton Jeanty RB Kenneth Walker III TE Dalton Kincaid WR George Pickens WR Davante Adams WR Stefon Diggs,,Oronde Gadsden II,TE,0.17%,9.8
337,5258264602,F___thejets (16/19),0,185.49998,DST Steelers  FLEX Kenneth Walker III QB Drew Lock RB Jahmyr Gibbs RB Bijan Robinson TE Dalton Schultz WR Jaxon Smith-Njigba WR Devaughn Vele WR Kalif Raymond,,Jonnu Smith,TE,0.17%,0
338,5257387225,Mathisjo35 (1/3),0,185.48,DST Bengals  FLEX Rashid Shaheed QB Matthew Stafford RB Kyren Williams RB Cam Skattebo TE Isaiah Likely WR Jaxon Smith-Njigba WR Christian Watson WR Davante Adams,,David Njoku,FLEX,0.17%,1.9
339,5257420462,jrevelle3 (13/20),0,185.37999,DST 49ers  FLEX Mark Andrews QB Patrick Mahomes RB Kenneth Walker III RB Breece Hall TE Dalton Schultz WR Justin Jefferson WR Davante Adams WR Xavier Worthy,,DeVonta Smith,FLEX,0.15%,30.7
339,5257551995,jeh666 (19/20),0,185.37999,DST Steelers  FLEX Kenneth Walker III QB Patrick Mahomes RB Jahmyr Gibbs RB Derrick Henry TE Dalton Schultz WR DeVonta Smith WR Deebo Samuel Sr. WR Devaughn Vele,,Noah Fant,FLEX,0.15%,0
341,5258323759,d00dy (19/20),0,185.16,DST Browns  FLEX Dalton Schultz QB Dak Prescott RB Jahmyr Gibbs RB Kenneth Walker III TE Michael Mayer WR CeeDee Lamb WR George Pickens WR Garrett Wilson,,Harold Fannin Jr.,FLEX,0.15%,10.4
342,5256788948,louisfam,0,185.11998,DST Bengals  FLEX Sam LaPorta QB Josh Allen RB Jahmyr Gibbs RB Derrick Henry TE Dalton Kincaid WR Amon-Ra St. Brown WR Kendrick Bourne WR Joshua Palmer,,Chris Rodriguez Jr.,RB,0.15%,1.3
343,5258710530,1Life1Love,0,185.02,DST Ravens  FLEX Derrick Henry QB Josh Allen RB Kenneth Walker III RB Jacory Croskey-Merritt TE Dalton Kincaid WR Davante Adams WR Jordan Addison WR Rashod Bateman,,Jauan Jennings,WR,0.15%,0
344,5258181194,Blutz05 (1/2),0,184.98001,DST Giants  FLEX Isaiah Likely QB Patrick Mahomes RB Christian McCaffrey RB Kenneth Walker III TE Travis Kelce WR Jaxon Smith-Njigba WR Rashee Rice WR Antonio Williams,,Jerry Jeudy,WR,0.15%,0
344,5256749312,hiteofbob (12/20),0,184.98,DST Patriots  FLEX CeeDee Lamb QB Jared Goff RB Derrick Henry RB Rhamondre Stevenson TE Sam LaPorta WR Amon-Ra St. Brown WR Matthew Golden WR Jaylin Noel,,Deshaun Watson,QB,0.15%,19.72
346,5258008745,Danny_9114 (8/20),0,184.92,DST Dolphins  FLEX Kenneth Walker III QB Josh Allen RB James Cook III RB Aaron Jones Sr. TE Dalton Schultz WR CeeDee Lamb WR Garrett Wilson WR DJ Moore,,Josh Oliver,TE,0.15%,3.4
346,5258438059,HakeemTheDream (18/20),0,184.92,DST Ravens  FLEX Michael Mayer QB Josh Allen RB Christian McCaffrey RB J.K. Dobbins TE Dalton Schultz WR Amon-Ra St. Brown WR Davante Adams WR DJ Moore,,DeMario Douglas,FLEX,0.15%,1.9
348,5258099495,jgAllDay (11/20),0,184.88,DST Jets  FLEX Kenneth Walker III QB Geno Smith RB Christian McCaffrey RB Derrick Henry TE Dalton Schultz WR Amon-Ra St. Brown WR Garrett Wilson WR Adonai Mitchell,,Tee Higgins,FLEX,0.15%,14.5
349,5257165279,RemoMillz (2/3),0,184.68,DST Chiefs  FLEX Tyler Warren QB Matthew Stafford RB Jonathan Taylor RB James Cook III TE Travis Kelce WR Malik Nabers WR Davante Adams WR Xavier Worthy,,Brian Robinson Jr.,RB,0.13%,8.7
349,5258194882,Stree (12/20),0,184.68,DST Cardinals  FLEX Stefon Diggs QB Jared Goff RB James Cook III RB Kenneth Walker III TE Dalton Schultz WR Ja'Marr Chase WR Garrett Wilson WR Jameson Williams,,Woody Marks,RB,0.13%,8.5
351,5257402412,alexvansoelen (9/20),0,184.56,DST Jets  FLEX Michael Mayer QB Dak Prescott RB Jahmyr Gibbs RB Christian McCaffrey TE Dalton Schultz WR CeeDee Lamb WR Parker Washington WR Xavier Worthy,,Mason Taylor,TE,0.13%,0
352,5256905353,Keauxbe824 (8/20),0,184.48001,DST Jaguars  FLEX Tyler Warren QB Matthew Stafford RB Jahmyr Gibbs RB Kenneth Walker III TE Travis Kelce WR Drake London WR Davante Adams WR Deebo Samuel Sr.,,Pat Bryant,FLEX,0.13%,1.6
353,5257884734,Anttwonn20 (1/20),0,184.38,DST Panthers  FLEX Jahmyr Gibbs QB Tyler Shough RB Derrick Henry RB Kenneth Walker III TE Dalton Schultz WR Chris Olave WR Matthew Golden WR Khalil Shakir,,Mack Hollins,FLEX,0.13%,3.8
354,5257017865,csurunnerccr (7/20),0,184.26,DST Jaguars  FLEX Javonte Williams QB Dak Prescott RB Jahmyr Gibbs RB James Cook III TE Dalton Schultz WR CeeDee Lamb WR Stefon Diggs WR Ryan Flournoy,,Chase Brown,FLEX,0.13%,11.2
355,5258427582,dcw331 (1/3),0,184.12,DST Patriots  FLEX Dalton Schultz QB Josh Allen RB Jahmyr Gibbs RB Kenneth Walker III TE Dalton Kincaid WR DJ Moore WR Luther Burden III WR Jalen Coker,,Andrei Iosivas,WR,0.13%,1.7
355,5258427914,dcw331 (2/3),0,184.12,DST Patriots  FLEX Dalton Schultz QB Josh Allen RB Jahmyr Gibbs RB Kenneth Walker III TE Dalton Kincaid WR DJ Moore WR Luther Burden III WR Jalen Coker,,Xavier Legette,WR,0.13%,8.4
355,5258427923,dcw331 (3/3),0,184.12,DST Patriots  FLEX Dalton Schultz QB Josh Allen RB Jahmyr Gibbs RB Kenneth Walker III TE Dalton Kincaid WR DJ Moore WR Luther Burden III WR Jalen Coker,,Darnell Mooney,FLEX,0.13%,6.8
358,5256743714,paintgirl (16/20),0,184.08002,DST Rams  FLEX Kenneth Walker III QB Brock Purdy RB Christian McCaffrey RB J.K. Dobbins TE Dalton Schultz WR Amon-Ra St. Brown WR Tetairoa McMillan WR Tre' Harris,,Emeka Egbuka,FLEX,0.13%,10.3
359,5258181257,bledsoe2002 (3/3),0,183.97998,DST Browns  FLEX Kenneth Walker III QB Patrick Mahomes RB Jahmyr Gibbs RB Bijan Robinson TE Dalton Schultz WR Davante Adams WR Devaughn Vele WR DeMario Douglas,,LaJohntay Wester,WR,0.12%,2.4
360,5258557782,MRxSTREET,0,183.92,DST Jaguars  FLEX DeMario Douglas QB Josh Allen RB Bijan Robinson RB Kenneth Walker III TE Dalton Schultz WR Jaxon Smith-Njigba WR DJ Moore WR Tre Tucker,,Jakobi Meyers,FLEX,0.12%,3.8
361,5256908582,jeffybpackers,0,183.82,DST Steelers  FLEX Cole Kmet QB Josh Allen RB Jonathan Taylor RB Kenneth Walker III TE Dalton Kincaid WR Christian Watson WR Davante Adams WR DJ Moore,,Woody Marks,FLEX,0.12%,8.5
362,5256917775,Damadbowler (2/20),0,183.76001,DST Panthers  FLEX Kenneth Walker III QB Dak Prescott RB Jahmyr Gibbs RB Aaron Jones Sr. TE Cade Otton WR CeeDee Lamb WR George Pickens WR Ryan Flournoy,,Josh Oliver,FLEX,0.12%,3.4
362,5257935310,left2right (6/10),0,183.76,DST Panthers  FLEX Colby Parkinson QB Jalen Hurts RB James Cook III RB Javonte Williams TE T.J. Hockenson WR Jaxon Smith-Njigba WR Emeka Egbuka WR Davante Adams,,Emmett Johnson,FLEX,0.12%,5.5
364,5257197285,Tampashabbychic,0,183.72,DST Buccaneers  FLEX Chuba Hubbard QB Carson Wentz RB Jahmyr Gibbs RB Kenneth Walker III TE Travis Kelce WR Jaxon Smith-Njigba WR Tre Tucker WR Devaughn Vele,,KC Concepcion Jr.,FLEX,0.12%,8.2
365,5258881303,spankjohnson88 (17/20),0,183.68001,DST Ravens  FLEX Aaron Jones Sr. QB Patrick Mahomes RB Jonathan Taylor RB Derrick Henry TE Dalton Schultz WR Amon-Ra St. Brown WR Deebo Samuel Sr. WR Jalen Coker,,Jeremiyah Love,FLEX,0.12%,7.5
366,5257964772,stock2mail (19/20),0,183.52,DST Browns  FLEX Travis Kelce QB Josh Allen RB Bijan Robinson RB Aaron Jones Sr. TE Dalton Schultz WR Amon-Ra St. Brown WR George Pickens WR Khalil Shakir,,Darren Waller,FLEX,0.12%,18.3
367,5257420464,jrevelle3 (15/20),0,183.48,DST Chiefs  FLEX George Kittle QB Brock Purdy RB Christian McCaffrey RB Kenneth Walker III TE Mark Andrews WR Ja'Marr Chase WR Davante Adams WR Xavier Hutchinson,,Cole Kmet,FLEX,0.12%,0
368,5257750693,njmike75 (3/7),0,183.42,DST Jets  FLEX Tyler Warren QB Josh Allen RB Saquon Barkley RB Chuba Hubbard TE Sam LaPorta WR CeeDee Lamb WR Davante Adams WR Khalil Shakir,,MarShawn Lloyd,FLEX,0.12%,9.6
369,5257258995,JohnZaps (1/20),0,183.31998,DST Jaguars  FLEX Terrance Ferguson QB Josh Allen RB Jahmyr Gibbs RB Kenneth Walker III TE Dalton Kincaid WR Amon-Ra St. Brown WR DJ Moore WR Devaughn Vele,,Tyjae Spears,RB,0.10%,9
370,5258099496,jgAllDay (12/20),0,183.3,DST Steelers  FLEX Isaiah Likely QB Drew Lock RB Kenneth Walker III RB Chuba Hubbard TE Mark Andrews WR Jaxon Smith-Njigba WR Amon-Ra St. Brown WR Matthew Golden,,Jordan Addison,FLEX,0.10%,4.1
371,5258159543,Satch65 (5/20),0,183.12001,DST Cardinals  FLEX Javonte Williams QB Josh Allen RB James Cook III RB J.K. Dobbins TE Dalton Schultz WR Ja'Marr Chase WR Davante Adams WR Khalil Shakir,,Tyquan Thornton,WR,0.10%,12.6
372,5257107433,kojo3 (12/20),0,183.01999,DST Raiders  FLEX Dalton Schultz QB Josh Allen RB Jahmyr Gibbs RB Aaron Jones Sr. TE Dalton Kincaid WR Amon-Ra St. Brown WR DJ Moore WR Jakobi Meyers,,Alec Pierce,FLEX,0.10%,2.1
372,5258234577,LOCNOTM (19/20),0,183.01999,DST Eagles  FLEX Dalton Schultz QB Josh Allen RB Derrick Henry RB Kenneth Walker III TE Mark Andrews WR CeeDee Lamb WR DK Metcalf WR Matthew Golden,,Olamide Zaccheaus,WR,0.10%,1.3
374,5257077462,jeffro83,0,182.92,DST Jaguars  FLEX Terrance Ferguson QB Josh Allen RB Jahmyr Gibbs RB James Cook III TE Dalton Kincaid WR Justin Jefferson WR Stefon Diggs WR Rashod Bateman,,Jonathon Brooks,RB,0.10%,2.1
375,5257747397,F___thejets (13/19),0,182.7,DST Jaguars  FLEX Kenneth Walker III QB Drew Lock RB Jahmyr Gibbs RB Bhayshul Tuten TE Dalton Kincaid WR Jaxon Smith-Njigba WR Jalen Coker WR Devaughn Vele,,Travis Hunter,WR,0.10%,0
376,5258323750,d00dy (10/20),0,182.66,DST Browns  FLEX James Cook III QB Dak Prescott RB Bijan Robinson RB Kenneth Walker III TE Dalton Schultz WR CeeDee Lamb WR George Pickens WR Roman Wilson,,Rico Dowdle,RB,0.10%,6.4
377,5257316581,hulabr (3/3),0,182.62,DST Cardinals  FLEX Kenyon Sadiq QB Josh Allen RB Jahmyr Gibbs RB James Cook III TE Dalton Schultz WR Amon-Ra St. Brown WR DJ Moore WR Rashod Bateman,,Tony Pollard,FLEX,0.10%,7.5
377,5257618946,charlesrayallday (3/10),0,182.62,DST Ravens  FLEX Jahmyr Gibbs QB Josh Allen RB Kenneth Walker III RB Aaron Jones Sr. TE Dalton Kincaid WR Amon-Ra St. Brown WR Xavier Hutchinson WR Roman Wilson,,Michael Wilson,FLEX,0.10%,3.8
379,5258724703,knicker111 (2/8),0,182.6,DST Panthers  FLEX Trey McBride QB Drew Lock RB Bijan Robinson RB Ashton Jeanty TE Dalton Schultz WR Jaxon Smith-Njigba WR Matthew Golden WR Devaughn Vele,,Denzel Boston,FLEX,0.10%,20.5
380,5258064594,mustangs2015 (18/20),0,182.58,DST Chiefs  FLEX Travis Kelce QB Brock Purdy RB Kenneth Walker III RB D'Andre Swift TE George Kittle WR Jaxon Smith-Njigba WR Luther Burden III WR Jalen Coker,,Marvin Harrison Jr.,FLEX,0.10%,0
381,5257964761,stock2mail (8/20),0,182.56,DST Panthers  FLEX George Pickens QB Dak Prescott RB Christian McCaffrey RB Ashton Jeanty TE Dalton Schultz WR Ja'Marr Chase WR Stefon Diggs WR Xavier Hutchinson,,Jahdae Walker,WR,0.10%,0
382,5257593012,jballagh (1/20),0,182.48,DST Browns  FLEX Dalton Schultz QB Jared Goff RB Jahmyr Gibbs RB James Cook III TE Sam LaPorta WR Amon-Ra St. Brown WR Jameson Williams WR Khalil Shakir,,Rachaad White,RB,0.10%,14.3
383,5258016159,Bearfan700 (10/20),0,182.46,DST Jaguars  FLEX CeeDee Lamb QB Trevor Lawrence RB Jahmyr Gibbs RB Aaron Jones Sr. TE Travis Kelce WR Parker Washington WR Davante Adams WR Matthew Golden,,Josh Cameron,WR,0.10%,0
384,5257670902,jwik3 (1/3),0,182.32,DST Jaguars  FLEX Devaughn Vele QB Josh Allen RB Jahmyr Gibbs RB James Cook III TE Michael Mayer WR Amon-Ra St. Brown WR Jalen Coker WR Rashod Bateman,,Troy Franklin,WR,0.08%,3.7
385,5256723850,hiteofbob (5/20),0,182.28,DST Patriots  FLEX Derrick Henry QB Jared Goff RB Jahmyr Gibbs RB Rhamondre Stevenson TE Dalton Schultz WR Jaxon Smith-Njigba WR Khalil Shakir WR Chris Moore,,Joshua Palmer,FLEX,0.08%,11.3
385,5258087848,HurricaneCal (5/20),0,182.27998,DST Chargers  FLEX Kenneth Walker III QB Brock Purdy RB James Cook III RB Aaron Jones Sr. TE Dalton Kincaid WR Garrett Wilson WR Davante Adams WR Caleb Douglas,,Samaje Perine,FLEX,0.08%,3.2
387,5257606047,eadbaby (2/2),0,182.22002,DST Broncos  FLEX Jonathan Taylor QB Josh Allen RB Cam Skattebo RB Chuba Hubbard TE Travis Kelce WR Davante Adams WR DJ Moore WR Matthew Golden,,Xavier Hutchinson,FLEX,0.08%,6.7
387,5256511915,VegetaRonald00 (1/20),0,182.22,DST Chargers  FLEX Drew Ogletree QB Josh Allen RB Jahmyr Gibbs RB David Montgomery TE Travis Kelce WR Ja'Marr Chase WR Davante Adams WR Tyquan Thornton,,Joe Flacco,QB,0.08%,0
389,5258363536,SpeedRacer101 (11/20),0,182.01999,DST Titans  FLEX Kenneth Walker III QB Carson Wentz RB Javonte Williams RB Aaron Jones Sr. TE Terrance Ferguson WR Amon-Ra St. Brown WR Ja'Marr Chase WR CeeDee Lamb,,Luke Farrell,FLEX,0.08%,0
390,5256705109,SleepyW (6/6),0,181.98,DST Broncos  FLEX Sam LaPorta QB Jared Goff RB Jahmyr Gibbs RB Aaron Jones Sr. TE Dalton Kincaid WR Amon-Ra St. Brown WR Garrett Wilson WR Matthew Golden,,Roman Wilson,FLEX,0.08%,7.8
391,5258323743,d00dy (3/20),0,181.62001,DST Panthers  FLEX Michael Mayer QB Josh Allen RB Bijan Robinson RB Kenneth Walker III TE Dalton Kincaid WR Davante Adams WR DJ Moore WR DK Metcalf,,Makai Lemon,FLEX,0.08%,1.9
391,5258621532,conradsm (2/4),0,181.62,DST Cardinals  FLEX Dalton Schultz QB Josh Allen RB Jahmyr Gibbs RB Kenneth Walker III TE Isaiah Likely WR DeVonta Smith WR Mike Evans WR Adonai Mitchell,,Ladd McConkey,FLEX,0.08%,6.5
393,5257951664,BalluhJ,0,181.57999,DST Seahawks  FLEX Kenneth Walker III QB Brock Purdy RB Jahmyr Gibbs RB Bijan Robinson TE Dalton Schultz WR Stefon Diggs WR Rashod Bateman WR Devaughn Vele,,Greg Dulcich,TE,0.08%,3.7
394,5258288034,rsumrall (2/20),0,181.38,DST Steelers  FLEX Isaiah Likely QB Patrick Mahomes RB Jahmyr Gibbs RB Bijan Robinson TE Travis Kelce WR Davante Adams WR Jalen Coker WR Xavier Worthy,,Darnell Washington,TE,0.08%,1.7
395,5256619111,jeh666 (1/20),0,181.21999,DST Steelers  FLEX Dalton Schultz QB Josh Allen RB Jahmyr Gibbs RB Aaron Jones Sr. TE T.J. Hockenson WR Jaxon Smith-Njigba WR Justin Jefferson WR Xavier Hutchinson,,Drew Sample,FLEX,0.08%,0
396,5258301179,ilivethis (2/3),0,181.18001,DST Buccaneers  FLEX Cam Skattebo QB Jared Goff RB David Montgomery RB Blake Corum TE Dalton Schultz WR Jaxon Smith-Njigba WR Davante Adams WR Jameson Williams,,Elijah Sarratt,WR,0.08%,0
396,5257296816,LetEmKnow (7/20),0,181.17998,DST Jets  FLEX Kenneth Walker III QB Matthew Stafford RB James Cook III RB Breece Hall TE Dalton Schultz WR Malik Nabers WR Davante Adams WR DK Metcalf,,Hunter Henry,FLEX,0.08%,7
398,5258033072,Ryand72 (2/2),0,181.12,DST 49ers  FLEX Garrett Wilson QB Josh Allen RB Kenneth Walker III RB Quinshon Judkins TE Dalton Kincaid WR CeeDee Lamb WR Khalil Shakir WR Devaughn Vele,,Tyler Higbee,FLEX,0.07%,0
398,5258261388,DomingoSalvajeS (1/20),0,181.12,DST Titans  FLEX Sam LaPorta QB Josh Allen RB James Cook III RB Javonte Williams TE Dalton Kincaid WR Amon-Ra St. Brown WR Garrett Wilson WR Khalil Shakir,,Keenan Allen,FLEX,0.07%,1.5
398,5258418586,FunkMaster213 (1/20),0,181.11998,DST Jaguars  FLEX Sam LaPorta QB Josh Allen RB Jahmyr Gibbs RB James Cook III TE Mark Andrews WR Amon-Ra St. Brown WR Dontayvion Wicks WR Devaughn Vele,,KaVontae Turpin,WR,0.07%,0.1
401,5258683392,2briar (9/20),0,181.08,DST Panthers  FLEX Michael Mayer QB Joe Burrow RB De'Von Achane RB Bucky Irving TE Dalton Schultz WR Ja'Marr Chase WR CeeDee Lamb WR Tee Higgins,,Theo Johnson,FLEX,0.07%,0
402,5258705529,ghsfy53 (13/20),0,180.92001,DST Bears  FLEX Kenneth Walker III QB Josh Allen RB James Cook III RB Bucky Irving TE Michael Mayer WR Davante Adams WR Terry McLaurin WR Jalen Coker,,Luke Farrell,TE,0.07%,0
403,5258138752,TwitterQueen (19/20),0,180.87999,DST Seahawks  FLEX Kenneth Walker III QB Geno Smith RB Jahmyr Gibbs RB Aaron Jones Sr. TE Dalton Schultz WR Amon-Ra St. Brown WR Garrett Wilson WR Matthew Golden,,Tre Tucker,FLEX,0.07%,25.9
404,5256619765,Knucklebabies,0,180.78001,DST Jaguars  FLEX Juwan Johnson QB Matthew Stafford RB James Cook III RB Javonte Williams TE Darren Waller WR Amon-Ra St. Brown WR Davante Adams WR Jameson Williams,,Chris Bell,WR,0.07%,0
405,5258072518,DraftKingsEAD (20/20),0,180.72,DST Panthers  FLEX Stefon Diggs QB Bo Nix RB Jahmyr Gibbs RB Kenneth Walker III TE Dalton Schultz WR Ja'Marr Chase WR Courtland Sutton WR Khalil Shakir,,John Bates,FLEX,0.07%,0
406,5257017860,csurunnerccr (2/20),0,180.68,DST Seahawks  FLEX George Kittle QB Brock Purdy RB Christian McCaffrey RB Kenneth Walker III TE Dalton Schultz WR Ja'Marr Chase WR DK Metcalf WR Jalen Coker,,LaJohntay Wester,FLEX,0.07%,2.4
407,5258288044,rsumrall (12/20),0,180.58,DST Broncos  FLEX Kenneth Walker III QB Patrick Mahomes RB Bijan Robinson RB James Cook III TE Michael Mayer WR Amon-Ra St. Brown WR Xavier Worthy WR Rashod Bateman,,Ray Davis,RB,0.07%,0
408,5257290415,MinnesotaManiac (7/9),0,180.48,DST Cardinals  FLEX CeeDee Lamb QB Patrick Mahomes RB Christian McCaffrey RB Saquon Barkley TE Travis Kelce WR DeVonta Smith WR Dontayvion Wicks WR Devaughn Vele,,Brian Robinson Jr.,FLEX,0.07%,8.7
408,5257348276,JediClampett (1/2),0,180.48,DST Patriots  FLEX Dontayvion Wicks QB Jared Goff RB Christian McCaffrey RB Kenneth Walker III TE Michael Mayer WR Amon-Ra St. Brown WR Chris Godwin Jr. WR Romeo Doubs,,Chris Brooks,RB,0.07%,3.6
410,5257964767,stock2mail (14/20),0,180.36,DST Colts  FLEX Jake Ferguson QB Dak Prescott RB Derrick Henry RB J.K. Dobbins TE Dalton Schultz WR Ja'Marr Chase WR George Pickens WR Davante Adams,,Josh Cameron,FLEX,0.07%,0
411,5258463343,Branaman12 (2/5),0,180.28,DST Bills  FLEX George Kittle QB Matthew Stafford RB James Cook III RB Kenneth Walker III TE Dalton Schultz WR Malik Nabers WR Davante Adams WR Malachi Fields,,Jahan Dotson,WR,0.07%,3.1
412,5258801282,RachelHugle (4/4),0,180.22,DST Chargers  FLEX Stefon Diggs QB Josh Allen RB Jonathan Taylor RB Kenneth Walker III TE Tucker Kraft WR Davante Adams WR Matthew Golden WR Makai Lemon,,Courtland Sutton,FLEX,0.07%,5.5
412,5256636654,jdmarc (10/20),0,180.21999,DST Seahawks  FLEX Michael Mayer QB Josh Allen RB Jahmyr Gibbs RB Bijan Robinson TE Dalton Schultz WR Davante Adams WR DK Metcalf WR Xavier Worthy,,Tutu Atwell,WR,0.07%,2.9
414,5256633747,mld2010 (17/20),0,180.02,DST Cardinals  FLEX Colston Loveland QB C.J. Stroud RB Bijan Robinson RB Kenneth Walker III TE Dalton Schultz WR CeeDee Lamb WR Davante Adams WR Kalif Raymond,,Mike Washington Jr.,RB,0.07%,0.7
414,5256750448,hiteofbob (13/20),0,180.02,DST Jaguars  FLEX Jaxon Smith-Njigba QB Josh Allen RB Bijan Robinson RB James Cook III TE Dalton Schultz WR Tetairoa McMillan WR Khalil Shakir WR Bryce Lance,,AJ Barner,FLEX,0.07%,7.9
416,5257107378,pat_the_hat2 (7/20),0,179.98,DST Steelers  FLEX Colston Loveland QB Matthew Stafford RB Christian McCaffrey RB Kyren Williams TE Dalton Schultz WR Ja'Marr Chase WR Davante Adams WR Quentin Johnston,,Chris Moore,FLEX,0.07%,1.6
416,5258643421,Lujack43 (8/20),0,179.98,DST Ravens  FLEX Dalton Kincaid QB Jared Goff RB Jahmyr Gibbs RB James Cook III TE Sam LaPorta WR Amon-Ra St. Brown WR Khalil Shakir WR Keon Coleman,,Konata Mumpfield,WR,0.07%,2.2
418,5257107380,pat_the_hat2 (9/20),0,179.96,DST Bears  FLEX Michael Mayer QB Dak Prescott RB Derrick Henry RB Javonte Williams TE Dalton Schultz WR Amon-Ra St. Brown WR CeeDee Lamb WR DK Metcalf,,Keon Coleman,FLEX,0.07%,12.3
419,5258399838,Itzpcraft (9/20),0,179.94,DST Bears  FLEX Mark Andrews QB Jayden Daniels RB Kenneth Walker III RB Javonte Williams TE Dalton Schultz WR Amon-Ra St. Brown WR CeeDee Lamb WR Terry McLaurin,,Kyle Williams,WR,0.07%,2
420,5257939207,Sammy.Boy (10/20),0,179.86,DST Jaguars  FLEX Terrance Ferguson QB Dak Prescott RB Christian McCaffrey RB Javonte Williams TE Isaiah Likely WR CeeDee Lamb WR George Pickens WR Davante Adams,,Sincere McCormick,RB,0.07%,0
421,5257964763,stock2mail (10/20),0,179.84,DST Seahawks  FLEX Mark Andrews QB Jayden Daniels RB Omarion Hampton RB Javonte Williams TE Dalton Schultz WR Ja'Marr Chase WR Davante Adams WR Stefon Diggs,,Odell Beckham Jr.,FLEX,0.05%,0
422,5257266856,erbear17 (19/20),0,179.78,DST Jaguars  FLEX Cam Skattebo QB Bryce Young RB James Cook III RB Aaron Jones Sr. TE Dalton Schultz WR Jaxon Smith-Njigba WR Garrett Wilson WR Jalen Coker,,Elic Ayomanor,WR,0.05%,8.9
422,5257103349,Zacklemore (3/20),0,179.77998,DST Browns  FLEX Kenneth Walker III QB Brock Purdy RB Bijan Robinson RB Christian McCaffrey TE Dalton Schultz WR Jaxon Smith-Njigba WR Demarcus Robinson WR Caleb Douglas,,KaVontae Turpin,FLEX,0.05%,0.1
424,5256732248,cw1tt (9/20),0,179.72,DST Broncos  FLEX Jonathan Taylor QB Carson Wentz RB Javonte Williams RB Aaron Jones Sr. TE Sam LaPorta WR CeeDee Lamb WR Garrett Wilson WR Davante Adams,,Eli Raridon,FLEX,0.05%,4
425,5258881290,spankjohnson88 (4/20),0,179.58,DST Ravens  FLEX Kenneth Walker III QB Patrick Mahomes RB Jahmyr Gibbs RB Aaron Jones Sr. TE Dalton Schultz WR CeeDee Lamb WR DK Metcalf WR Terry McLaurin,,Justice Hill,RB,0.05%,3.8
426,5257402421,alexvansoelen (18/20),0,179.56,DST Panthers  FLEX CeeDee Lamb QB Dak Prescott RB Omarion Hampton RB Javonte Williams TE Jake Ferguson WR George Pickens WR Stefon Diggs WR Terry McLaurin,,Rashid Shaheed,FLEX,0.05%,6.9
427,5257647485,whitedog22,0,179.51999,DST Patriots  FLEX Jake Ferguson QB Josh Allen RB Jonathan Taylor RB Derrick Henry TE David Njoku WR CeeDee Lamb WR Mike Evans WR DeMario Douglas,,Brock Wright,FLEX,0.05%,0
428,5256557905,mikefranco,0,179.5,DST Steelers  FLEX T.J. Hockenson QB Lamar Jackson RB Derrick Henry RB Cam Skattebo TE Dalton Schultz WR Jaxon Smith-Njigba WR CeeDee Lamb WR Matthew Golden,,Kayshon Boutte,FLEX,0.05%,6.7
429,5257263452,webercook (1/5),0,179.3,DST Panthers  FLEX Chuba Hubbard QB Drew Lock RB Jahmyr Gibbs RB Kenneth Walker III TE Isaiah Likely WR Jaxon Smith-Njigba WR Matthew Golden WR Mack Hollins,,Roschon Johnson,RB,0.05%,0
430,5258165381,mjneiman88,0,179.28,DST Raiders  FLEX Kalif Raymond QB Patrick Mahomes RB Ashton Jeanty RB Kenneth Walker III TE Mike Gesicki WR Justin Jefferson WR Amon-Ra St. Brown WR Davante Adams,,Travis Hunter,FLEX,0.05%,0
431,5257402408,alexvansoelen (5/20),0,179.22,DST Buccaneers  FLEX Dalton Schultz QB Josh Allen RB Bijan Robinson RB Christian McCaffrey TE Dalton Kincaid WR Davante Adams WR Khalil Shakir WR DeMario Douglas,,Ted Hurst III,FLEX,0.05%,4.7
431,5258546847,gatorbait144 (4/5),0,179.22,DST Giants  FLEX Rome Odunze QB Josh Allen RB James Cook III RB Kenneth Walker III TE Dalton Schultz WR DeVonta Smith WR Parker Washington WR DJ Moore,,DJ Giddens,RB,0.05%,0
433,5256732243,cw1tt (4/20),0,179.18001,DST Saints  FLEX Davante Adams QB Patrick Mahomes RB Christian McCaffrey RB Kenneth Walker III TE Travis Kelce WR Rashee Rice WR DJ Moore WR Terry McLaurin,,John Bates,TE,0.05%,0
433,5258024125,clipschutz (8/20),0,179.18001,DST 49ers  FLEX George Kittle QB Brock Purdy RB Bijan Robinson RB James Cook III TE Dalton Schultz WR Mike Evans WR Davante Adams WR Matthew Golden,,Jaylin Noel,FLEX,0.05%,5.4
433,5258399834,Itzpcraft (5/20),0,179.18,DST Falcons  FLEX Terrance Ferguson QB Matthew Stafford RB Kenneth Walker III RB Bucky Irving TE Dalton Schultz WR Justin Jefferson WR George Pickens WR Davante Adams,,Ryan Flournoy,FLEX,0.05%,7.3
436,5257107437,kojo3 (16/20),0,179.1,DST Browns  FLEX Travis Kelce QB Jordan Love RB Christian McCaffrey RB James Cook III TE Dalton Kincaid WR CeeDee Lamb WR Christian Watson WR Matthew Golden,,Jaylen Waddle,FLEX,0.05%,24.8
437,5257017872,csurunnerccr (14/20),0,179.08,DST Panthers  FLEX Malik Nabers QB Bryce Young RB Omarion Hampton RB Kenneth Walker III TE Pat Freiermuth WR Tetairoa McMillan WR Davante Adams WR Jalen Coker,,Cooper Kupp,FLEX,0.05%,4
437,5257017864,csurunnerccr (6/20),0,179.07999,DST Browns  FLEX Colby Parkinson QB Matthew Stafford RB Jahmyr Gibbs RB J.K. Dobbins TE Dalton Schultz WR CeeDee Lamb WR Davante Adams WR DeMario Douglas,,Gunnar Helm,FLEX,0.05%,3.3
439,5258643420,Lujack43 (7/20),0,179.01999,DST Ravens  FLEX Sam LaPorta QB Josh Allen RB James Cook III RB Kenneth Walker III TE Dalton Kincaid WR Amon-Ra St. Brown WR DJ Moore WR Xavier Hutchinson,,Foster Moreau,TE,0.05%,5.4
440,5257600466,CbusDawg (2/3),0,178.98,DST Seahawks  FLEX Jonathan Taylor QB Patrick Mahomes RB Kenneth Walker III RB Jadarian Price TE Travis Kelce WR Davante Adams WR DJ Moore WR Deebo Samuel Sr.,,Theo Johnson,TE,0.05%,0
441,5256725040,uteppunter,0,178.95999,DST Commanders  FLEX Dalton Schultz QB Jalen Hurts RB Derrick Henry RB Kyren Williams TE Dallas Goedert WR DeVonta Smith WR Jaylen Waddle WR Davante Adams,,Jonnu Smith,FLEX,0.03%,0
442,5258438050,HakeemTheDream (9/20),0,178.92,DST Steelers  FLEX Kenneth Walker III QB Josh Allen RB Christian McCaffrey RB James Cook III TE Dalton Kincaid WR Garrett Wilson WR Matthew Golden WR Roman Wilson,,Jauan Jennings,FLEX,0.03%,0
443,5257420451,jrevelle3 (2/20),0,178.9,DST Panthers  FLEX Christian McCaffrey QB Lamar Jackson RB Chuba Hubbard RB Aaron Jones Sr. TE Mark Andrews WR Davante Adams WR Rashod Bateman WR Devaughn Vele,,Adam Trautman,FLEX,0.03%,0
444,5256974140,jeh666 (15/20),0,178.88,DST Steelers  FLEX Deebo Samuel Sr. QB Bryce Young RB Derrick Henry RB Kenneth Walker III TE Isaiah Likely WR Amon-Ra St. Brown WR Davante Adams WR Khalil Shakir,,Cam Ward,QB,0.03%,20.02
445,5257465948,Josiefig (16/20),0,178.82,DST Bills  FLEX Darren Waller QB Josh Allen RB Jahmyr Gibbs RB James Cook III TE Dalton Kincaid WR Amon-Ra St. Brown WR DJ Moore WR Elic Ayomanor,,Davis Allen,FLEX,0.03%,1.7
445,5258438054,HakeemTheDream (13/20),0,178.81999,DST Cardinals  FLEX Kenneth Walker III QB Josh Allen RB Derrick Henry RB Ashton Jeanty TE Dalton Schultz WR Davante Adams WR DJ Moore WR Matthew Golden,,Elic Ayomanor,FLEX,0.03%,8.9
447,5258683402,2briar (19/20),0,178.77998,DST Vikings  FLEX Christian McCaffrey QB Brock Purdy RB Bijan Robinson RB Aaron Jones Sr. TE Terrance Ferguson WR CeeDee Lamb WR Stefon Diggs WR Malik Washington,,Zavion Thomas,FLEX,0.03%,0
448,5258679994,Balldunker,0,178.65999,DST Browns  FLEX Devaughn Vele QB Dak Prescott RB Jahmyr Gibbs RB James Cook III TE Dalton Schultz WR CeeDee Lamb WR George Pickens WR Terry McLaurin,,Tutu Atwell,FLEX,0.03%,2.9
449,5258701102,chipawawa (8/14),0,178.52,DST Jaguars  FLEX Travis Kelce QB Josh Allen RB James Cook III RB Kenneth Walker III TE Colston Loveland WR Ja'Marr Chase WR Garrett Wilson WR Devaughn Vele,,Jalen Nailor,FLEX,0.03%,1.9
449,5257891128,eklad (2/5),0,178.51999,DST Raiders  FLEX Antonio Williams QB Josh Allen RB Jahmyr Gibbs RB Bhayshul Tuten TE Dalton Kincaid WR Amon-Ra St. Brown WR Matthew Golden WR Adonai Mitchell,,Sione Vaki,RB,0.03%,3
451,5258521017,Smitty_7 (4/4),0,178.48,DST Broncos  FLEX Travis Kelce QB Jared Goff RB Jahmyr Gibbs RB Cam Skattebo TE Harold Fannin Jr. WR Amon-Ra St. Brown WR Deebo Samuel Sr. WR Stefon Diggs,,Noah Gray,TE,0.03%,0
452,5258401799,mknob87,0,178.42,DST 49ers  FLEX Kenneth Walker III QB Josh Allen RB Jahmyr Gibbs RB Bijan Robinson TE Dalton Schultz WR Matthew Golden WR Rashod Bateman WR Roman Wilson,,Samaje Perine,RB,0.03%,3.2
453,5258096249,tbjones2121 (13/20),0,178.4,DST Rams  FLEX Kenneth Walker III QB Drew Lock RB Bijan Robinson RB De'Von Achane TE Dalton Schultz WR Jaxon Smith-Njigba WR Jalen Coker WR Kayshon Boutte,,Nick Westbrook-Ikhine,WR,0.03%,0
454,5257431614,JonnyQuest329 (1/2),0,178.31999,DST Panthers  FLEX Rhamondre Stevenson QB Josh Allen RB Kenneth Walker III RB Kaelon Black TE Travis Kelce WR Jaxon Smith-Njigba WR DJ Moore WR Jordan Addison,,Kaytron Allen,FLEX,0.03%,2.4
455,5258024122,clipschutz (5/20),0,178.28,DST Titans  FLEX Colby Parkinson QB Matthew Stafford RB Bijan Robinson RB Derrick Henry TE Dalton Schultz WR Ja'Marr Chase WR George Pickens WR Davante Adams,,Tank Bigsby,RB,0.03%,11.8
456,5258159551,Satch65 (13/20),0,178.12001,DST 49ers  FLEX Michael Mayer QB Josh Allen RB Derrick Henry RB Kenneth Walker III TE Dalton Schultz WR Amon-Ra St. Brown WR Courtland Sutton WR Khalil Shakir,,Keaton Mitchell,FLEX,0.03%,4.9
456,5256523770,atlfenix (8/8),0,178.12,DST Cowboys  FLEX Davante Adams QB C.J. Stroud RB Kenneth Walker III RB Chuba Hubbard TE George Kittle WR Jaylen Waddle WR Christian Watson WR Tee Higgins,,Jack Bech,FLEX,0.03%,4.5
458,5257630785,Norm152241 (3/6),0,178.08,DST Bills  FLEX Mark Andrews QB Patrick Mahomes RB Jonathan Taylor RB Kyren Williams TE Kyle Pitts Sr. WR Jaxon Smith-Njigba WR Jaylen Waddle WR Xavier Worthy,,Kenny Gainwell,FLEX,0.03%,4.5
459,5258631691,ikeraw,0,177.88,DST Eagles  FLEX Sam LaPorta QB Patrick Mahomes RB Jahmyr Gibbs RB James Cook III TE Dalton Kincaid WR Amon-Ra St. Brown WR Deebo Samuel Sr. WR Joshua Palmer,,Brock Wright,TE,0.03%,0
460,5257929546,NahsonWren (6/20),0,177.78,DST Buccaneers  FLEX Travis Kelce QB Jared Goff RB Jahmyr Gibbs RB Kenneth Walker III TE Evan Engram WR Amon-Ra St. Brown WR Alec Pierce WR Rashod Bateman,,Tyler Higbee,TE,0.03%,0
461,5258881301,spankjohnson88 (15/20),0,177.72,DST Ravens  FLEX Kenneth Walker III QB Josh Allen RB Jahmyr Gibbs RB Aaron Jones Sr. TE Dalton Schultz WR Ja'Marr Chase WR Terry McLaurin WR Roman Wilson,,Jaylen Wright,FLEX,0.03%,1.1
461,5258288037,rsumrall (5/20),0,177.71999,DST Jets  FLEX Sam LaPorta QB Josh Allen RB Kenneth Walker III RB Aaron Jones Sr. TE Dalton Kincaid WR Justin Jefferson WR Davante Adams WR DJ Moore,,Michael Pittman Jr.,FLEX,0.03%,0
463,5257582291,goodpiss (7/10),0,177.68,DST Patriots  FLEX Courtland Sutton QB Bryce Young RB Jonathan Taylor RB Kyren Williams TE Kyle Pitts Sr. WR Amon-Ra St. Brown WR Jalen Coker WR Tre Tucker,,George Holani,RB,0.03%,2.5
464,5258552160,bdensley (2/20),0,177.62,DST Panthers  FLEX Blake Corum QB Josh Allen RB Jahmyr Gibbs RB Alvin Kamara TE Travis Kelce WR Amon-Ra St. Brown WR DJ Moore WR Caleb Douglas,,Josh Downs,FLEX,0.03%,14.2
465,5257593022,jballagh (11/20),0,177.56001,DST Chargers  FLEX Dalton Schultz QB Dak Prescott RB Christian McCaffrey RB Kenneth Walker III TE Colston Loveland WR CeeDee Lamb WR Stefon Diggs WR Jordan Addison,,Eli Raridon,TE,0.03%,4
466,5258536750,bigpeedo (7/8),0,177.54,DST 49ers  FLEX Jake Ferguson QB Jayden Daniels RB Jahmyr Gibbs RB Javonte Williams TE Dalton Schultz WR CeeDee Lamb WR Josh Downs WR Stefon Diggs,,Adonai Mitchell,FLEX,0.03%,12.3
467,5258674554,JohnZaps (20/20),0,177.52,DST Patriots  FLEX Isaiah Likely QB Josh Allen RB Kenneth Walker III RB D'Andre Swift TE Sam LaPorta WR Amon-Ra St. Brown WR DJ Moore WR Devaughn Vele,,Jahdae Walker,FLEX,0.03%,0
467,5257396228,jcr1117 (18/20),0,177.51999,DST Jets  FLEX Derrick Henry QB Josh Allen RB Bijan Robinson RB Breece Hall TE Dalton Schultz WR CeeDee Lamb WR Devaughn Vele WR Kalif Raymond,,Brevyn Spann-Ford,TE,0.03%,0
469,5256609212,ALiCiA14,0,177.48001,DST Steelers  FLEX Mike Gesicki QB Patrick Mahomes RB Bijan Robinson RB Kyren Williams TE Travis Kelce WR DeVonta Smith WR Mike Evans WR Davante Adams,,Wan'Dale Robinson,FLEX,0.03%,1.9
469,5257710416,damaral,0,177.48,DST Panthers  FLEX Drake London QB Patrick Mahomes RB Bijan Robinson RB Jonathan Taylor TE Travis Kelce WR Christian Watson WR Jalen Coker WR Xavier Worthy,,Calvin Ridley,WR,0.03%,5.5
471,5258370323,mrclean913 (15/20),0,177.42001,DST Panthers  FLEX Jaylen Warren QB Josh Allen RB Jahmyr Gibbs RB James Cook III TE Juwan Johnson WR Stefon Diggs WR Jalen Coker WR Khalil Shakir,,Elijah Sarratt,FLEX,0.03%,0
471,5256636655,jdmarc (11/20),0,177.42,DST Buccaneers  FLEX Michael Mayer QB Josh Allen RB Jahmyr Gibbs RB Bijan Robinson TE Dalton Schultz WR Garrett Wilson WR Davante Adams WR Xavier Hutchinson,,Barion Brown,FLEX,0.03%,0
471,5258643424,Lujack43 (11/20),0,177.42,DST Bears  FLEX Dallas Goedert QB Josh Allen RB Jahmyr Gibbs RB James Cook III TE Dalton Kincaid WR Amon-Ra St. Brown WR Kalif Raymond WR Joshua Palmer,,Zachariah Branch,WR,0.03%,3.4
474,5258072508,DraftKingsEAD (10/20),0,177.34,DST Patriots  FLEX Kenneth Walker III QB Cooper Rush RB Jahmyr Gibbs RB Bijan Robinson TE Dalton Schultz WR Drake London WR Davante Adams WR Adonai Mitchell,,Charlie Kolar,FLEX,0.03%,5.1
475,5257622820,charlesrayallday (10/10),0,177.31999,DST Jaguars  FLEX Jahmyr Gibbs QB Josh Allen RB Kenneth Walker III RB Aaron Jones Sr. TE Dalton Kincaid WR Amon-Ra St. Brown WR Jayden Reed WR Roman Wilson,,Germie Bernard,WR,0.03%,7.5
476,5257618930,charlesrayallday (2/10),0,177.28,DST Titans  FLEX Jahmyr Gibbs QB Jared Goff RB Kenneth Walker III RB Aaron Jones Sr. TE Dalton Schultz WR Amon-Ra St. Brown WR DJ Moore WR Khalil Shakir,,Rachaad White,FLEX,0.02%,14.3
477,5257108790,magman1211 (2/6),0,177.22002,DST Patriots  FLEX Aaron Jones Sr. QB Josh Allen RB James Cook III RB Chuba Hubbard TE Travis Kelce WR Rashee Rice WR Garrett Wilson WR Deebo Samuel Sr.,,Keaton Mitchell,RB,0.02%,4.9
478,5257819211,Landshark12000,0,177.12,DST Panthers  FLEX Deebo Samuel Sr. QB Josh Allen RB David Montgomery RB Rhamondre Stevenson TE Dalton Kincaid WR Amon-Ra St. Brown WR Stefon Diggs WR Dontayvion Wicks,,Jerry Jeudy,FLEX,0.02%,0
479,5256498194,sportsfanatic89 (3/20),0,177.01999,DST Buccaneers  FLEX Kenneth Walker III QB Josh Allen RB Jahmyr Gibbs RB Jadarian Price TE Dalton Schultz WR Davante Adams WR DJ Moore WR Xavier Hutchinson,,Drew Ogletree,FLEX,0.02%,0
479,5256498197,sportsfanatic89 (6/20),0,177.01999,DST Buccaneers  FLEX Kenneth Walker III QB Josh Allen RB Jahmyr Gibbs RB Jadarian Price TE Dalton Schultz WR Davante Adams WR DJ Moore WR Xavier Hutchinson,,Chris Rodriguez Jr.,FLEX,0.02%,1.3
479,5256498201,sportsfanatic89 (9/20),0,177.01999,DST Buccaneers  FLEX Kenneth Walker III QB Josh Allen RB Jahmyr Gibbs RB Jadarian Price TE Dalton Schultz WR Davante Adams WR DJ Moore WR Xavier Hutchinson,,Corey Kiner,RB,0.02%,0
479,5256498207,sportsfanatic89 (12/20),0,177.01999,DST Buccaneers  FLEX Kenneth Walker III QB Josh Allen RB Jahmyr Gibbs RB Jadarian Price TE Dalton Schultz WR Davante Adams WR DJ Moore WR Xavier Hutchinson,,Lil'Jordan Humphrey,FLEX,0.02%,0
479,5256498209,sportsfanatic89 (14/20),0,177.01999,DST Buccaneers  FLEX Kenneth Walker III QB Josh Allen RB Jahmyr Gibbs RB Jadarian Price TE Dalton Schultz WR Davante Adams WR DJ Moore WR Xavier Hutchinson,,Anthony Richardson Sr.,QB,0.02%,0
479,5256504455,sportsfanatic89 (17/20),0,177.01999,DST Buccaneers  FLEX Kenneth Walker III QB Josh Allen RB Jahmyr Gibbs RB Jadarian Price TE Dalton Schultz WR Davante Adams WR DJ Moore WR Xavier Hutchinson,,De'Zhaun Stribling,WR,0.02%,0
479,5256514398,sportsfanatic89 (20/20),0,177.01999,DST Buccaneers  FLEX Kenneth Walker III QB Josh Allen RB Jahmyr Gibbs RB Jadarian Price TE Dalton Schultz WR Davante Adams WR DJ Moore WR Xavier Hutchinson,,Jacob Cowing,WR,0.02%,0
486,5257420457,jrevelle3 (8/20),0,176.98001,DST Chiefs  FLEX Travis Kelce QB Patrick Mahomes RB De'Von Achane RB Kenneth Walker III TE Michael Mayer WR Rashee Rice WR Garrett Wilson WR Davante Adams,,Romeo Doubs,FLEX,0.02%,12.6
487,5258229285,Quake211 (10/20),0,176.95999,DST Titans  FLEX Jacory Croskey-Merritt QB Dak Prescott RB Jahmyr Gibbs RB Derrick Henry TE T.J. Hockenson WR CeeDee Lamb WR Davante Adams WR Xavier Hutchinson,,Jackson Hawes,TE,0.02%,0
488,5258753253,overdogz,0,176.88,DST Jets  FLEX Rashee Rice QB Patrick Mahomes RB Derrick Henry RB Kenneth Walker III TE Dalton Kincaid WR Emeka Egbuka WR Davante Adams WR Khalil Shakir,,Jaleel McLaughlin,RB,0.02%,0.3
489,5258096239,tbjones2121 (3/20),0,176.86,DST Titans  FLEX Michael Mayer QB Dak Prescott RB James Cook III RB Aaron Jones Sr. TE Mark Andrews WR Amon-Ra St. Brown WR CeeDee Lamb WR George Pickens,,Austin Hooper,FLEX,0.02%,4
490,5258072512,DraftKingsEAD (14/20),0,176.76,DST 49ers  FLEX Jake Ferguson QB Dak Prescott RB Christian McCaffrey RB James Cook III TE Dalton Schultz WR Ja'Marr Chase WR George Pickens WR Kayshon Boutte,,Elijah Higgins,TE,0.02%,0
491,5258072500,DraftKingsEAD (2/20),0,176.62,DST Chiefs  FLEX Kyren Williams QB C.J. Stroud RB James Cook III RB Kenneth Walker III TE Dalton Schultz WR George Pickens WR Davante Adams WR Kayshon Boutte,,Hunter Long,FLEX,0.02%,0
491,5258152097,Moon2Carter (1/2),0,176.62,DST Bengals  FLEX Bucky Irving QB Josh Allen RB James Cook III RB Kenneth Walker III TE David Njoku WR Parker Washington WR Davante Adams WR DJ Moore,,Cyrus Allen,WR,0.02%,0
491,5258234571,LOCNOTM (13/20),0,176.62,DST Jaguars  FLEX Dalton Schultz QB Josh Allen RB Bijan Robinson RB James Cook III TE Dalton Kincaid WR Davante Adams WR DJ Moore WR Caleb Douglas,,Marvin Mims Jr.,WR,0.02%,0
494,5257296825,LetEmKnow (16/20),0,176.48001,DST Browns  FLEX Kenneth Walker III QB Patrick Mahomes RB Jahmyr Gibbs RB J.K. Dobbins TE Travis Kelce WR Rashee Rice WR Davante Adams WR DeMario Douglas,,DeeJay Dallas,RB,0.02%,3
494,5258131650,Biasfan (3/6),0,176.48001,DST Broncos  FLEX Derrick Henry QB Jared Goff RB Ashton Jeanty RB James Cook III TE Dalton Schultz WR Amon-Ra St. Brown WR Matthew Golden WR Khalil Shakir,,Luke Musgrave,FLEX,0.02%,0
494,5258024137,clipschutz (20/20),0,176.48,DST Bears  FLEX Davante Adams QB Matthew Stafford RB Omarion Hampton RB Kenneth Walker III TE Dalton Schultz WR Malik Nabers WR Garrett Wilson WR Caleb Douglas,,Jayden Reed,FLEX,0.02%,1.4
497,5257295216,Rusty_Trombone (11/20),0,176.28,DST Titans  FLEX Kenneth Walker III QB Matthew Stafford RB James Cook III RB Javonte Williams TE Dalton Schultz WR Malik Nabers WR Davante Adams WR Terry McLaurin,,Tank Bigsby,FLEX,0.02%,11.8
498,5258064591,mustangs2015 (15/20),0,176.26,DST Patriots  FLEX Jake Ferguson QB Dak Prescott RB Bijan Robinson RB James Cook III TE Mark Andrews WR CeeDee Lamb WR Josh Downs WR Khalil Shakir,,Zamir White,RB,0.02%,0
499,5256820282,Hlb640 (10/20),0,176.12001,DST Panthers  FLEX Isaiah Likely QB Carson Wentz RB Kenneth Walker III RB Demond Claiborne TE Dalton Kincaid WR Justin Jefferson WR Amon-Ra St. Brown WR CeeDee Lamb,,Elijah Moore,WR,0.02%,0
499,5258398765,Bearfan700 (16/20),0,176.11998,DST Steelers  FLEX CeeDee Lamb QB Josh Allen RB Jahmyr Gibbs RB Aaron Jones Sr. TE David Njoku WR Malik Nabers WR Davante Adams WR Xavier Hutchinson,,Nick Muse,TE,0.02%,0
501,5258288042,rsumrall (10/20),0,175.98001,DST 49ers  FLEX Travis Kelce QB Patrick Mahomes RB Bijan Robinson RB Kenneth Walker III TE Michael Mayer WR Garrett Wilson WR Davante Adams WR Courtland Sutton,,Luke McCaffrey,FLEX,0.02%,0
501,5257147794,betmaster0324 (1/6),0,175.98,DST Buccaneers  FLEX Davante Adams QB Patrick Mahomes RB Jahmyr Gibbs RB Kenneth Walker III TE Dalton Kincaid WR DJ Moore WR Jalen Coker WR Dontayvion Wicks,,Isaiah Bond,WR,0.02%,2
501,5258347707,brandonbeene12,0,175.97998,DST Browns  FLEX Kenneth Walker III QB Brock Purdy RB Jahmyr Gibbs RB Bijan Robinson TE Dalton Schultz WR Amon-Ra St. Brown WR Demarcus Robinson WR Xavier Hutchinson,,Braelon Allen,FLEX,0.02%,8.5
504,5256843996,comeaux79 (3/20),0,175.88,DST Bears  FLEX Jake Ferguson QB Patrick Mahomes RB Kenneth Walker III RB Jacory Croskey-Merritt TE Hunter Henry WR Amon-Ra St. Brown WR Ja'Marr Chase WR Rashee Rice,,Najee Harris,RB,0.02%,0.6
504,5256991545,whoisjohngalt420 (10/20),0,175.88,DST Panthers  FLEX Kenneth Walker III QB Patrick Mahomes RB Christian McCaffrey RB Javonte Williams TE Dalton Schultz WR Rashee Rice WR Parker Washington WR Quentin Johnston,,Jake Briningstool,FLEX,0.02%,0
506,5256905350,Keauxbe824 (5/20),0,175.78,DST Chiefs  FLEX Colston Loveland QB Jared Goff RB James Cook III RB TreVeyon Henderson TE Sam LaPorta WR Amon-Ra St. Brown WR Davante Adams WR Jameson Williams,,Michael Penix Jr.,QB,0.02%,0
506,5257206980,comeaux79 (8/20),0,175.78,DST Jaguars  FLEX Mike Gesicki QB Jared Goff RB Jahmyr Gibbs RB TreVeyon Henderson TE Dalton Kincaid WR Amon-Ra St. Brown WR Davante Adams WR DJ Moore,,Chris Bell,FLEX,0.02%,0
506,5258705517,ghsfy53 (1/20),0,175.78,DST Panthers  FLEX George Kittle QB Brock Purdy RB Chuba Hubbard RB Aaron Jones Sr. TE Michael Mayer WR Ja'Marr Chase WR Malik Nabers WR Davante Adams,,Kyle Juszczyk,FLEX,0.02%,10.7
509,5258340489,cbc113 (1/5),0,175.72,DST Buccaneers  FLEX Luther Burden III QB Josh Allen RB James Cook III RB Aaron Jones Sr. TE Dalton Kincaid WR Amon-Ra St. Brown WR Khalil Shakir WR Rashod Bateman,,Calvin Austin III,WR,0.02%,0
509,5256801799,sgrupp,0,175.71999,DST Buccaneers  FLEX Jalen Coker QB Josh Allen RB Kenneth Walker III RB Bucky Irving TE Dalton Schultz WR Amon-Ra St. Brown WR DJ Moore WR Devaughn Vele,,Gavin Bartholomew,TE,0.02%,0
511,5256732240,cw1tt (1/20),0,175.68,DST Chargers  FLEX Mark Andrews QB Matthew Stafford RB Jahmyr Gibbs RB Kenneth Walker III TE Dalton Schultz WR Puka Nacua WR Davante Adams WR KC Concepcion Jr.,,Kendre Miller,RB,0.02%,0
512,5256668735,shanrock3,0,175.62001,DST 49ers  FLEX Tank Bigsby QB Josh Allen RB Saquon Barkley RB Ray Davis TE Travis Kelce WR Jaxon Smith-Njigba WR CeeDee Lamb WR KaVontae Turpin,,Jonah Coleman,FLEX,0.02%,14.8
512,5256865594,stambizzle,0,175.62,DST Buccaneers  FLEX Javonte Williams QB Josh Allen RB Jahmyr Gibbs RB Aaron Jones Sr. TE Dalton Schultz WR Davante Adams WR DK Metcalf WR Matthew Golden,,Nate Boerkircher,FLEX,0.02%,0
514,5256686825,ljrjohnson3350 (2/10),0,175.58,DST Seahawks  FLEX Jonathan Taylor QB Patrick Mahomes RB Javonte Williams RB Bucky Irving TE Jake Ferguson WR George Pickens WR Davante Adams WR Romeo Doubs,,Kyler Murray,QB,0.02%,0
514,5256732256,cw1tt (17/20),0,175.58,DST Jets  FLEX Colby Parkinson QB Patrick Mahomes RB Jahmyr Gibbs RB Bijan Robinson TE Sam LaPorta WR Ja'Marr Chase WR Davante Adams WR Xavier Worthy,,Andrei Iosivas,FLEX,0.02%,1.7
514,5258683389,2briar (6/20),0,175.58,DST Broncos  FLEX Davante Adams QB Matthew Stafford RB Derrick Henry RB J.K. Dobbins TE Dalton Schultz WR Ja'Marr Chase WR George Pickens WR Ryan Flournoy,,Jordan James,RB,0.02%,1.5
517,5258363543,SpeedRacer101 (18/20),0,175.52,DST 49ers  FLEX Michael Mayer QB Josh Allen RB James Cook III RB J.K. Dobbins TE Dalton Kincaid WR Amon-Ra St. Brown WR Ja'Marr Chase WR Xavier Hutchinson,,Chimere Dike,WR,0.02%,0
517,5258718966,jflynn182 (16/20),0,175.52,DST Bills  FLEX Tony Pollard QB Josh Allen RB Chase Brown RB Cam Skattebo TE Dalton Schultz WR CeeDee Lamb WR Tee Higgins WR Stefon Diggs,,Myles Price,WR,0.02%,0
519,5256961751,nukedropthenuke (1/3),0,175.42,DST Eagles  FLEX CeeDee Lamb QB Josh Allen RB Derrick Henry RB James Cook III TE Dalton Kincaid WR Antonio Williams WR Dontayvion Wicks WR Devaughn Vele,,Tre' Harris,FLEX,0.02%,6.3
519,5258794145,MikeD_Yall,0,175.41998,DST Panthers  FLEX Pat Bryant QB Josh Allen RB Jahmyr Gibbs RB Aaron Jones Sr. TE Dalton Kincaid WR Amon-Ra St. Brown WR Jordan Addison WR Antonio Williams,,AJ Dillon,RB,0.02%,-0.3
521,5256487362,sketchypants (5/5),0,175.31999,DST Jaguars  FLEX Rashod Bateman QB Josh Allen RB Jahmyr Gibbs RB Aaron Jones Sr. TE Dalton Kincaid WR Amon-Ra St. Brown WR DJ Moore WR Adonai Mitchell,,Nate Adkins,TE,0.02%,12.8
522,5257591462,atong126 (6/20),0,175.28001,DST Cardinals  FLEX Kenneth Walker III QB Matthew Stafford RB Christian McCaffrey RB Aaron Jones Sr. TE Dalton Schultz WR Malik Nabers WR Davante Adams WR Khalil Shakir,,Ben VanSumeren,RB,0.02%,0
523,5258323758,d00dy (18/20),0,175.26001,DST Titans  FLEX Bijan Robinson QB Dak Prescott RB Kenneth Walker III RB Aaron Jones Sr. TE Dalton Schultz WR CeeDee Lamb WR George Pickens WR Matthew Golden,,Chig Okonkwo,TE,0.02%,0
524,5258064581,mustangs2015 (5/20),0,175.18001,DST 49ers  FLEX Kenneth Walker III QB Brock Purdy RB Christian McCaffrey RB Bucky Irving TE Dalton Schultz WR Ja'Marr Chase WR Xavier Worthy WR Ryan Flournoy,,Carnell Tate,FLEX,0.02%,5.7
525,5256905349,Keauxbe824 (4/20),0,175.12,DST Jaguars  FLEX Mack Hollins QB Josh Allen RB Jahmyr Gibbs RB James Cook III TE Sam LaPorta WR Amon-Ra St. Brown WR Xavier Worthy WR Devaughn Vele,,Jalen Royals,WR,0.02%,8.6
526,5256763485,bigmo50,0,175.08,DST 49ers  FLEX Dalton Kincaid QB Brock Purdy RB James Cook III RB Kenneth Walker III TE Travis Kelce WR Christian Watson WR Garrett Wilson WR Deebo Samuel Sr.,,Marlin Klein,TE,0.02%,0
526,5258006431,m0neymykah (7/10),0,175.08,DST Browns  FLEX Michael Mayer QB Brock Purdy RB Ashton Jeanty RB Kenneth Walker III TE Dalton Schultz WR Amon-Ra St. Brown WR Chris Olave WR Mike Evans,,Malik Washington,FLEX,0.02%,8.7
528,5256759675,madmonk76 (1/2),0,174.98,DST Steelers  FLEX Kaelon Black QB Patrick Mahomes RB Derrick Henry RB Kenneth Walker III TE Dalton Schultz WR CeeDee Lamb WR Mike Evans WR Rashee Rice,,Sean Tucker,RB,0.02%,0
528,5257266849,erbear17 (12/20),0,174.98,DST Browns  FLEX Christian McCaffrey QB Brock Purdy RB Bijan Robinson RB James Cook III TE Dalton Schultz WR Amon-Ra St. Brown WR Kayshon Boutte WR Kalif Raymond,,Kyle Williams,FLEX,0.02%,2
530,5258439312,STMXXL (1/2),0,174.9,DST Jaguars  FLEX Dalton Schultz QB Drew Lock RB Chuba Hubbard RB Aaron Jones Sr. TE Dallas Goedert WR Jaxon Smith-Njigba WR Justin Jefferson WR Amon-Ra St. Brown,,Zavion Thomas,WR,0.02%,0
531,5256732247,cw1tt (8/20),0,174.82,DST Buccaneers  FLEX Davante Adams QB Josh Allen RB Derrick Henry RB Kenneth Walker III TE Colby Parkinson WR George Pickens WR Stefon Diggs WR Matthew Golden,,Gage Larvadain,WR,0.02%,0
531,5258879059,gmonster34,0,174.82,DST Panthers  FLEX Dalton Kincaid QB Josh Allen RB Jahmyr Gibbs RB Kenneth Walker III TE Colston Loveland WR Emeka Egbuka WR Dontayvion Wicks WR Devaughn Vele,,Tyler Johnson,WR,0.02%,0
533,5256523720,atlfenix (6/8),0,174.72,DST Bills  FLEX KaVontae Turpin QB Josh Allen RB Chuba Hubbard RB Rhamondre Stevenson TE Travis Kelce WR Jaxon Smith-Njigba WR CeeDee Lamb WR DJ Moore,,Darnell Washington,FLEX,0.02%,1.7
534,5258198848,aquafinatim (17/20),0,174.62,DST Cardinals  FLEX Brenton Strange QB Josh Allen RB Ashton Jeanty RB Kenneth Walker III TE Dalton Kincaid WR CeeDee Lamb WR Garrett Wilson WR Xavier Worthy,,Devontez Walker,FLEX,0.02%,5.7
535,5258363533,SpeedRacer101 (8/20),0,174.58,DST Bears  FLEX Dalton Schultz QB Matthew Stafford RB Jahmyr Gibbs RB Bijan Robinson TE Sam LaPorta WR Davante Adams WR Khalil Shakir WR Xavier Hutchinson,,Ty Johnson,RB,0.02%,0
536,5256636659,jdmarc (15/20),0,174.51999,DST Broncos  FLEX Aaron Jones Sr. QB Josh Allen RB Jahmyr Gibbs RB Derrick Henry TE Michael Mayer WR Garrett Wilson WR Davante Adams WR Xavier Hutchinson,,Tory Horton,WR,0.02%,0
537,5257420456,jrevelle3 (7/20),0,174.48,DST Buccaneers  FLEX Rashee Rice QB Patrick Mahomes RB James Cook III RB J.K. Dobbins TE Dalton Schultz WR Amon-Ra St. Brown WR Garrett Wilson WR Parker Washington,,Mike Washington Jr.,FLEX,0.02%,0.7
538,5257160758,murrajitiger (1/3),0,174.37999,DST Patriots  FLEX Kyren Williams QB Aaron Rodgers RB Kenneth Walker III RB Bucky Irving TE Brenton Strange WR Amon-Ra St. Brown WR Davante Adams WR Deebo Samuel Sr.,,Malik Benson,WR,0.02%,0
539,5257929543,NahsonWren (3/20),0,174.31999,DST Chiefs  FLEX Jaxon Smith-Njigba QB Josh Allen RB Kenneth Walker III RB Aaron Jones Sr. TE Dalton Kincaid WR DJ Moore WR Jakobi Meyers WR Denzel Boston,,Foster Moreau,FLEX,0.02%,5.4
540,5257107376,pat_the_hat2 (5/20),0,174.28,DST Panthers  FLEX Davante Adams QB Patrick Mahomes RB Javonte Williams RB Kyren Williams TE Dalton Schultz WR Malik Nabers WR Rashee Rice WR Xavier Hutchinson,,Drew Sample,TE,0.02%,0
540,5257619036,charlesrayallday (7/10),0,174.28,DST Giants  FLEX Jahmyr Gibbs QB Jared Goff RB Kenneth Walker III RB Aaron Jones Sr. TE Dalton Schultz WR Amon-Ra St. Brown WR DJ Moore WR Khalil Shakir,,Mitchell Evans,TE,0.02%,2.3
542,5256813600,FFExplorer (1/5),0,174.18,DST Buccaneers  FLEX James Cook III QB Matthew Stafford RB Kenneth Walker III RB Bucky Irving TE Travis Kelce WR Davante Adams WR DJ Moore WR Terry McLaurin,,Bo Melton,WR,0.02%,0
543,5258213371,TWayne85 (7/20),0,174.16,DST Jaguars  FLEX Breece Hall QB Dak Prescott RB Bijan Robinson RB Kenneth Walker III TE Jake Ferguson WR CeeDee Lamb WR Stefon Diggs WR Kalif Raymond,,Brady Russell,RB,0.02%,0
544,5257017874,csurunnerccr (16/20),0,174.12,DST Browns  FLEX Michael Mayer QB Josh Allen RB James Cook III RB Javonte Williams TE Sam LaPorta WR Amon-Ra St. Brown WR Ja'Marr Chase WR KC Concepcion Jr.,,Chandler Brayboy,WR,0.02%,0
544,5257296824,LetEmKnow (15/20),0,174.11998,DST Chiefs  FLEX Mark Andrews QB Josh Allen RB Kenneth Walker III RB Bucky Irving TE Dalton Kincaid WR Garrett Wilson WR Davante Adams WR DJ Moore,,Dameon Pierce,FLEX,0.02%,0
546,5256496612,boys4 (2/3),0,174.07999,DST Lions  FLEX Dalton Kincaid QB Jared Goff RB Jahmyr Gibbs RB James Cook III TE Sam LaPorta WR Amon-Ra St. Brown WR Khalil Shakir WR Devaughn Vele,,Brian Thomas Jr.,FLEX,0.02%,7
546,5258338671,alnew10 (11/20),0,174.07999,DST Giants  FLEX Sam LaPorta QB Jared Goff RB Jahmyr Gibbs RB James Cook III TE Dalton Kincaid WR Amon-Ra St. Brown WR DJ Moore WR Keon Coleman,,Germie Bernard,FLEX,0.02%,7.5