Rank,EntryId,EntryName,TimeRemaining,Points,Lineup,,Player,Roster Position,%Drafted,FPTS
1,5269006409,WolfDance (132/150),0,238.59999,DST Vikings  FLEX George Kittle QB Jacoby Brissett RB Jahmyr Gibbs RB Jaylen Warren TE Kenyon Sadiq WR Chris Olave WR Garrett Wilson WR Michael Wilson,,Kenneth Walker III,RB,33.99%,21.3
2,5269719744,ucfbookman (72/100),0,232.6,DST Vikings  FLEX Kenyon Sadiq QB Geno Smith RB Jahmyr Gibbs RB James Cook III TE George Kittle WR Jaxon Smith-Njigba WR Garrett Wilson WR LaJohntay Wester,,Jahmyr Gibbs,RB,28.20%,41.4
3,5271298543,Neilcatermole (117/150),0,230.9,DST Colts  FLEX Kenyon Sadiq QB Geno Smith RB Jahmyr Gibbs RB Jaylen Warren TE Juwan Johnson WR Jaxon Smith-Njigba WR Garrett Wilson WR Parker Washington,,Garrett Wilson,WR,24.61%,29.7
4,5269652991,Gootse28 (25/150),0,230.3,DST Raiders  FLEX George Kittle QB Geno Smith RB Jahmyr Gibbs RB Chuba Hubbard TE Kenyon Sadiq WR Jaxon Smith-Njigba WR Garrett Wilson WR Malik Washington,,Titans ,DST,23.41%,7
5,5270679630,bruc0074 (60/150),0,230.24,DST Vikings  FLEX Kenyon Sadiq QB Geno Smith RB Jahmyr Gibbs RB James Cook III TE Harold Fannin Jr. WR Chris Olave WR Garrett Wilson WR Deebo Samuel Sr.,,Parker Washington,WR,19.37%,13
6,5270847042,roosevelt (77/150),0,228.18,DST Vikings  FLEX Juwan Johnson QB Brock Purdy RB Jahmyr Gibbs RB Kenneth Walker III TE George Kittle WR Garrett Wilson WR Michael Wilson WR Malik Washington,,Dalton Schultz,TE,18.73%,6
7,5270577700,SaintNeonRose (64/150),0,227.89998,DST Buccaneers  FLEX Kenyon Sadiq QB Geno Smith RB Jahmyr Gibbs RB Jaylen Warren TE Travis Kelce WR Jaxon Smith-Njigba WR Garrett Wilson WR Jakobi Meyers,,Amon-Ra St. Brown,WR,16.50%,11.9
8,5270967722,maxpeers5 (21/150),0,227.70001,DST Buccaneers  FLEX Juwan Johnson QB Geno Smith RB Jahmyr Gibbs RB Kenneth Walker III TE Kenyon Sadiq WR Jaxon Smith-Njigba WR Garrett Wilson WR Malik Washington,,Jaylen Warren,RB,15.92%,23.6
9,5267013055,AverageTuesday (100/150),0,227.2,DST Jaguars  FLEX Cade Otton QB Geno Smith RB Jahmyr Gibbs RB Jaylen Warren TE Kenyon Sadiq WR Jaxon Smith-Njigba WR Garrett Wilson WR Parker Washington,,Devaughn Vele,WR,15.73%,6.9
10,5266091059,yolobet (45/150),0,226.84,DST Vikings  FLEX Christian McCaffrey QB Geno Smith RB Jahmyr Gibbs RB Jaylen Warren TE Kenyon Sadiq WR Garrett Wilson WR Michael Wilson WR Malik Washington,,Jaxon Smith-Njigba,WR,15.70%,38.36
11,5271268595,RobertFootball (94/150),0,224.6,DST Jaguars  FLEX Juwan Johnson QB Geno Smith RB Jahmyr Gibbs RB Chuba Hubbard TE Harold Fannin Jr. WR Jaxon Smith-Njigba WR Garrett Wilson WR Rashod Bateman,,Tyler Shough,QB,13.55%,26.8
12,5270967751,maxpeers5 (50/150),0,224.09999,DST Titans  FLEX Trey McBride QB Geno Smith RB Jahmyr Gibbs RB Jaylen Warren TE Kenyon Sadiq WR Jaxon Smith-Njigba WR Garrett Wilson WR Ted Hurst III,,Chris Olave,WR,13.47%,22.7
13,5269184245,khay86 (128/150),0,223.98,DST Titans  FLEX George Kittle QB Brock Purdy RB Jahmyr Gibbs RB Jaylen Warren TE Kenyon Sadiq WR Mike Evans WR Garrett Wilson WR Michael Wilson,,Chuba Hubbard,RB,13.39%,15
14,5272360313,Frrststhl (61/150),0,223.70001,DST Bills  FLEX George Kittle QB Geno Smith RB Jahmyr Gibbs RB James Cook III TE Kenyon Sadiq WR Jaxon Smith-Njigba WR Garrett Wilson WR Isaiah Williams,,James Cook III,RB,12.40%,23.4
15,5269184882,Dpac2 (32/150),0,223.6,DST Titans  FLEX George Kittle QB Geno Smith RB Jahmyr Gibbs RB Kenneth Walker III TE Kenyon Sadiq WR Jaxon Smith-Njigba WR Garrett Wilson WR Isaiah Williams,,Rashod Bateman,WR,12.39%,5.7
15,5270676745,TreSuede (53/150),0,223.6,DST Titans  FLEX George Kittle QB Geno Smith RB Jahmyr Gibbs RB Kenneth Walker III TE Kenyon Sadiq WR Jaxon Smith-Njigba WR Garrett Wilson WR Isaiah Williams,,Derrick Henry,RB,12.11%,21.9
15,5272379829,anishsb21 (15/150),0,223.6,DST Titans  FLEX George Kittle QB Geno Smith RB Jahmyr Gibbs RB Kenneth Walker III TE Kenyon Sadiq WR Jaxon Smith-Njigba WR Garrett Wilson WR Isaiah Williams,,Denzel Boston,WR,11.93%,8.1
18,5271471080,jerzeyzveryown (39/150),0,223.40001,DST Vikings  FLEX Kenyon Sadiq QB Geno Smith RB Jahmyr Gibbs RB James Cook III TE Travis Kelce WR Jaxon Smith-Njigba WR Garrett Wilson WR Isaiah Williams,,Travis Kelce,TE,11.83%,13.9
19,5270545247,dloghouse (35/100),0,222.90001,DST Vikings  FLEX Darren Waller QB Geno Smith RB Jahmyr Gibbs RB Kenneth Walker III TE Kenyon Sadiq WR Jaxon Smith-Njigba WR Garrett Wilson WR Xavier Hutchinson,,Jalen Coker,WR,11.65%,3.8
20,5271701610,cmac17554 (78/150),0,222.49998,DST Titans  FLEX George Kittle QB Geno Smith RB Jahmyr Gibbs RB Jaylen Warren TE Brenton Strange WR Jaxon Smith-Njigba WR Garrett Wilson WR Jordan Addison,,CeeDee Lamb,WR,10.78%,23.2
21,5269214726,bramwell2010 (6/150),0,222.36,DST Titans  FLEX Juwan Johnson QB Tyler Shough RB James Cook III RB Jaylen Warren TE Kenyon Sadiq WR Jaxon Smith-Njigba WR Chris Olave WR Garrett Wilson,,Chase Brown,RB,9.83%,8.9
22,5268900731,shakenbakeog (46/150),0,222.06,DST Chiefs  FLEX Juwan Johnson QB Jacoby Brissett RB Jahmyr Gibbs RB Kenneth Walker III TE George Kittle WR Jaxon Smith-Njigba WR Michael Wilson WR Ted Hurst III,,Tetairoa McMillan,WR,9.62%,3.7
23,5269835900,F-Man (36/150),0,221.91998,DST Titans  FLEX Juwan Johnson QB Sam Darnold RB Jahmyr Gibbs RB Jaylen Warren TE AJ Barner WR Jaxon Smith-Njigba WR Garrett Wilson WR Parker Washington,,Ladd McConkey,WR,9.40%,10.6
24,5271443555,bionicknee (52/150),0,221.81998,DST Titans  FLEX George Kittle QB Sam Darnold RB Jahmyr Gibbs RB Jaylen Warren TE AJ Barner WR Jaxon Smith-Njigba WR Tee Higgins WR Terry McLaurin,,Ashton Jeanty,RB,9.33%,12.3
25,5272581767,O.G.Chip (71/150),0,221.44,DST Chargers  FLEX George Kittle QB Geno Smith RB Jahmyr Gibbs RB Derrick Henry TE Kenyon Sadiq WR CeeDee Lamb WR Garrett Wilson WR Xavier Hutchinson,,Jonathan Taylor,RB,9.18%,9.2
26,5271224640,snejames001 (81/150),0,221.22002,DST Chargers  FLEX Cade Otton QB Sam Darnold RB Jahmyr Gibbs RB Kenneth Walker III TE Harold Fannin Jr. WR Jaxon Smith-Njigba WR Garrett Wilson WR Malik Washington,,Patrick Mahomes,QB,8.89%,16.94
27,5269381741,kjbarfield (63/150),0,221.04,DST Jaguars  FLEX Michael Wilson QB Brock Purdy RB Jaylen Warren RB Jeremiyah Love TE George Kittle WR Jaxon Smith-Njigba WR Garrett Wilson WR Denzel Boston,,Bengals ,DST,8.84%,3
28,5271727134,jleno89 (103/150),0,220.01999,DST Steelers  FLEX Juwan Johnson QB Sam Darnold RB Jahmyr Gibbs RB Jaylen Warren TE Travis Kelce WR Jaxon Smith-Njigba WR Garrett Wilson WR Malik Washington,,Josh Allen,QB,8.83%,20.46
29,5272214070,btwice0412 (118/150),0,219.90001,DST Titans  FLEX Harold Fannin Jr. QB Geno Smith RB Jahmyr Gibbs RB Jonathan Taylor TE Kenyon Sadiq WR Jaxon Smith-Njigba WR Garrett Wilson WR Tre' Harris,,Xavier Worthy,WR,8.77%,4
30,5268874029,Sol04 (104/150),0,219.79999,DST Vikings  FLEX Juwan Johnson QB Tyler Shough RB Jahmyr Gibbs RB Christian McCaffrey TE George Kittle WR Garrett Wilson WR Michael Wilson WR Devaughn Vele,,Breece Hall,RB,8.71%,8.5
31,5272277847,joecarterfan (6/122),0,219.36,DST Titans  FLEX Juwan Johnson QB Tyler Shough RB Jahmyr Gibbs RB Kenneth Walker III TE Kenyon Sadiq WR Jaxon Smith-Njigba WR Chris Olave WR Ted Hurst III,,Christian McCaffrey,RB,8.58%,21.6
32,5270320135,504ant (4/150),0,219.32,DST Titans  FLEX George Kittle QB Deshaun Watson RB Jahmyr Gibbs RB Kenneth Walker III TE Harold Fannin Jr. WR Jaxon Smith-Njigba WR Garrett Wilson WR Ted Hurst III,,Sam LaPorta,TE,8.50%,7.4
33,5269214774,bramwell2010 (54/150),0,219.14,DST Cowboys  FLEX George Kittle QB Brock Purdy RB Jahmyr Gibbs RB Jaylen Warren TE Kenyon Sadiq WR Jaxon Smith-Njigba WR Garrett Wilson WR Isaiah Williams,,Oronde Gadsden II,TE,8.25%,0
34,5268980639,kb4444 (47/150),0,218.91998,DST Jaguars  FLEX Juwan Johnson QB Sam Darnold RB Jahmyr Gibbs RB Jaylen Warren TE Dalton Schultz WR Jaxon Smith-Njigba WR Garrett Wilson WR Devaughn Vele,,Jameson Williams,WR,8.12%,8.9
35,5267774404,NeenahNellie (129/150),0,218.29999,DST Raiders  FLEX Mike Gesicki QB Geno Smith RB Jahmyr Gibbs RB De'Von Achane TE Kenyon Sadiq WR Jaxon Smith-Njigba WR Garrett Wilson WR Michael Wilson,,George Pickens,WR,7.61%,15.2
36,5269031521,Stats848 (143/150),0,218.2,DST Vikings  FLEX Jaxon Smith-Njigba QB Geno Smith RB Jahmyr Gibbs RB Jaylen Warren TE Harold Fannin Jr. WR Garrett Wilson WR KC Concepcion Jr. WR Malik Washington,,Dalton Kincaid,TE,7.30%,4.8
37,5272476438,lostories (37/150),0,218.1,DST Dolphins  FLEX Jaylen Warren QB Geno Smith RB Jahmyr Gibbs RB James Cook III TE Kenyon Sadiq WR Jaxon Smith-Njigba WR Garrett Wilson WR Isaiah Williams,,Isaiah Williams,WR,6.54%,3.1
38,5270716346,gbill3 (47/150),0,218.00002,DST Chargers  FLEX Jahmyr Gibbs QB Geno Smith RB Kenneth Walker III RB Jaylen Warren TE Cade Otton WR Jaxon Smith-Njigba WR Garrett Wilson WR Ted Hurst III,,De'Von Achane,RB,6.54%,1.7
39,5269756679,jeremycuber (4/15),0,217.90001,DST Vikings  FLEX Tre' Harris QB Geno Smith RB Jahmyr Gibbs RB Kenneth Walker III TE Kenyon Sadiq WR Jaxon Smith-Njigba WR Garrett Wilson WR Joshua Palmer,,Panthers ,DST,6.45%,4
40,5271323239,Dr_Two_Inch (39/150),0,217.84,DST Vikings  FLEX Kenyon Sadiq QB Geno Smith RB Jahmyr Gibbs RB Jaylen Warren TE Travis Kelce WR Chris Olave WR Garrett Wilson WR Parker Washington,,Quinshon Judkins,RB,6.44%,9.9
40,5272563774,chuckbsme (68/69),0,217.84,DST Vikings  FLEX Kenyon Sadiq QB Geno Smith RB Jahmyr Gibbs RB Jaylen Warren TE Travis Kelce WR Chris Olave WR Garrett Wilson WR Parker Washington,,Brock Purdy,QB,6.42%,31.28
42,5271510843,rbcues (24/150),0,217.79999,DST Commanders  FLEX Ryan Flournoy QB Geno Smith RB Jahmyr Gibbs RB Jaylen Warren TE Kenyon Sadiq WR Jaxon Smith-Njigba WR Garrett Wilson WR Parker Washington,,Justin Jefferson,WR,6.34%,5.2
43,5268891658,kwacu (105/150),0,217.64,DST Vikings  FLEX Juwan Johnson QB Geno Smith RB Jahmyr Gibbs RB Chuba Hubbard TE Kenyon Sadiq WR Ja'Marr Chase WR Garrett Wilson WR Jameson Williams,,Malik Washington,WR,6.25%,11.1
44,5266351371,jayqqpoker (124/150),0,217.6,DST Titans  FLEX DK Metcalf QB Geno Smith RB Jahmyr Gibbs RB Jaylen Warren TE Juwan Johnson WR Jaxon Smith-Njigba WR Garrett Wilson WR Malik Washington,,Mark Andrews,FLEX,6.21%,5.4
45,5265570034,magic3631 (1/6),0,217.45999,DST Bengals  FLEX Kenyon Sadiq QB Tyler Shough RB Jahmyr Gibbs RB James Cook III TE Juwan Johnson WR Jaxon Smith-Njigba WR Chris Olave WR Ted Hurst III,,Jared Goff,QB,5.99%,19.36
46,5269712488,WuDreamz (23/150),0,217.29999,DST Jaguars  FLEX Kenyon Sadiq QB Geno Smith RB Jahmyr Gibbs RB Jaylen Warren TE Dalton Schultz WR Jaxon Smith-Njigba WR Garrett Wilson WR Rashod Bateman,,Deebo Samuel Sr.,WR,5.97%,15.4
47,5272582104,ScreaminPony1 (101/150),0,217.22,DST Chargers  FLEX Brock Bowers QB Kirk Cousins RB Jahmyr Gibbs RB Kenneth Walker III TE Juwan Johnson WR Chris Olave WR Garrett Wilson WR Ted Hurst III,,Vikings ,DST,5.89%,17
48,5269473508,patsfan09 (76/150),0,217.16,DST Jaguars  FLEX Juwan Johnson QB Tyler Shough RB Kenneth Walker III RB Jaylen Warren TE Harold Fannin Jr. WR Jaxon Smith-Njigba WR Garrett Wilson WR Parker Washington,,Lamar Jackson,QB,5.86%,20.44
49,5271826415,Hennessey (145/150),0,217.13998,DST Browns  FLEX Kenyon Sadiq QB Geno Smith RB Jahmyr Gibbs RB Jaylen Warren TE George Kittle WR Ja'Marr Chase WR Garrett Wilson WR Jameson Williams,,Geno Smith,QB,5.73%,30.04
50,5272634407,timothy.beechler (10/11),0,217.01999,DST Jaguars  FLEX George Kittle QB Sam Darnold RB Jahmyr Gibbs RB Jaylen Warren TE Dalton Schultz WR Jaxon Smith-Njigba WR Garrett Wilson WR Isaiah Williams,,Dak Prescott,QB,5.61%,18.94
51,5271198274,DayByDay (64/150),0,216.92001,DST Steelers  FLEX Juwan Johnson QB Deshaun Watson RB Jahmyr Gibbs RB Jaylen Warren TE George Kittle WR Jaxon Smith-Njigba WR Garrett Wilson WR Denzel Boston,,Bryce Young,QB,5.45%,14.64
52,5269653065,Gootse28 (99/150),0,216.82,DST Titans  FLEX Ted Hurst III QB Sam Darnold RB Jahmyr Gibbs RB Kenneth Walker III TE Juwan Johnson WR Jaxon Smith-Njigba WR Garrett Wilson WR Malik Washington,,Khalil Shakir,WR,5.44%,1.6
53,5271339642,VonTheDon (27/150),0,216.8,DST Titans  FLEX T.J. Hockenson QB Geno Smith RB Jahmyr Gibbs RB Kenneth Walker III TE Kenyon Sadiq WR Jaxon Smith-Njigba WR Garrett Wilson WR Jakobi Meyers,,Browns ,DST,5.33%,6
54,5271416674,Johnnyutah8000 (142/150),0,216.77998,DST Browns  FLEX Juwan Johnson QB Brock Purdy RB Jahmyr Gibbs RB Jaylen Warren TE George Kittle WR Chris Olave WR Deebo Samuel Sr. WR Michael Wilson,,Kyler Murray,QB,5.27%,11.42
55,5265350054,Tuomi1 (18/150),0,216.76,DST Vikings  FLEX Juwan Johnson QB Tyler Shough RB Jahmyr Gibbs RB Jaylen Warren TE Travis Kelce WR Jaxon Smith-Njigba WR Josh Downs WR Wan'Dale Robinson,,Dalton Schultz,FLEX,5.25%,6
56,5272024291,yold6 (61/150),0,216.68,DST Raiders  FLEX George Kittle QB Brock Purdy RB Jahmyr Gibbs RB Jaylen Warren TE Harold Fannin Jr. WR Garrett Wilson WR Parker Washington WR Deebo Samuel Sr.,,Trevor Lawrence,QB,5.21%,20.78
57,5271180097,Sgoins7 (131/150),0,216.61998,DST Vikings  FLEX Rashid Shaheed QB Sam Darnold RB Jahmyr Gibbs RB Jaylen Warren TE Kenyon Sadiq WR Jaxon Smith-Njigba WR Garrett Wilson WR Xavier Worthy,,Ja'Marr Chase,WR,5.20%,24.8
58,5266756046,Griffdee24 (10/27),0,216.6,DST Panthers  FLEX Kenyon Sadiq QB Geno Smith RB Jahmyr Gibbs RB Kenneth Walker III TE Jake Ferguson WR Jaxon Smith-Njigba WR Garrett Wilson WR Roman Wilson,,Seahawks ,DST,5.09%,2
59,5271332385,itlldofarm (141/150),0,216.57999,DST Vikings  FLEX George Kittle QB Brock Purdy RB Jahmyr Gibbs RB James Cook III TE Kenyon Sadiq WR Garrett Wilson WR Deebo Samuel Sr. WR Rashod Bateman,,Mark Andrews,TE,4.98%,5.4
60,5269953399,TwitterQueen (65/150),0,216.47998,DST Vikings  FLEX George Kittle QB Brock Purdy RB Jahmyr Gibbs RB Jaylen Warren TE Dalton Schultz WR Garrett Wilson WR Deebo Samuel Sr. WR Michael Wilson,,Xavier Hutchinson,WR,4.62%,8.5
61,5269719755,ucfbookman (83/100),0,216.44,DST Vikings  FLEX Kenyon Sadiq QB Geno Smith RB Jahmyr Gibbs RB Derrick Henry TE George Kittle WR George Pickens WR Garrett Wilson WR Xavier Hutchinson,,Chiefs ,DST,4.62%,8
62,5269214772,bramwell2010 (52/150),0,216.40001,DST Commanders  FLEX Juwan Johnson QB Tyler Shough RB Jahmyr Gibbs RB James Cook III TE Kenyon Sadiq WR Chris Olave WR Garrett Wilson WR Ladd McConkey,,Steelers ,DST,4.49%,5
63,5271198784,micahmbg (110/150),0,216.34,DST Titans  FLEX Kenyon Sadiq QB Geno Smith RB Jahmyr Gibbs RB Jaylen Warren TE Travis Kelce WR CeeDee Lamb WR Garrett Wilson WR Tee Higgins,,T.J. Hockenson,TE,4.44%,3.1
64,5270912959,Rizem2k (133/150),0,216.32,DST Titans  FLEX George Kittle QB Deshaun Watson RB Jahmyr Gibbs RB Jaylen Warren TE Harold Fannin Jr. WR Jaxon Smith-Njigba WR Garrett Wilson WR Rashod Bateman,,Bills ,DST,4.42%,5
65,5271960931,RyanCox421 (35/150),0,216.3,DST Raiders  FLEX Travis Kelce QB Geno Smith RB Jahmyr Gibbs RB Kenneth Walker III TE Kenyon Sadiq WR Jaxon Smith-Njigba WR Garrett Wilson WR Isaiah Williams,,Raiders ,DST,4.39%,12
66,5269454939,mojo227 (140/150),0,216.12,DST Panthers  FLEX Ted Hurst III QB Sam Darnold RB Jahmyr Gibbs RB Chuba Hubbard TE Juwan Johnson WR Jaxon Smith-Njigba WR Garrett Wilson WR Terry McLaurin,,George Kittle,TE,4.38%,26.2
67,5270564480,iwinulosekillall (120/150),0,216.09999,DST Titans  FLEX Kenyon Sadiq QB Geno Smith RB Jahmyr Gibbs RB Jaylen Warren TE Sam LaPorta WR Jaxon Smith-Njigba WR Garrett Wilson WR DK Metcalf,,Ashton Jeanty,FLEX,4.29%,12.3
67,5271810904,Velllo (111/150),0,216.09999,DST Titans  FLEX Kenyon Sadiq QB Geno Smith RB Jahmyr Gibbs RB Jaylen Warren TE Sam LaPorta WR Jaxon Smith-Njigba WR Garrett Wilson WR DK Metcalf,,Hunter Henry,TE,4.07%,1.5
69,5269184191,khay86 (74/150),0,215.97998,DST Titans  FLEX Juwan Johnson QB Brock Purdy RB Jahmyr Gibbs RB Kenneth Walker III TE George Kittle WR Garrett Wilson WR Deebo Samuel Sr. WR Jakobi Meyers,,Josh Downs,WR,4.03%,12.7
70,5269207488,Brodighiero (108/150),0,215.9,DST Jaguars  FLEX George Kittle QB Geno Smith RB Jaylen Warren RB Tony Pollard TE Kenyon Sadiq WR Jaxon Smith-Njigba WR Amon-Ra St. Brown WR Garrett Wilson,,DK Metcalf,WR,3.99%,12.1
71,5271416623,Johnnyutah8000 (91/150),0,215.77998,DST Bills  FLEX Juwan Johnson QB Brock Purdy RB Jahmyr Gibbs RB Jaylen Warren TE George Kittle WR Chris Olave WR Deebo Samuel Sr. WR Michael Wilson,,Derrick Henry,FLEX,3.96%,21.9
72,5269380161,X_Obese (19/150),0,215.71999,DST Titans  FLEX Juwan Johnson QB Sam Darnold RB Jahmyr Gibbs RB Jaylen Warren TE Hunter Henry WR Jaxon Smith-Njigba WR Tee Higgins WR Michael Wilson,,Deshaun Watson,QB,3.92%,20.26
72,5270258759,ga33 (37/150),0,215.71997,DST Steelers  FLEX George Kittle QB Sam Darnold RB Jahmyr Gibbs RB Jaylen Warren TE AJ Barner WR Jaxon Smith-Njigba WR Garrett Wilson WR Devaughn Vele,,KC Concepcion Jr.,WR,3.88%,2.9
74,5270287285,mb725016 (25/150),0,215.66,DST Vikings  FLEX Juwan Johnson QB Tyler Shough RB Jahmyr Gibbs RB Jaylen Warren TE Dalton Schultz WR Jaxon Smith-Njigba WR Garrett Wilson WR Xavier Hutchinson,,George Kittle,FLEX,3.85%,26.2
75,5266586609,aznbeerman (130/150),0,215.45999,DST Browns  FLEX Juwan Johnson QB Tyler Shough RB Jahmyr Gibbs RB James Cook III TE George Kittle WR Jaxon Smith-Njigba WR Deebo Samuel Sr. WR Tre' Harris,,David Montgomery,RB,3.75%,6.8
76,5271905843,ODUgrad11 (1/10),0,215.44,DST Vikings  FLEX James Cook III QB Geno Smith RB Jahmyr Gibbs RB Jaylen Warren TE George Kittle WR Garrett Wilson WR Tee Higgins WR Isaiah Williams,,Juwan Johnson,TE,3.70%,24.3
77,5271414294,jjurado (96/150),0,215.23999,DST Giants  FLEX Michael Wilson QB Geno Smith RB Jahmyr Gibbs RB Jaylen Warren TE Kenyon Sadiq WR CeeDee Lamb WR Garrett Wilson WR Devaughn Vele,,Travis Kelce,FLEX,3.60%,13.9
78,5269214761,bramwell2010 (41/150),0,215.2,DST Steelers  FLEX Juwan Johnson QB Tyler Shough RB Jahmyr Gibbs RB Jaylen Warren TE Kenyon Sadiq WR Chris Olave WR George Pickens WR Garrett Wilson,,Justin Herbert,QB,3.53%,13.74
78,5272078423,prime8 (61/150),0,215.2,DST Colts  FLEX George Kittle QB Geno Smith RB Jahmyr Gibbs RB Chuba Hubbard TE Kenyon Sadiq WR Jaxon Smith-Njigba WR Garrett Wilson WR Xavier Worthy,,Tre Tucker,WR,3.35%,8.3
80,5270378973,vrs815 (132/150),0,215.18,DST Raiders  FLEX Juwan Johnson QB Brock Purdy RB Jahmyr Gibbs RB Jaylen Warren TE George Kittle WR Chris Olave WR Garrett Wilson WR Xavier Worthy,,Tee Higgins,WR,3.32%,21
81,5270097483,DTools22 (148/150),0,215,DST Titans  FLEX Malik Washington QB Geno Smith RB Jahmyr Gibbs RB Jaylen Warren TE Kenyon Sadiq WR Jaxon Smith-Njigba WR Garrett Wilson WR Stefon Diggs,,Jahmyr Gibbs,FLEX,3.30%,41.4
82,5272582095,ScreaminPony1 (92/150),0,214.96,DST Chargers  FLEX Ted Hurst III QB Tyler Shough RB Jahmyr Gibbs RB Kenneth Walker III TE Juwan Johnson WR Jaxon Smith-Njigba WR Garrett Wilson WR Denzel Boston,,Juwan Johnson,FLEX,3.28%,24.3
83,5267511572,screamingeagle01 (39/150),0,214.92,DST Titans  FLEX Juwan Johnson QB Sam Darnold RB Jahmyr Gibbs RB Jeremiyah Love TE Travis Kelce WR Jaxon Smith-Njigba WR Garrett Wilson WR Rashod Bateman,,Buccaneers ,DST,3.28%,5
84,5270278810,beanbucket (142/150),0,214.8,DST Browns  FLEX Kenyon Sadiq QB Geno Smith RB Jahmyr Gibbs RB James Cook III TE Greg Dulcich WR Jaxon Smith-Njigba WR Garrett Wilson WR Jameson Williams,,Jaguars ,DST,3.22%,16
85,5269006379,WolfDance (102/150),0,214.65999,DST Raiders  FLEX George Kittle QB Jacoby Brissett RB Jahmyr Gibbs RB Jaylen Warren TE Trey McBride WR Jaxon Smith-Njigba WR Jordan Addison WR Ted Hurst III,,Kenyon Sadiq,TE,3.19%,26.5
85,5272112089,ktill100 (97/150),0,214.65999,DST Chargers  FLEX George Kittle QB Jacoby Brissett RB Jahmyr Gibbs RB Tony Pollard TE Noah Gray WR Jaxon Smith-Njigba WR Chris Olave WR Michael Wilson,,T.J. Hockenson,FLEX,3.15%,3.1
87,5270387152,Wheely1995 (63/150),0,214.59999,DST Raiders  FLEX Oronde Gadsden II QB Geno Smith RB Jahmyr Gibbs RB Jaylen Warren TE Kenyon Sadiq WR Jaxon Smith-Njigba WR Garrett Wilson WR Parker Washington,,Colts ,DST,3.15%,4
88,5269214755,bramwell2010 (35/150),0,214.5,DST Titans  FLEX George Kittle QB Tyler Shough RB Jahmyr Gibbs RB Jaylen Warren TE Kenyon Sadiq WR Chris Olave WR Garrett Wilson WR Ladd McConkey,,Trey McBride,TE,3.14%,16.5
89,5270410758,Shbenny (20/40),0,214.48,DST Jaguars  FLEX Michael Wilson QB Brock Purdy RB Jahmyr Gibbs RB Chuba Hubbard TE George Kittle WR Garrett Wilson WR Deebo Samuel Sr. WR Tre' Harris,,Ryan Flournoy,WR,3.10%,4.2
90,5269454912,mojo227 (113/150),0,214.44,DST Raiders  FLEX George Kittle QB Geno Smith RB Jahmyr Gibbs RB Kenneth Walker III TE Kenyon Sadiq WR Malik Nabers WR Garrett Wilson WR Terry McLaurin,,Jaylen Warren,FLEX,3.06%,23.6
90,5270995537,CJCashing (120/150),0,214.44,DST Browns  FLEX Jaylen Warren QB Geno Smith RB Jahmyr Gibbs RB James Cook III TE Kenyon Sadiq WR Chris Olave WR Garrett Wilson WR Malik Washington,,Cam Skattebo,RB,3.06%,13
92,5270982886,Chadg20 (4/150),0,214.42,DST Vikings  FLEX Sam LaPorta QB Sam Darnold RB Jahmyr Gibbs RB Javonte Williams TE Kenyon Sadiq WR Jaxon Smith-Njigba WR Garrett Wilson WR Isaiah Williams,,Michael Wilson,WR,2.99%,25.9
93,5269144699,Ajayi32 (52/69),0,214.31999,DST Vikings  FLEX Juwan Johnson QB Kyler Murray RB Jahmyr Gibbs RB Kenneth Walker III TE Kenyon Sadiq WR Chris Olave WR Garrett Wilson WR Jordan Addison,,Giants ,DST,2.90%,8
94,5269869417,harrizmo (8/11),0,214.24,DST Browns  FLEX George Kittle QB Geno Smith RB Jahmyr Gibbs RB James Cook III TE Kenyon Sadiq WR Chris Olave WR Garrett Wilson WR Tre Tucker,,Sam LaPorta,FLEX,2.85%,7.4
95,5267175402,7HvyMetal7 (97/150),0,214.21999,DST Buccaneers  FLEX Dalton Schultz QB Sam Darnold RB Jahmyr Gibbs RB Jaylen Warren TE Kenyon Sadiq WR Jaxon Smith-Njigba WR Tee Higgins WR Terry McLaurin,,Trey McBride,FLEX,2.81%,16.5
96,5267318693,powerbait (50/150),0,214.14,DST Jaguars  FLEX Ashton Jeanty QB Geno Smith RB Jahmyr Gibbs RB Kenneth Walker III TE Kenyon Sadiq WR Garrett Wilson WR Michael Wilson WR Ted Hurst III,,Rashee Rice,WR,2.77%,15.8
97,5270801399,Redrex003 (17/30),0,214.09999,DST Titans  FLEX Mark Andrews QB Geno Smith RB Jahmyr Gibbs RB Jaylen Warren TE Kenyon Sadiq WR Jaxon Smith-Njigba WR Garrett Wilson WR DK Metcalf,,Christian McCaffrey,FLEX,2.55%,21.6
98,5269058833,mknob87 (27/150),0,213.93999,DST Vikings  FLEX George Kittle QB Geno Smith RB Jahmyr Gibbs RB Cam Skattebo TE Kenyon Sadiq WR CeeDee Lamb WR Garrett Wilson WR Devaughn Vele,,Kenneth Walker III,FLEX,2.47%,21.3
99,5271017920,kbla24 (15/26),0,213.90001,DST Vikings  FLEX Dawson Knox QB Geno Smith RB Jahmyr Gibbs RB Kenneth Walker III TE Kenyon Sadiq WR Jaxon Smith-Njigba WR Garrett Wilson WR Denzel Boston,,Devaughn Vele,FLEX,2.44%,6.9
100,5269013006,dubes14 (44/64),0,213.87999,DST Vikings  FLEX George Kittle QB Brock Purdy RB Jahmyr Gibbs RB Kenneth Walker III TE Kenyon Sadiq WR Jameson Williams WR Deebo Samuel Sr. WR Michael Wilson,,C.J. Stroud,QB,2.41%,11.68
100,5271544816,Fuzz988 (96/150),0,213.87999,DST Commanders  FLEX George Kittle QB Brock Purdy RB Jahmyr Gibbs RB Jaylen Warren TE Harold Fannin Jr. WR Garrett Wilson WR Emeka Egbuka WR Deebo Samuel Sr.,,Sam Darnold,QB,2.36%,32.66
102,5271714305,edo9125 (8/150),0,213.86,DST Dolphins  FLEX Juwan Johnson QB Tyler Shough RB Jahmyr Gibbs RB Jaylen Warren TE Noah Fant WR Jaxon Smith-Njigba WR Chris Olave WR Deebo Samuel Sr.,,Dalton Kincaid,FLEX,2.33%,4.8
103,5265426983,thegreatgambeano (84/150),0,213.76001,DST Vikings  FLEX Juwan Johnson QB Deshaun Watson RB Jahmyr Gibbs RB Derrick Henry TE George Kittle WR Garrett Wilson WR Parker Washington WR Jordan Addison,,Harold Fannin Jr.,TE,2.29%,24.1
103,5272582090,ScreaminPony1 (87/150),0,213.76,DST Chargers  FLEX Devaughn Vele QB Tyler Shough RB Jahmyr Gibbs RB Kenneth Walker III TE Juwan Johnson WR Jaxon Smith-Njigba WR Garrett Wilson WR Ted Hurst III,,Jets ,DST,2.28%,1
105,5271545131,sosamightygg22 (88/150),0,213.7,DST Browns  FLEX Kenyon Sadiq QB Geno Smith RB Jahmyr Gibbs RB Jaylen Warren TE Dalton Schultz WR Jaxon Smith-Njigba WR Garrett Wilson WR DK Metcalf,,Oronde Gadsden II,FLEX,2.23%,0
106,5272673760,tijuanasmalldollars (113/150),0,213.64001,DST Vikings  FLEX Jaylen Warren QB Geno Smith RB Jahmyr Gibbs RB Kenneth Walker III TE Kenyon Sadiq WR Garrett Wilson WR Parker Washington WR Malik Washington,,Pat Freiermuth,TE,2.21%,5.1
106,5271019590,beng4800 (145/150),0,213.64,DST Titans  FLEX George Kittle QB Geno Smith RB Jahmyr Gibbs RB Chuba Hubbard TE Kenyon Sadiq WR Amon-Ra St. Brown WR Garrett Wilson WR Michael Wilson,,DJ Moore,WR,2.18%,12.7
108,5272051106,atomicanalytics (57/150),0,213.61998,DST Steelers  FLEX George Kittle QB Sam Darnold RB Jahmyr Gibbs RB Jaylen Warren TE Kenyon Sadiq WR Jaxon Smith-Njigba WR Parker Washington WR Devaughn Vele,,Jameis Winston,QB,2.16%,6.12
109,5269006596,Buttas316 (17/150),0,213.3,DST Jaguars  FLEX T.J. Hockenson QB Geno Smith RB Jahmyr Gibbs RB Kenneth Walker III TE Kenyon Sadiq WR Jaxon Smith-Njigba WR Garrett Wilson WR Devaughn Vele,,Brenton Strange,TE,2.12%,6.2
110,5269214769,bramwell2010 (49/150),0,213.27998,DST Colts  FLEX George Kittle QB Brock Purdy RB Jahmyr Gibbs RB Jaylen Warren TE Kenyon Sadiq WR George Pickens WR Garrett Wilson WR Deebo Samuel Sr.,,Javonte Williams,RB,2.09%,18.3
111,5272494318,d084288 (11/40),0,213.22,DST Jaguars  FLEX Alvin Kamara QB Sam Darnold RB Jahmyr Gibbs RB Jeremiyah Love TE Harold Fannin Jr. WR Jaxon Smith-Njigba WR Deebo Samuel Sr. WR Keenan Allen,,TreVeyon Henderson,RB,2.00%,3.9
112,5270092528,lilmaryy (14/50),0,213.09999,DST Colts  FLEX Sam LaPorta QB Geno Smith RB Jahmyr Gibbs RB Jaylen Warren TE Kenyon Sadiq WR Jaxon Smith-Njigba WR Garrett Wilson WR DK Metcalf,,Quentin Johnston,WR,1.97%,7
113,5269214757,bramwell2010 (37/150),0,213.06,DST Browns  FLEX Juwan Johnson QB Tyler Shough RB Cam Skattebo RB Jaylen Warren TE Kenyon Sadiq WR Jaxon Smith-Njigba WR Ja'Marr Chase WR Garrett Wilson,,Jadarian Price,RB,1.95%,2.2
114,5272421687,Alexberg22 (103/147),0,213.04001,DST Titans  FLEX Kenyon Sadiq QB Geno Smith RB Jahmyr Gibbs RB James Cook III TE George Kittle WR Rashee Rice WR Garrett Wilson WR Parker Washington,,Chris Olave,FLEX,1.90%,22.7
115,5272004017,kacktrey7 (65/100),0,212.95999,DST Panthers  FLEX Juwan Johnson QB Tyler Shough RB Jahmyr Gibbs RB Chuba Hubbard TE Kenyon Sadiq WR Jaxon Smith-Njigba WR Garrett Wilson WR Devaughn Vele,,Emeka Egbuka,WR,1.86%,11.2
116,5270800131,UsedRugs (130/150),0,212.8,DST Bengals  FLEX Juwan Johnson QB Tyler Shough RB Jahmyr Gibbs RB Jaylen Warren TE Brock Bowers WR Chris Olave WR Garrett Wilson WR Chris Bell,,Malik Nabers,WR,1.83%,7.6
117,5272033202,Batisha (70/150),0,212.74,DST Vikings  FLEX Juwan Johnson QB Geno Smith RB Jahmyr Gibbs RB Kenneth Walker III TE Kenyon Sadiq WR George Pickens WR Garrett Wilson WR Stefon Diggs,,Aaron Jones Sr.,RB,1.83%,14.2
117,5271025752,houseofcards1 (39/150),0,212.73999,DST Titans  FLEX George Kittle QB Geno Smith RB Jahmyr Gibbs RB Kenneth Walker III TE Kenyon Sadiq WR George Pickens WR Garrett Wilson WR Deebo Samuel Sr.,,Rashod Bateman,FLEX,1.81%,5.7
119,5272702356,Yacdizzle (118/150),0,212.70001,DST Patriots  FLEX Juwan Johnson QB Geno Smith RB Jahmyr Gibbs RB Kenneth Walker III TE Harold Fannin Jr. WR Jaxon Smith-Njigba WR Garrett Wilson WR Jaylin Noel,,Jacoby Brissett,QB,1.77%,25.6
119,5271409828,NEBaller24 (108/150),0,212.7,DST Buccaneers  FLEX Jaylen Warren QB Geno Smith RB Jahmyr Gibbs RB Chuba Hubbard TE Kenyon Sadiq WR Jaxon Smith-Njigba WR Garrett Wilson WR Isaiah Williams,,CeeDee Lamb,FLEX,1.76%,23.2
121,5269888467,trustbaby218 (65/150),0,212.64001,DST Ravens  FLEX Juwan Johnson QB Geno Smith RB Jahmyr Gibbs RB James Cook III TE Kenyon Sadiq WR Chris Olave WR Garrett Wilson WR Ladd McConkey,,Joshua Palmer,WR,1.75%,0
122,5271002000,hinson35 (141/150),0,212.62,DST Ravens  FLEX Juwan Johnson QB Sam Darnold RB Jahmyr Gibbs RB James Cook III TE AJ Barner WR Jaxon Smith-Njigba WR Garrett Wilson WR Devaughn Vele,,Patriots ,DST,1.69%,-1
123,5272409718,kkool514514 (87/150),0,212.56,DST Chargers  FLEX Juwan Johnson QB Tyler Shough RB Jahmyr Gibbs RB Kenneth Walker III TE Kenyon Sadiq WR Jaxon Smith-Njigba WR Parker Washington WR Devaughn Vele,,Omarion Hampton,RB,1.63%,5.6
124,5269193718,ayotayo (90/150),0,212.5,DST Titans  FLEX Juwan Johnson QB Geno Smith RB Jahmyr Gibbs RB Jaylen Warren TE Dalton Schultz WR Jaxon Smith-Njigba WR Garrett Wilson WR DK Metcalf,,Brian Thomas Jr.,WR,1.63%,1.8
125,5272608724,point_blank (56/150),0,212.44,DST Buccaneers  FLEX Ashton Jeanty QB Geno Smith RB Jahmyr Gibbs RB Jaylen Warren TE George Kittle WR Garrett Wilson WR Michael Wilson WR Keenan Allen,,Ted Hurst III,WR,1.61%,11
126,5271191317,inwoodgiants (33/109),0,212.40001,DST Jaguars  FLEX Kenyon Sadiq QB Geno Smith RB Jahmyr Gibbs RB Kenneth Walker III TE Dalton Schultz WR Jaxon Smith-Njigba WR Garrett Wilson WR Isaiah Williams,,Isaiah Likely,TE,1.60%,3.3
126,5271437120,jnuland (61/150),0,212.40001,DST Jaguars  FLEX Kenyon Sadiq QB Geno Smith RB Jahmyr Gibbs RB Kenneth Walker III TE Dalton Schultz WR Jaxon Smith-Njigba WR Garrett Wilson WR Isaiah Williams,,Darren Waller,TE,1.56%,10.1
126,5269006329,WolfDance (52/150),0,212.4,DST Vikings  FLEX Kenyon Sadiq QB Geno Smith RB Ashton Jeanty RB Jaylen Warren TE Travis Kelce WR Jaxon Smith-Njigba WR Garrett Wilson WR Tee Higgins,,Joe Burrow,QB,1.52%,23.58
126,5269387697,Voldemort27 (14/150),0,212.4,DST Vikings  FLEX Greg Dulcich QB Jacoby Brissett RB Jahmyr Gibbs RB Kenneth Walker III TE Kenyon Sadiq WR CeeDee Lamb WR Tee Higgins WR Michael Wilson,,Chuba Hubbard,FLEX,1.50%,15
130,5267364929,ilovefootball247 (19/150),0,212.31998,DST Buccaneers  FLEX Juwan Johnson QB Sam Darnold RB Jahmyr Gibbs RB Jaylen Warren TE Travis Kelce WR Jaxon Smith-Njigba WR Garrett Wilson WR Rashid Shaheed,,Bucky Irving,RB,1.50%,7.8
131,5272868776,maineventers (23/24),0,212.3,DST Vikings  FLEX Juwan Johnson QB Geno Smith RB Jahmyr Gibbs RB Jaylen Warren TE Dalton Kincaid WR Jaxon Smith-Njigba WR Garrett Wilson WR Isaiah Williams,,49ers ,DST,1.49%,1
131,5270378976,vrs815 (135/150),0,212.29999,DST Panthers  FLEX Juwan Johnson QB Tyler Shough RB Jahmyr Gibbs RB Jaylen Warren TE Travis Kelce WR Chris Olave WR Garrett Wilson WR Michael Wilson,,Cade Otton,TE,1.41%,8.6
131,5271326666,maxk3293 (2/2),0,212.29999,DST Vikings  FLEX Sam LaPorta QB Geno Smith RB Jahmyr Gibbs RB Chuba Hubbard TE Kenyon Sadiq WR Jaxon Smith-Njigba WR Garrett Wilson WR Devaughn Vele,,Commanders ,DST,1.38%,11
134,5271472904,selym (34/150),0,212.21999,DST Titans  FLEX Harold Fannin Jr. QB Sam Darnold RB Jahmyr Gibbs RB Jaylen Warren TE Oronde Gadsden II WR Jaxon Smith-Njigba WR Garrett Wilson WR Deebo Samuel Sr.,,Mike Evans,WR,1.38%,12.4
135,5269214728,bramwell2010 (8/150),0,212.2,DST Browns  FLEX Juwan Johnson QB Geno Smith RB Chase Brown RB Jaylen Warren TE Kenyon Sadiq WR Jaxon Smith-Njigba WR Ja'Marr Chase WR Garrett Wilson,,Texans ,DST,1.32%,11
136,5270138962,wproff (63/78),0,212.18,DST Giants  FLEX George Kittle QB Brock Purdy RB Jahmyr Gibbs RB Jaylen Warren TE Harold Fannin Jr. WR Garrett Wilson WR Tee Higgins WR Devaughn Vele,,Tyler Warren,TE,1.30%,14.7
136,5270502658,Darkstardesperados (42/150),0,212.18,DST Panthers  FLEX Jordan Addison QB Brock Purdy RB Jahmyr Gibbs RB Jaylen Warren TE George Kittle WR Garrett Wilson WR Tee Higgins WR Roman Wilson,,Hunter Henry,FLEX,1.28%,1.5
138,5270084333,DFPanther1 (3/112),0,212.14,DST Titans  FLEX George Kittle QB Brock Purdy RB Jahmyr Gibbs RB Jaylen Warren TE Kenyon Sadiq WR Jaxon Smith-Njigba WR Parker Washington WR DeMario Douglas,,Jeremiyah Love,RB,1.27%,21.9
139,5271721404,aharrold323 (8/150),0,212.12,DST Raiders  FLEX Kenyon Sadiq QB Sam Darnold RB Jahmyr Gibbs RB Jaylen Warren TE Dalton Kincaid WR Jaxon Smith-Njigba WR Garrett Wilson WR Isaiah Williams,,Tony Pollard,RB,1.25%,13.6
140,5270847041,roosevelt (76/150),0,212.07999,DST Giants  FLEX Juwan Johnson QB Brock Purdy RB Jahmyr Gibbs RB Kenneth Walker III TE George Kittle WR Chris Olave WR Michael Wilson WR Ted Hurst III,,DeMario Douglas,WR,1.25%,4.8
141,5269836663,bballmoney100 (44/150),0,212.04001,DST 49ers  FLEX Kenyon Sadiq QB Geno Smith RB Jahmyr Gibbs RB Jaylen Warren TE Harold Fannin Jr. WR Chris Olave WR Garrett Wilson WR Parker Washington,,James Cook III,FLEX,1.23%,23.4
141,5271782068,mikexl (90/150),0,212.04001,DST Jaguars  FLEX Christian McCaffrey QB Geno Smith RB Jahmyr Gibbs RB Jaylen Warren TE Kenyon Sadiq WR Garrett Wilson WR DK Metcalf WR Malik Washington,,Romeo Doubs,WR,1.22%,7.9
143,5272024260,yold6 (30/150),0,211.98,DST Browns  FLEX George Kittle QB Brock Purdy RB Jahmyr Gibbs RB James Cook III TE Kenyon Sadiq WR Garrett Wilson WR DK Metcalf WR Deebo Samuel Sr.,,Tyquan Thornton,WR,1.21%,4.2
144,5269299879,Tiamat88 (3/150),0,211.95999,DST Titans  FLEX Juwan Johnson QB Tyler Shough RB Jahmyr Gibbs RB Jaylen Warren TE Travis Kelce WR Jaxon Smith-Njigba WR Garrett Wilson WR Devaughn Vele,,Dolphins ,DST,1.20%,2
145,5272620962,dieltxx (104/150),0,211.91998,DST Steelers  FLEX Oronde Gadsden II QB Sam Darnold RB Jahmyr Gibbs RB Jaylen Warren TE Kenyon Sadiq WR Jaxon Smith-Njigba WR Garrett Wilson WR Mack Hollins,,Jordan Addison,WR,1.19%,20
146,5269387745,Voldemort27 (62/150),0,211.90001,DST Steelers  FLEX Brock Bowers QB Jacoby Brissett RB Jahmyr Gibbs RB Kenneth Walker III TE Juwan Johnson WR Garrett Wilson WR Michael Wilson WR Denzel Boston,,George Pickens,FLEX,1.15%,15.2
146,5271421883,KBader0101 (55/150),0,211.90001,DST Titans  FLEX Kenyon Sadiq QB Geno Smith RB Jahmyr Gibbs RB Derrick Henry TE Travis Kelce WR Jaxon Smith-Njigba WR Garrett Wilson WR Isaiah Williams,,Lions ,DST,1.14%,7
146,5271458205,lbeezy713 (5/150),0,211.90001,DST Titans  FLEX Kenyon Sadiq QB Geno Smith RB Jahmyr Gibbs RB Derrick Henry TE Travis Kelce WR Jaxon Smith-Njigba WR Garrett Wilson WR Isaiah Williams,,Jake Ferguson,TE,1.14%,10.3
149,5271643840,visionary31 (39/150),0,211.72,DST Chargers  FLEX Juwan Johnson QB Sam Darnold RB Jahmyr Gibbs RB Kenneth Walker III TE T.J. Hockenson WR Jaxon Smith-Njigba WR Garrett Wilson WR Devaughn Vele,,Rashid Shaheed,WR,1.12%,3.4
150,5271065302,Pupp3511 (138/150),0,211.7,DST Colts  FLEX Jaylen Warren QB Geno Smith RB Jahmyr Gibbs RB Chuba Hubbard TE Kenyon Sadiq WR Jaxon Smith-Njigba WR Garrett Wilson WR Isaiah Williams,,Drake Maye,QB,1.07%,6.76
151,5270695457,kbw612 (28/101),0,211.64,DST Bengals  FLEX George Kittle QB Geno Smith RB Jahmyr Gibbs RB Bhayshul Tuten TE Kenyon Sadiq WR Amon-Ra St. Brown WR Garrett Wilson WR Michael Wilson,,AJ Barner,TE,1.05%,11.9
152,5269181536,theroff97 (58/150),0,211.60002,DST Vikings  FLEX Isaiah Williams QB Geno Smith RB Jahmyr Gibbs RB Jeremiyah Love TE Kenyon Sadiq WR Jaxon Smith-Njigba WR Ja'Marr Chase WR Xavier Hutchinson,,Cade Otton,FLEX,1.05%,8.6
152,5269387737,Voldemort27 (54/150),0,211.59999,DST Vikings  FLEX AJ Barner QB Jacoby Brissett RB Jahmyr Gibbs RB Kenneth Walker III TE Juwan Johnson WR CeeDee Lamb WR Tee Higgins WR Michael Wilson,,Tre' Harris,WR,1.05%,13.6
152,5269712497,WuDreamz (32/150),0,211.59999,DST Titans  FLEX Kenyon Sadiq QB Geno Smith RB Jahmyr Gibbs RB Christian McCaffrey TE Dalton Schultz WR Jaxon Smith-Njigba WR Garrett Wilson WR Ted Hurst III,,Bhayshul Tuten,RB,1.04%,17
155,5271971050,Donaldduck2476 (60/150),0,211.56,DST Titans  FLEX Juwan Johnson QB Tyler Shough RB Kenneth Walker III RB Jaylen Warren TE Kenyon Sadiq WR Jaxon Smith-Njigba WR Chris Olave WR Tee Higgins,,Quinshon Judkins,FLEX,1.03%,9.9
156,5272108897,hrock7 (4/50),0,211.54,DST Titans  FLEX George Kittle QB Geno Smith RB Jahmyr Gibbs RB Chuba Hubbard TE Kenyon Sadiq WR Chris Olave WR Garrett Wilson WR Parker Washington,,Stefon Diggs,WR,1.00%,7.3
157,5270675943,theferrybest (123/150),0,211.52,DST Seahawks  FLEX Juwan Johnson QB Jared Goff RB Jahmyr Gibbs RB Jaylen Warren TE Kenyon Sadiq WR Jaxon Smith-Njigba WR Tee Higgins WR Roman Wilson,,Saints ,DST,1.00%,1
158,5265379179,mmaffia5 (132/150),0,211.44,DST Raiders  FLEX Kenyon Sadiq QB Geno Smith RB Jahmyr Gibbs RB Kenneth Walker III TE Tyler Warren WR Ja'Marr Chase WR Garrett Wilson WR Ted Hurst III,,Kayshon Boutte,WR,0.99%,4.1
159,5271416634,Johnnyutah8000 (102/150),0,211.34,DST Bills  FLEX Juwan Johnson QB Brock Purdy RB Kenneth Walker III RB Jaylen Warren TE George Kittle WR Jaxon Smith-Njigba WR Deebo Samuel Sr. WR Michael Wilson,,Chase Brown,FLEX,0.98%,8.9
160,5270394976,COLTSwLuCKeOline (70/150),0,211.3,DST Titans  FLEX Kenyon Sadiq QB Geno Smith RB Jahmyr Gibbs RB Kenneth Walker III TE Travis Kelce WR Jaxon Smith-Njigba WR Garrett Wilson WR Isaiah Williams,,Kirk Cousins,QB,0.91%,22.22
160,5270564431,iwinulosekillall (71/150),0,211.3,DST Titans  FLEX Kenyon Sadiq QB Geno Smith RB Jahmyr Gibbs RB Kenneth Walker III TE Travis Kelce WR Jaxon Smith-Njigba WR Garrett Wilson WR Isaiah Williams,,Kenyon Sadiq,FLEX,0.89%,26.5
160,5271044100,BallSoHardy (99/150),0,211.29999,DST Titans  FLEX Trey McBride QB Jacoby Brissett RB Jahmyr Gibbs RB Jaylen Warren TE George Kittle WR Garrett Wilson WR Deebo Samuel Sr. WR Michael Wilson,,Mack Hollins,WR,0.89%,14.7
160,5271911868,HahamHanukah (29/150),0,211.29999,DST Titans  FLEX George Kittle QB Tyler Shough RB Jahmyr Gibbs RB Jaylen Warren TE Kenyon Sadiq WR CeeDee Lamb WR Garrett Wilson WR Devaughn Vele,,Jaylin Noel,WR,0.88%,4.5
164,5269836001,F-Man (137/150),0,211.19998,DST Browns  FLEX George Kittle QB Geno Smith RB Jahmyr Gibbs RB Jaylen Warren TE Sam LaPorta WR Jaxon Smith-Njigba WR Garrett Wilson WR Xavier Hutchinson,,Ravens ,DST,0.85%,4
165,5271542804,jcobb04 (100/150),0,211.14,DST Titans  FLEX George Kittle QB Geno Smith RB Jahmyr Gibbs RB Kenneth Walker III TE Kenyon Sadiq WR Ja'Marr Chase WR Garrett Wilson WR Kendrick Bourne,,Jakobi Meyers,WR,0.85%,19.4
166,5269156197,stephenPBC (88/150),0,211.11998,DST Panthers  FLEX Juwan Johnson QB Sam Darnold RB Jahmyr Gibbs RB Jaylen Warren TE AJ Barner WR Jaxon Smith-Njigba WR George Pickens WR Terry McLaurin,,Jonathan Taylor,FLEX,0.84%,9.2
167,5266764647,coreyp615 (11/40),0,211.04,DST Vikings  FLEX Derrick Henry QB Geno Smith RB Jahmyr Gibbs RB Kenneth Walker III TE Kenyon Sadiq WR Garrett Wilson WR Mack Hollins WR Xavier Hutchinson,,Breece Hall,FLEX,0.83%,8.5
168,5269230219,spudgolf (1/2),0,210.9,DST Vikings  FLEX Dalton Schultz QB Geno Smith RB Jahmyr Gibbs RB Chuba Hubbard TE Kenyon Sadiq WR Jaxon Smith-Njigba WR Garrett Wilson WR Devaughn Vele,,Baker Mayfield,QB,0.80%,12.28
169,5270138909,wproff (10/78),0,210.87999,DST Steelers  FLEX George Kittle QB Brock Purdy RB Jahmyr Gibbs RB Jaylen Warren TE Harold Fannin Jr. WR Garrett Wilson WR Tetairoa McMillan WR Michael Wilson,,Malik Willis,QB,0.78%,12
170,5272007633,teamtylerr (85/150),0,210.86,DST Giants  FLEX Harold Fannin Jr. QB Jacoby Brissett RB Jahmyr Gibbs RB Kenneth Walker III TE George Kittle WR Jaxon Smith-Njigba WR Michael Wilson WR Devin Duvernay,,Jaxon Smith-Njigba,FLEX,0.78%,38.36
171,5268994493,BoangTao33 (26/150),0,210.84,DST Jaguars  FLEX Brock Bowers QB Geno Smith RB Jahmyr Gibbs RB Jaylen Warren TE Greg Dulcich WR Ja'Marr Chase WR Garrett Wilson WR Kendrick Bourne,,Denzel Boston,FLEX,0.78%,8.1
172,5271199792,casey2884 (63/75),0,210.79999,DST Titans  FLEX Ted Hurst III QB Jacoby Brissett RB Jahmyr Gibbs RB Kenneth Walker III TE George Kittle WR Chris Olave WR Garrett Wilson WR Michael Wilson,,Javonte Williams,FLEX,0.76%,18.3
173,5271618030,kevo5454 (18/20),0,210.71999,DST Bills  FLEX AJ Barner QB Sam Darnold RB Jahmyr Gibbs RB Jaylen Warren TE Juwan Johnson WR Jaxon Smith-Njigba WR Garrett Wilson WR Jalen Coker,,Jake Ferguson,FLEX,0.75%,10.3
174,5272420800,Reynwalds (32/45),0,210.59999,DST Dolphins  FLEX Dalton Schultz QB Geno Smith RB Jahmyr Gibbs RB Jaylen Warren TE Kenyon Sadiq WR Jaxon Smith-Njigba WR Garrett Wilson WR Parker Washington,,De'Von Achane,FLEX,0.74%,1.7
175,5269113651,wakeringer (4/150),0,210.57999,DST Chargers  FLEX Juwan Johnson QB Brock Purdy RB Jahmyr Gibbs RB Kenneth Walker III TE George Kittle WR Garrett Wilson WR Deebo Samuel Sr. WR Marvin Harrison Jr.,,Amon-Ra St. Brown,FLEX,0.73%,11.9
176,5270981584,cwood_3 (117/150),0,210.46,DST Colts  FLEX Juwan Johnson QB Tyler Shough RB Jahmyr Gibbs RB Jaylen Warren TE George Kittle WR Jaxon Smith-Njigba WR Chris Olave WR Isaiah Williams,,Cardinals ,DST,0.73%,-2
176,5271810887,Velllo (94/150),0,210.46,DST Colts  FLEX Juwan Johnson QB Tyler Shough RB Jahmyr Gibbs RB Jaylen Warren TE George Kittle WR Jaxon Smith-Njigba WR Chris Olave WR Isaiah Williams,,Chargers ,DST,0.72%,14
178,5268959453,mikeymikado2501 (51/75),0,210.40001,DST Panthers  FLEX Kenyon Sadiq QB Geno Smith RB James Cook III RB Javonte Williams TE Juwan Johnson WR Jaxon Smith-Njigba WR Rashee Rice WR Garrett Wilson,,Justin Jefferson,FLEX,0.68%,5.2
178,5270881230,RMarkJames (104/150),0,210.40001,DST Raiders  FLEX Kenyon Sadiq QB Geno Smith RB Jahmyr Gibbs RB Derrick Henry TE Sam LaPorta WR Jaxon Smith-Njigba WR Garrett Wilson WR Isaiah Williams,,Chris Godwin Jr.,WR,0.67%,5.5
178,5271960902,RyanCox421 (6/150),0,210.40001,DST Raiders  FLEX Sam LaPorta QB Geno Smith RB Jahmyr Gibbs RB Derrick Henry TE Kenyon Sadiq WR Jaxon Smith-Njigba WR Garrett Wilson WR Isaiah Williams,,Kendrick Bourne,WR,0.67%,4.2
178,5270616736,mosioatunya (150/150),0,210.4,DST Vikings  FLEX Chuba Hubbard QB Tyler Shough RB Jahmyr Gibbs RB James Cook III TE Juwan Johnson WR Garrett Wilson WR Michael Wilson WR Devaughn Vele,,Zay Flowers,WR,0.66%,15.4
178,5271896229,MarvelousMac-Man (41/150),0,210.4,DST Steelers  FLEX Carnell Tate QB Geno Smith RB Jahmyr Gibbs RB Jaylen Warren TE Kenyon Sadiq WR Jaxon Smith-Njigba WR Garrett Wilson WR Xavier Worthy,,Emmett Johnson,RB,0.66%,1.7
183,5270399223,UIGEA (108/150),0,210.18001,DST Raiders  FLEX Kenyon Sadiq QB Brock Purdy RB Jahmyr Gibbs RB James Cook III TE George Kittle WR Deebo Samuel Sr. WR Michael Wilson WR Denzel Boston,,Daniel Jones,QB,0.66%,10.9
183,5270378931,vrs815 (90/150),0,210.18,DST Titans  FLEX Juwan Johnson QB Brock Purdy RB Jahmyr Gibbs RB Jaylen Warren TE George Kittle WR Chris Olave WR Garrett Wilson WR Xavier Worthy,,Pat Freiermuth,FLEX,0.66%,5.1
185,5267313624,josh.0 (1/3),0,210.12,DST Titans  FLEX Kenyon Sadiq QB Sam Darnold RB Jahmyr Gibbs RB Kenneth Walker III TE AJ Barner WR Jaxon Smith-Njigba WR CeeDee Lamb WR Tory Horton,,Brenton Strange,FLEX,0.63%,6.2
186,5269343857,divad3 (1/38),0,210.04,DST Titans  FLEX Christian McCaffrey QB Geno Smith RB Jahmyr Gibbs RB James Cook III TE Kenyon Sadiq WR Garrett Wilson WR Michael Wilson WR Jaylin Noel,,Tre Tucker,FLEX,0.61%,8.3
187,5270920386,BigE5683 (11/150),0,209.97998,DST Jaguars  FLEX George Kittle QB Brock Purdy RB Jahmyr Gibbs RB Jaylen Warren TE Sam LaPorta WR Garrett Wilson WR Michael Wilson WR Xavier Hutchinson,,Deebo Samuel Sr.,FLEX,0.61%,15.4
188,5271744913,awen419 (66/150),0,209.95999,DST Buccaneers  FLEX Juwan Johnson QB Tyler Shough RB Jahmyr Gibbs RB Jaylen Warren TE Travis Kelce WR Jaxon Smith-Njigba WR Garrett Wilson WR Devaughn Vele,,Terry McLaurin,WR,0.60%,19.7
189,5269719757,ucfbookman (85/100),0,209.94,DST Vikings  FLEX Kenyon Sadiq QB Geno Smith RB Jahmyr Gibbs RB Quinshon Judkins TE Trey McBride WR Garrett Wilson WR Parker Washington WR Michael Wilson,,Parker Washington,FLEX,0.59%,13
189,5271461904,skinred44 (37/150),0,209.93999,DST Chargers  FLEX LaJohntay Wester QB Brock Purdy RB Jahmyr Gibbs RB Jaylen Warren TE George Kittle WR Jaxon Smith-Njigba WR Deebo Samuel Sr. WR Terry McLaurin,,LaJohntay Wester,WR,0.59%,0
191,5270884120,alanjmr29 (86/150),0,209.9,DST Jaguars  FLEX George Kittle QB Jacoby Brissett RB Jahmyr Gibbs RB Kenneth Walker III TE Cade Otton WR George Pickens WR Garrett Wilson WR Michael Wilson,,Cowboys ,DST,0.58%,-1
191,5271486132,Dcats15 (101/150),0,209.89998,DST Giants  FLEX Mark Andrews QB Geno Smith RB Jahmyr Gibbs RB Jaylen Warren TE Kenyon Sadiq WR Jaxon Smith-Njigba WR Garrett Wilson WR Devaughn Vele,,Garrett Wilson,FLEX,0.57%,29.7
193,5272192646,maineventers (9/24),0,209.87999,DST Buccaneers  FLEX George Kittle QB Brock Purdy RB Jahmyr Gibbs RB Christian McCaffrey TE Juwan Johnson WR Garrett Wilson WR Michael Wilson WR Jaylin Noel,,Travis Etienne Jr.,RB,0.54%,9
194,5268088873,Big_Bank_Hank_780 (14/150),0,209.84001,DST Commanders  FLEX Jaylen Warren QB Geno Smith RB Jahmyr Gibbs RB Kenneth Walker III TE Kenyon Sadiq WR CeeDee Lamb WR Garrett Wilson WR Isaiah Williams,,Aaron Jones Sr.,FLEX,0.53%,14.2
194,5269071336,MD416 (37/150),0,209.84001,DST Commanders  FLEX Jaylen Warren QB Geno Smith RB Jahmyr Gibbs RB Kenneth Walker III TE Kenyon Sadiq WR CeeDee Lamb WR Garrett Wilson WR Isaiah Williams,,Ryan Flournoy,FLEX,0.53%,4.2
194,5269927498,Patrick_Star (54/150),0,209.84001,DST Commanders  FLEX Jaylen Warren QB Geno Smith RB Jahmyr Gibbs RB Kenneth Walker III TE Kenyon Sadiq WR CeeDee Lamb WR Garrett Wilson WR Isaiah Williams,,Harold Fannin Jr.,FLEX,0.52%,24.1
194,5270982796,BeRex (94/150),0,209.84001,DST Commanders  FLEX Jaylen Warren QB Geno Smith RB Jahmyr Gibbs RB Kenneth Walker III TE Kenyon Sadiq WR CeeDee Lamb WR Garrett Wilson WR Isaiah Williams,,Keenan Allen,WR,0.52%,18.3
194,5271269171,wccaman (13/150),0,209.84001,DST Commanders  FLEX Jaylen Warren QB Geno Smith RB Jahmyr Gibbs RB Kenneth Walker III TE Kenyon Sadiq WR CeeDee Lamb WR Garrett Wilson WR Isaiah Williams,,Alvin Kamara,RB,0.51%,5.1
194,5271458272,lbeezy713 (72/150),0,209.84001,DST Commanders  FLEX Jaylen Warren QB Geno Smith RB Jahmyr Gibbs RB Kenneth Walker III TE Kenyon Sadiq WR CeeDee Lamb WR Garrett Wilson WR Isaiah Williams,,David Montgomery,FLEX,0.49%,6.8
194,5271471133,jerzeyzveryown (92/150),0,209.84001,DST Commanders  FLEX Jaylen Warren QB Geno Smith RB Jahmyr Gibbs RB Kenneth Walker III TE Kenyon Sadiq WR CeeDee Lamb WR Garrett Wilson WR Isaiah Williams,,Carnell Tate,WR,0.49%,11.8
194,5271951982,Colonel420 (37/150),0,209.84001,DST Commanders  FLEX Jaylen Warren QB Geno Smith RB Jahmyr Gibbs RB Kenneth Walker III TE Kenyon Sadiq WR CeeDee Lamb WR Garrett Wilson WR Isaiah Williams,,Darren Waller,FLEX,0.48%,10.1
202,5272653638,DoloMitex478 (5/20),0,209.82002,DST Titans  FLEX Juwan Johnson QB Deshaun Watson RB Jahmyr Gibbs RB Jaylen Warren TE Harold Fannin Jr. WR Jaxon Smith-Njigba WR Chris Olave WR Denzel Boston,,Aaron Rodgers,QB,0.48%,23.68
203,5270770421,phd_aggie (46/150),0,209.80002,DST Giants  FLEX Kenyon Sadiq QB Geno Smith RB Jahmyr Gibbs RB Chase Brown TE Cade Otton WR Jaxon Smith-Njigba WR Garrett Wilson WR Keenan Allen,,Rhamondre Stevenson,RB,0.47%,6.8
203,5270847108,roosevelt (143/150),0,209.8,DST Titans  FLEX Juwan Johnson QB Geno Smith RB Jahmyr Gibbs RB Omarion Hampton TE Kenyon Sadiq WR Jaxon Smith-Njigba WR Garrett Wilson WR Devaughn Vele,,Bucky Irving,FLEX,0.47%,7.8
203,5271223726,Loughy (96/150),0,209.8,DST Raiders  FLEX Kenyon Sadiq QB Geno Smith RB Jahmyr Gibbs RB Kenneth Walker III TE Sam LaPorta WR Jaxon Smith-Njigba WR Garrett Wilson WR Isaiah Williams,,Greg Dulcich,TE,0.46%,10.5
203,5271239779,simon1312 (74/150),0,209.8,DST Raiders  FLEX Sam LaPorta QB Geno Smith RB Jahmyr Gibbs RB Kenneth Walker III TE Kenyon Sadiq WR Jaxon Smith-Njigba WR Garrett Wilson WR Isaiah Williams,,Wan'Dale Robinson,WR,0.46%,18.7
207,5271892049,BigMart11 (70/150),0,209.73999,DST Buccaneers  FLEX George Kittle QB Geno Smith RB Jahmyr Gibbs RB Jaylen Warren TE Kenyon Sadiq WR Amon-Ra St. Brown WR Garrett Wilson WR Deebo Samuel Sr.,,Mike Gesicki,TE,0.46%,12.7
208,5269051601,ppass (84/150),0,209.67998,DST Steelers  FLEX George Kittle QB Brock Purdy RB Jahmyr Gibbs RB Kenneth Walker III TE Travis Kelce WR Garrett Wilson WR Michael Wilson WR Roman Wilson,,Isaiah Likely,FLEX,0.45%,3.3
209,5268932290,grand2515 (150/150),0,209.59999,DST Raiders  FLEX CeeDee Lamb QB Jacoby Brissett RB Jahmyr Gibbs RB Quinshon Judkins TE Kenyon Sadiq WR Garrett Wilson WR Deebo Samuel Sr. WR Michael Wilson,,Jeremiyah Love,FLEX,0.44%,21.9
209,5271640928,ChuckyNuni (21/56),0,209.59999,DST Giants  FLEX Juwan Johnson QB Tyler Shough RB Jahmyr Gibbs RB Jaylen Warren TE Harold Fannin Jr. WR Ja'Marr Chase WR Garrett Wilson WR Devaughn Vele,,Brock Bowers,TE,0.42%,30.6
211,5267045704,brandon841 (4/150),0,209.54001,DST Titans  FLEX Jaylen Warren QB Geno Smith RB Jahmyr Gibbs RB James Cook III TE Kenyon Sadiq WR Ja'Marr Chase WR Garrett Wilson WR Isaiah Williams,,Keon Coleman,WR,0.41%,4.7
211,5272686843,cjerry (27/150),0,209.54001,DST Bills  FLEX Jahmyr Gibbs QB Geno Smith RB Kenneth Walker III RB James Cook III TE Juwan Johnson WR Garrett Wilson WR Michael Wilson WR Xavier Hutchinson,,Ladd McConkey,FLEX,0.40%,10.6
211,5269125896,jram409 (27/150),0,209.54,DST Seahawks  FLEX Kenyon Sadiq QB Geno Smith RB Jahmyr Gibbs RB Jaylen Warren TE George Kittle WR CeeDee Lamb WR Garrett Wilson WR Devaughn Vele,,Jalen Coker,FLEX,0.40%,3.8
211,5269410988,vaprince33,0,209.54,DST Vikings  FLEX Derrick Henry QB Geno Smith RB Jahmyr Gibbs RB Jaylen Warren TE Kenyon Sadiq WR George Pickens WR Garrett Wilson WR Tyquan Thornton,,Gunnar Helm,TE,0.39%,3.4
215,5272708197,thumpinfla (125/130),0,209.51999,DST Titans  FLEX Juwan Johnson QB Sam Darnold RB Jahmyr Gibbs RB Kenneth Walker III TE AJ Barner WR Jaxon Smith-Njigba WR Garrett Wilson WR KC Concepcion Jr.,,Isaiah Williams,FLEX,0.39%,3.1
216,5271565406,doublejays (150/150),0,209.5,DST Colts  FLEX Kenyon Sadiq QB Geno Smith RB Jahmyr Gibbs RB Jaylen Warren TE Dalton Kincaid WR Jaxon Smith-Njigba WR Garrett Wilson WR Malik Washington,,Adonai Mitchell,WR,0.39%,0
216,5272421659,Alexberg22 (75/147),0,209.5,DST Bills  FLEX Kenyon Sadiq QB Geno Smith RB Jahmyr Gibbs RB Ashton Jeanty TE George Kittle WR Jaxon Smith-Njigba WR Garrett Wilson WR LaJohntay Wester,,Cam Skattebo,FLEX,0.38%,13
216,5268955923,navapower (13/100),0,209.49998,DST Titans  FLEX Garrett Wilson QB Geno Smith RB Jahmyr Gibbs RB Jaylen Warren TE Kenyon Sadiq WR Jaxon Smith-Njigba WR Jameson Williams WR Xavier Worthy,,Xavier Worthy,FLEX,0.37%,4
219,5270439797,ferguand (11/122),0,209.44,DST Titans  FLEX Jaylen Warren QB Geno Smith RB Jahmyr Gibbs RB Ashton Jeanty TE Kenyon Sadiq WR Garrett Wilson WR Parker Washington WR Michael Wilson,,TreVeyon Henderson,FLEX,0.36%,3.9
219,5271351926,BamaBoiRuff (17/150),0,209.44,DST Vikings  FLEX Juwan Johnson QB Trevor Lawrence RB Jahmyr Gibbs RB Jaylen Warren TE Harold Fannin Jr. WR Jaxon Smith-Njigba WR Parker Washington WR Devaughn Vele,,AJ Barner,FLEX,0.36%,11.9
221,5270131215,tmock2731 (22/30),0,209.4,DST Titans  FLEX Tyquan Thornton QB Geno Smith RB Jahmyr Gibbs RB Bhayshul Tuten TE Kenyon Sadiq WR Jaxon Smith-Njigba WR George Pickens WR Garrett Wilson,,Marvin Harrison Jr.,WR,0.36%,7
222,5271185755,NickFoles4Life (95/150),0,209.37999,DST Jaguars  FLEX Michael Wilson QB Brock Purdy RB Jahmyr Gibbs RB Chuba Hubbard TE George Kittle WR Garrett Wilson WR Deebo Samuel Sr. WR Xavier Hutchinson,,Tetairoa McMillan,FLEX,0.35%,3.7
223,5269071346,MD416 (47/150),0,209.3,DST Buccaneers  FLEX Kenyon Sadiq QB Geno Smith RB Jahmyr Gibbs RB Kenneth Walker III TE Travis Kelce WR Jaxon Smith-Njigba WR Garrett Wilson WR Isaiah Williams,,Tyler Warren,FLEX,0.35%,14.7
223,5269712505,WuDreamz (40/150),0,209.3,DST Steelers  FLEX Kenyon Sadiq QB Geno Smith RB Jahmyr Gibbs RB Kenneth Walker III TE Travis Kelce WR Jaxon Smith-Njigba WR Garrett Wilson WR Isaiah Williams,,Jadarian Price,FLEX,0.33%,2.2
223,5270470675,bsandark (134/150),0,209.3,DST Buccaneers  FLEX Kenyon Sadiq QB Geno Smith RB Jahmyr Gibbs RB Kenneth Walker III TE Travis Kelce WR Jaxon Smith-Njigba WR Garrett Wilson WR Isaiah Williams,,Jalen Nailor,WR,0.33%,2.6
223,5270995427,CJCashing (10/150),0,209.3,DST Titans  FLEX Kenyon Sadiq QB Geno Smith RB Jahmyr Gibbs RB James Cook III TE Dalton Schultz WR Jaxon Smith-Njigba WR Garrett Wilson WR Devaughn Vele,,Jameson Williams,FLEX,0.31%,8.9
223,5271323992,My_sons (33/150),0,209.3,DST Buccaneers  FLEX Kenyon Sadiq QB Geno Smith RB Jahmyr Gibbs RB Kenneth Walker III TE Travis Kelce WR Jaxon Smith-Njigba WR Garrett Wilson WR Isaiah Williams,,Marcus Mariota,QB,0.30%,20.42
223,5271570292,Eric4Life (10/39),0,209.3,DST Titans  FLEX Dalton Schultz QB Geno Smith RB Jahmyr Gibbs RB James Cook III TE Kenyon Sadiq WR Jaxon Smith-Njigba WR Garrett Wilson WR Devaughn Vele,,Josh Downs,FLEX,0.30%,12.7
223,5271911877,HahamHanukah (38/150),0,209.29999,DST Buccaneers  FLEX George Kittle QB Tyler Shough RB Jahmyr Gibbs RB Jaylen Warren TE Kenyon Sadiq WR CeeDee Lamb WR Garrett Wilson WR Devaughn Vele,,Roman Wilson,WR,0.29%,15
223,5272070912,mjv2009 (4/15),0,209.29999,DST Titans  FLEX Juwan Johnson QB Geno Smith RB Jahmyr Gibbs RB Jaylen Warren TE Dalton Schultz WR Jaxon Smith-Njigba WR Garrett Wilson WR Jameson Williams,,Chris Bell,WR,0.29%,10.7
231,5271486099,Dcats15 (68/150),0,209.2,DST Titans  FLEX Kenyon Sadiq QB Geno Smith RB Jahmyr Gibbs RB Cam Skattebo TE Tyler Warren WR Jaxon Smith-Njigba WR Garrett Wilson WR Xavier Hutchinson,,Joshua Palmer,FLEX,0.28%,0
231,5271949316,SILVAJ (137/150),0,209.2,DST Vikings  FLEX Mark Andrews QB Geno Smith RB James Cook III RB Jaylen Warren TE Kenyon Sadiq WR Jaxon Smith-Njigba WR George Pickens WR Garrett Wilson,,Khalil Shakir,FLEX,0.28%,1.6
231,5272195540,wickedwayzz (91/150),0,209.2,DST Vikings  FLEX Mark Andrews QB Geno Smith RB James Cook III RB Jaylen Warren TE Kenyon Sadiq WR Jaxon Smith-Njigba WR George Pickens WR Garrett Wilson,,Michael Wilson,FLEX,0.28%,25.9
234,5270489195,baoaca (97/150),0,209.18001,DST Titans  FLEX Juwan Johnson QB Brock Purdy RB Jahmyr Gibbs RB Chuba Hubbard TE George Kittle WR Chris Olave WR Deebo Samuel Sr. WR Michael Wilson,,Cam Ward,QB,0.26%,10.44
235,5270342817,Dillymonkeys (99/150),0,209.14,DST Titans  FLEX Jaylen Warren QB Geno Smith RB Jahmyr Gibbs RB Chuba Hubbard TE Kenyon Sadiq WR Ja'Marr Chase WR Garrett Wilson WR Malik Washington,,Ja'Marr Chase,FLEX,0.26%,24.8
236,5270378967,vrs815 (126/150),0,209.07999,DST Titans  FLEX Juwan Johnson QB Brock Purdy RB Jahmyr Gibbs RB Jaylen Warren TE George Kittle WR Chris Olave WR Garrett Wilson WR KC Concepcion Jr.,,Elic Ayomanor,WR,0.25%,2.1
236,5272445874,kjdinero (114/150),0,209.07999,DST Commanders  FLEX Michael Wilson QB Brock Purdy RB Jahmyr Gibbs RB Jaylen Warren TE Juwan Johnson WR Garrett Wilson WR Parker Washington WR Jameson Williams,,Malik Washington,FLEX,0.24%,11.1
238,5270378939,vrs815 (98/150),0,209.06,DST Titans  FLEX Juwan Johnson QB Tyler Shough RB Jahmyr Gibbs RB Jaylen Warren TE Travis Kelce WR Jaxon Smith-Njigba WR Garrett Wilson WR Xavier Worthy,,Omarion Hampton,FLEX,0.24%,5.6
239,5271368353,ayybesmooth (110/150),0,209.02,DST Titans  FLEX Juwan Johnson QB Sam Darnold RB Jahmyr Gibbs RB Quinshon Judkins TE Dalton Schultz WR Jaxon Smith-Njigba WR Garrett Wilson WR Terry McLaurin,,Laquon Treadwell,WR,0.24%,3
240,5266737536,BGUSTIN21 (83/150),0,209.00002,DST Raiders  FLEX Kenyon Sadiq QB Geno Smith RB Jahmyr Gibbs RB Derrick Henry TE Dalton Schultz WR Jaxon Smith-Njigba WR Garrett Wilson WR Isaiah Williams,,KC Concepcion Jr.,FLEX,0.24%,2.9
240,5271141698,sully0122001 (98/100),0,209.00002,DST Steelers  FLEX Jaxon Smith-Njigba QB Geno Smith RB Jahmyr Gibbs RB Jeremiyah Love TE Kenyon Sadiq WR Garrett Wilson WR Parker Washington WR Isaiah Williams,,Ted Hurst III,FLEX,0.24%,11
242,5272873465,djonesemb (66/150),0,208.9,DST Buccaneers  FLEX Emeka Egbuka QB Geno Smith RB Jahmyr Gibbs RB Jaylen Warren TE Kenyon Sadiq WR Jaxon Smith-Njigba WR Garrett Wilson WR Isaiah Williams,,Brock Bowers,FLEX,0.23%,30.6
243,5271044113,BallSoHardy (112/150),0,208.79999,DST Commanders  FLEX Trey McBride QB Jacoby Brissett RB Jahmyr Gibbs RB Jaylen Warren TE George Kittle WR Garrett Wilson WR Jameson Williams WR Michael Wilson,,Dawson Knox,TE,0.22%,1.5
244,5272345590,jbwilliams3 (26/150),0,208.72,DST Raiders  FLEX Kenyon Sadiq QB Sam Darnold RB Jahmyr Gibbs RB Aaron Jones Sr. TE Darren Waller WR Jaxon Smith-Njigba WR Garrett Wilson WR Jalen Coker,,Cooper Kupp,WR,0.22%,14.6
245,5271865082,ripking (4/5),0,208.54,DST Vikings  FLEX Michael Wilson QB Geno Smith RB Jahmyr Gibbs RB Quinshon Judkins TE George Kittle WR Garrett Wilson WR Parker Washington WR Deebo Samuel Sr.,,Malachi Fields,WR,0.22%,3.9
246,5270674172,dalter123 (75/150),0,208.52002,DST Vikings  FLEX Harold Fannin Jr. QB Deshaun Watson RB Jahmyr Gibbs RB Jaylen Warren TE Dalton Schultz WR Jaxon Smith-Njigba WR Garrett Wilson WR Denzel Boston,,Emeka Egbuka,FLEX,0.22%,11.2
247,5270399264,UIGEA (149/150),0,208.44,DST Raiders  FLEX Jameson Williams QB Geno Smith RB Jahmyr Gibbs RB James Cook III TE Kenyon Sadiq WR Garrett Wilson WR Ladd McConkey WR Michael Wilson,,Chris Moore,WR,0.21%,7.4
248,5269097495,bigecg26 (5/20),0,208.27998,DST Vikings  FLEX George Kittle QB Brock Purdy RB Jahmyr Gibbs RB Kenneth Walker III TE Kenyon Sadiq WR Parker Washington WR Michael Wilson WR Rashod Bateman,,Darnell Mooney,WR,0.21%,4.9
249,5271914676,kevintheodore (4/150),0,208.23999,DST Chargers  FLEX Juwan Johnson QB Trevor Lawrence RB Jahmyr Gibbs RB Kenneth Walker III TE Sam LaPorta WR Jaxon Smith-Njigba WR Garrett Wilson WR Ted Hurst III,,Xavier Hutchinson,FLEX,0.20%,8.5
250,5265343106,MyVickUrMouth (36/40),0,208.22,DST Titans  FLEX George Kittle QB Sam Darnold RB Jahmyr Gibbs RB James Cook III TE Kenyon Sadiq WR Jaxon Smith-Njigba WR Quentin Johnston WR Rashod Bateman,,Bhayshul Tuten,FLEX,0.19%,17
251,5271437060,jnuland (1/150),0,208.2,DST Titans  FLEX Jaylen Warren QB Geno Smith RB Jahmyr Gibbs RB Breece Hall TE Kenyon Sadiq WR Jaxon Smith-Njigba WR Garrett Wilson WR Isaiah Williams,,Tony Pollard,FLEX,0.18%,13.6
251,5271456431,kreller17 (17/150),0,208.2,DST Titans  FLEX Jahmyr Gibbs QB Geno Smith RB Breece Hall RB Jaylen Warren TE Kenyon Sadiq WR Jaxon Smith-Njigba WR Garrett Wilson WR Isaiah Williams,,Bryce Lance,WR,0.18%,0
251,5272071271,nickfromcwe (42/150),0,208.19998,DST Titans  FLEX Jahmyr Gibbs QB Geno Smith RB Breece Hall RB Jaylen Warren TE Kenyon Sadiq WR Jaxon Smith-Njigba WR Michael Wilson WR Devaughn Vele,,Woody Marks,RB,0.18%,9.1
254,5270378943,vrs815 (102/150),0,208.18,DST Buccaneers  FLEX Juwan Johnson QB Brock Purdy RB Jahmyr Gibbs RB Jaylen Warren TE George Kittle WR Chris Olave WR Garrett Wilson WR Xavier Worthy,,Devontez Walker,WR,0.18%,0
255,5272024310,yold6 (80/150),0,208.14,DST Titans  FLEX Travis Kelce QB Geno Smith RB Jahmyr Gibbs RB James Cook III TE Kenyon Sadiq WR George Pickens WR Garrett Wilson WR Tee Higgins,,Gunnar Helm,FLEX,0.17%,3.4
256,5269396311,jparker470 (52/150),0,208.04001,DST Vikings  FLEX Jaylen Warren QB Geno Smith RB Jahmyr Gibbs RB Kenneth Walker III TE Kenyon Sadiq WR Zay Flowers WR Garrett Wilson WR Isaiah Williams,,Michael Pittman Jr.,WR,0.17%,3.6
256,5269778467,16to80 (7/9),0,208.04001,DST Chargers  FLEX Juwan Johnson QB Joe Burrow RB Jahmyr Gibbs RB Chuba Hubbard TE Harold Fannin Jr. WR Jaxon Smith-Njigba WR Romeo Doubs WR Jakobi Meyers,,Travis Etienne Jr.,FLEX,0.17%,9
258,5269446877,wsdp (140/150),0,207.94,DST Titans  FLEX Jaylen Warren QB Geno Smith RB Jahmyr Gibbs RB James Cook III TE Kenyon Sadiq WR CeeDee Lamb WR Garrett Wilson WR Isaiah Williams,,Rachaad White,RB,0.17%,11.1
258,5271726268,LaVega (81/150),0,207.93999,DST Titans  FLEX George Kittle QB Geno Smith RB Jahmyr Gibbs RB Chuba Hubbard TE Kenyon Sadiq WR CeeDee Lamb WR Garrett Wilson WR Jameson Williams,,Quentin Johnston,FLEX,0.16%,7
260,5271593057,KeriStuckmeyer (56/72),0,207.90001,DST Titans  FLEX Jaylen Warren QB Geno Smith RB Jahmyr Gibbs RB David Montgomery TE Kenyon Sadiq WR Jaxon Smith-Njigba WR Garrett Wilson WR Jaylin Noel,,Greg Dulcich,FLEX,0.16%,10.5
260,5271853862,SamBamCH (11/75),0,207.89998,DST Dolphins  FLEX Kenyon Sadiq QB Geno Smith RB Jahmyr Gibbs RB Jaylen Warren TE Sam LaPorta WR Jaxon Smith-Njigba WR Garrett Wilson WR Jameson Williams,,Cody White,WR,0.16%,7.4
262,5271884307,whoisjohngalt420 (103/150),0,207.87999,DST Jaguars  FLEX George Kittle QB Brock Purdy RB Jahmyr Gibbs RB Jeremiyah Love TE Travis Kelce WR Garrett Wilson WR DK Metcalf WR Deebo Samuel Sr.,,Dawson Knox,FLEX,0.16%,1.5
263,5271614066,HollywoodZJY (47/150),0,207.85999,DST Jaguars  FLEX Juwan Johnson QB Tyler Shough RB Jahmyr Gibbs RB Bhayshul Tuten TE Sam LaPorta WR Jaxon Smith-Njigba WR Garrett Wilson WR Devaughn Vele,,Jordan Addison,FLEX,0.16%,20
264,5271465694,willcole79 (5/150),0,207.84,DST Bills  FLEX Juwan Johnson QB Geno Smith RB Jahmyr Gibbs RB Cam Skattebo TE Kenyon Sadiq WR Chris Olave WR George Pickens WR Garrett Wilson,,Alvin Kamara,FLEX,0.15%,5.1
265,5271661212,JackHoffmen (91/150),0,207.82,DST Panthers  FLEX Jake Ferguson QB Sam Darnold RB Jahmyr Gibbs RB Jeremiyah Love TE Kenyon Sadiq WR Jaxon Smith-Njigba WR Parker Washington WR Terry McLaurin,,Michael Mayer,TE,0.15%,12.2
266,5267572231,BrokenNoser32 (16/150),0,207.8,DST Titans  FLEX Jaylen Warren QB Tyler Shough RB Jahmyr Gibbs RB Kenneth Walker III TE Juwan Johnson WR Chris Olave WR Garrett Wilson WR Ted Hurst III,,Tee Higgins,FLEX,0.15%,21
266,5271511619,bickey22 (32/150),0,207.8,DST Titans  FLEX Jaylen Warren QB Tyler Shough RB Jahmyr Gibbs RB Kenneth Walker III TE Juwan Johnson WR Chris Olave WR Garrett Wilson WR Ted Hurst III,,Tyquan Thornton,FLEX,0.15%,4.2
266,5271557831,RankS69420 (110/150),0,207.8,DST Raiders  FLEX Mark Andrews QB Geno Smith RB Jahmyr Gibbs RB Kenneth Walker III TE Kenyon Sadiq WR Jaxon Smith-Njigba WR Garrett Wilson WR Isaiah Williams,,Rashee Rice,FLEX,0.15%,15.8
266,5271697832,jaredlinden (142/150),0,207.8,DST Raiders  FLEX Juwan Johnson QB Tyler Shough RB Jahmyr Gibbs RB Ashton Jeanty TE Kenyon Sadiq WR Chris Olave WR Garrett Wilson WR DK Metcalf,,Mike Gesicki,FLEX,0.15%,12.7
266,5271811883,WOW318 (27/150),0,207.8,DST Titans  FLEX Jaylen Warren QB Tyler Shough RB Jahmyr Gibbs RB Kenneth Walker III TE Juwan Johnson WR Chris Olave WR Garrett Wilson WR Ted Hurst III,,Mike Evans,FLEX,0.15%,12.4
266,5272844869,DannyBoi24 (16/150),0,207.8,DST Titans  FLEX Jaylen Warren QB Tyler Shough RB Jahmyr Gibbs RB Kenneth Walker III TE Juwan Johnson WR Chris Olave WR Garrett Wilson WR Ted Hurst III,,Jacory Croskey-Merritt,RB,0.14%,5.3
266,5267354769,finnodell (11/150),0,207.79999,DST Titans  FLEX Sam LaPorta QB Geno Smith RB Jahmyr Gibbs RB Jaylen Warren TE Kenyon Sadiq WR Jaxon Smith-Njigba WR Garrett Wilson WR Jalen Coker,,Jack Bech,WR,0.14%,0
266,5271416549,Johnnyutah8000 (17/150),0,207.79999,DST Titans  FLEX Sam LaPorta QB Geno Smith RB Jahmyr Gibbs RB Jaylen Warren TE Kenyon Sadiq WR Jaxon Smith-Njigba WR Garrett Wilson WR Jalen Coker,,Antonio Williams,WR,0.14%,3.5
274,5271959112,ssrh447 (9/10),0,207.77998,DST Titans  FLEX Bhayshul Tuten QB Brock Purdy RB Jahmyr Gibbs RB Jaylen Warren TE George Kittle WR Garrett Wilson WR Michael Wilson WR Rashod Bateman,,Emanuel Wilson,RB,0.14%,1.4
275,5269006424,WolfDance (147/150),0,207.76,DST Steelers  FLEX George Kittle QB Jacoby Brissett RB Jahmyr Gibbs RB Chuba Hubbard TE Kenyon Sadiq WR Jaxon Smith-Njigba WR Jalen Coker WR Michael Wilson,,Brian Thomas Jr.,FLEX,0.14%,1.8
276,5269013015,dubes14 (53/64),0,207.74,DST Texans  FLEX George Kittle QB Geno Smith RB Jahmyr Gibbs RB James Cook III TE Kenyon Sadiq WR Garrett Wilson WR Ladd McConkey WR Jameson Williams,,LaJohntay Wester,FLEX,0.14%,0
277,5271447555,EPs_Finest (19/101),0,207.68,DST Vikings  FLEX George Kittle QB Brock Purdy RB Jahmyr Gibbs RB James Cook III TE Kenyon Sadiq WR Garrett Wilson WR Tetairoa McMillan WR Xavier Hutchinson,,Isaac TeSlaa,WR,0.13%,9.6
278,5269712513,WuDreamz (48/150),0,207.64001,DST Titans  FLEX George Kittle QB Geno Smith RB Jahmyr Gibbs RB Kenneth Walker III TE Harold Fannin Jr. WR Ja'Marr Chase WR Garrett Wilson WR Isaiah Williams,,Jaylin Noel,FLEX,0.12%,4.5
278,5266988820,montyells (67/150),0,207.64,DST Jaguars  FLEX Kenyon Sadiq QB Trevor Lawrence RB Jahmyr Gibbs RB Jeremiyah Love TE Jake Ferguson WR Jaxon Smith-Njigba WR Parker Washington WR Jakobi Meyers,,Foster Moreau,FLEX,0.12%,8.7
278,5267267430,JEverett661 (23/150),0,207.64,DST Raiders  FLEX Kenyon Sadiq QB Geno Smith RB Jahmyr Gibbs RB Quinshon Judkins TE Travis Kelce WR CeeDee Lamb WR Garrett Wilson WR Tee Higgins,,Emmett Johnson,FLEX,0.12%,1.7
281,5271391093,westh8bamix (81/150),0,207.6,DST Raiders  FLEX Derrick Henry QB Geno Smith RB Kenneth Walker III RB Jaylen Warren TE Kenyon Sadiq WR Jaxon Smith-Njigba WR Garrett Wilson WR Tyquan Thornton,,Jauan Jennings,WR,0.12%,1.1
281,5272656714,cbass84 (5/150),0,207.6,DST Titans  FLEX Jeremiyah Love QB Geno Smith RB Jahmyr Gibbs RB James Cook III TE Mike Gesicki WR Jaxon Smith-Njigba WR Garrett Wilson WR Isaiah Williams,,Romeo Doubs,FLEX,0.12%,7.9
281,5269078420,kloosman (54/150),0,207.59999,DST Steelers  FLEX Kenyon Sadiq QB Geno Smith RB Jahmyr Gibbs RB Jaylen Warren TE Oronde Gadsden II WR Jaxon Smith-Njigba WR Garrett Wilson WR Parker Washington,,Kevin Coleman Jr.,WR,0.11%,1.3
284,5272582049,ScreaminPony1 (46/150),0,207.45999,DST Chargers  FLEX Juwan Johnson QB Tyler Shough RB Jahmyr Gibbs RB Kenneth Walker III TE Sam LaPorta WR Jaxon Smith-Njigba WR Garrett Wilson WR Tyquan Thornton,,DK Metcalf,FLEX,0.11%,12.1
285,5266927262,dmeb421 (3/46),0,207.44,DST Vikings  FLEX Juwan Johnson QB Geno Smith RB Jahmyr Gibbs RB Jaylen Warren TE Dalton Schultz WR Chris Olave WR Garrett Wilson WR Josh Downs,,Kaelon Black,RB,0.11%,1.7
285,5267940746,mamandus (2/150),0,207.44,DST Titans  FLEX Michael Wilson QB Geno Smith RB Jahmyr Gibbs RB Jaylen Warren TE George Kittle WR Garrett Wilson WR Parker Washington WR Ladd McConkey,,Justice Hill,RB,0.10%,3.3
285,5269217539,srohde001 (69/150),0,207.44,DST Steelers  FLEX Juwan Johnson QB Geno Smith RB Jahmyr Gibbs RB Jaylen Warren TE Kenyon Sadiq WR CeeDee Lamb WR Garrett Wilson WR Tetairoa McMillan,,Kendrick Bourne,FLEX,0.10%,4.2
285,5272613124,jmjrocker (24/25),0,207.44,DST Panthers  FLEX Rashee Rice QB Geno Smith RB Jahmyr Gibbs RB Derrick Henry TE Kenyon Sadiq WR Garrett Wilson WR Jakobi Meyers WR Wan'Dale Robinson,,Jerry Jeudy,WR,0.10%,0
289,5269653044,Gootse28 (78/150),0,207.4,DST Raiders  FLEX Ted Hurst III QB Geno Smith RB Jahmyr Gibbs RB Cam Skattebo TE Dalton Schultz WR Jaxon Smith-Njigba WR Garrett Wilson WR Michael Wilson,,DJ Moore,FLEX,0.10%,12.7
289,5271997718,DKyat (8/54),0,207.4,DST Titans  FLEX Oronde Gadsden II QB Geno Smith RB Jahmyr Gibbs RB Jaylen Warren TE Juwan Johnson WR Jaxon Smith-Njigba WR Garrett Wilson WR Parker Washington,,Stefon Diggs,FLEX,0.10%,7.3
291,5271616677,sirdodger (1/52),0,207.34001,DST Vikings  FLEX Derrick Henry QB Geno Smith RB Jahmyr Gibbs RB David Montgomery TE Kenyon Sadiq WR Garrett Wilson WR Michael Wilson WR Denzel Boston,,Drew Lock,QB,0.10%,0
292,5266981232,sdoyle8448 (140/150),0,207.3,DST Panthers  FLEX Jaxon Smith-Njigba QB Geno Smith RB Jahmyr Gibbs RB Jaylen Warren TE Kenyon Sadiq WR Garrett Wilson WR Ladd McConkey WR Isaiah Williams,,Rashid Shaheed,FLEX,0.09%,3.4
292,5269227597,brrttmrtn (18/80),0,207.3,DST Panthers  FLEX T.J. Hockenson QB Geno Smith RB Jahmyr Gibbs RB Jaylen Warren TE Kenyon Sadiq WR Jaxon Smith-Njigba WR Garrett Wilson WR Ladd McConkey,,Tre' Harris,FLEX,0.09%,13.6
292,5271667962,mrlogicaltx (14/15),0,207.29999,DST Raiders  FLEX Travis Kelce QB Geno Smith RB Jahmyr Gibbs RB Breece Hall TE Kenyon Sadiq WR Jaxon Smith-Njigba WR Garrett Wilson WR Devaughn Vele,,Rhamondre Stevenson,FLEX,0.09%,6.8
292,5267609583,donistheking (13/150),0,207.29997,DST Jaguars  FLEX Sam LaPorta QB Geno Smith RB Jahmyr Gibbs RB Jaylen Warren TE AJ Barner WR Jaxon Smith-Njigba WR Garrett Wilson WR Jameson Williams,,Tommy Tremble,TE,0.09%,7.1
296,5272582047,ScreaminPony1 (44/150),0,207.26,DST Titans  FLEX Juwan Johnson QB Tyler Shough RB Jahmyr Gibbs RB Kenneth Walker III TE Sam LaPorta WR Jaxon Smith-Njigba WR Garrett Wilson WR Ted Hurst III,,Zay Flowers,FLEX,0.09%,15.4
297,5270418071,cmon9010 (94/150),0,207.20001,DST Chargers  FLEX Jahmyr Gibbs QB Geno Smith RB Kenneth Walker III RB Jaylen Warren TE Kenyon Sadiq WR Jaxon Smith-Njigba WR Jameson Williams WR Isaiah Williams,,Jalen Nailor,FLEX,0.08%,2.6
297,5270923885,fatherofthree51 (64/150),0,207.2,DST Browns  FLEX George Kittle QB Geno Smith RB Jahmyr Gibbs RB Kenneth Walker III TE Kenyon Sadiq WR Jaxon Smith-Njigba WR Jameson Williams WR Xavier Hutchinson,,Michael Mayer,FLEX,0.08%,12.2
297,5271070544,thackspaz (1/16),0,207.19998,DST Jaguars  FLEX George Kittle QB Tyler Shough RB Jahmyr Gibbs RB Jaylen Warren TE Travis Kelce WR Chris Olave WR Garrett Wilson WR Devaughn Vele,,Malik Nabers,FLEX,0.08%,7.6
297,5271626175,miguelra3939 (93/150),0,207.19998,DST Jaguars  FLEX George Kittle QB Tyler Shough RB Jahmyr Gibbs RB Jaylen Warren TE Travis Kelce WR Chris Olave WR Garrett Wilson WR Devaughn Vele,,Tommy Tremble,FLEX,0.08%,7.1
301,5270464533,bsandark (49/150),0,207.14001,DST Vikings  FLEX George Kittle QB Geno Smith RB Jahmyr Gibbs RB Kenneth Walker III TE Kenyon Sadiq WR Amon-Ra St. Brown WR Garrett Wilson WR Isaiah Williams,,DeMario Douglas,FLEX,0.08%,4.8
301,5269617528,pobrien11 (25/150),0,207.14,DST Jaguars  FLEX George Kittle QB Geno Smith RB Jahmyr Gibbs RB Jeremiyah Love TE Kenyon Sadiq WR CeeDee Lamb WR Parker Washington WR Jameson Williams,,Chris Godwin Jr.,FLEX,0.07%,5.5
303,5270564440,iwinulosekillall (80/150),0,207.11998,DST Vikings  FLEX Sam LaPorta QB Sam Darnold RB Jahmyr Gibbs RB Jaylen Warren TE Travis Kelce WR Jaxon Smith-Njigba WR Garrett Wilson WR Isaiah Williams,,Tyler Allgeier,RB,0.07%,4.9
304,5266113363,bradblackandgold (48/150),0,207.09999,DST Titans  FLEX George Kittle QB Geno Smith RB Kenneth Walker III RB Chuba Hubbard TE Kenyon Sadiq WR Jaxon Smith-Njigba WR Garrett Wilson WR Parker Washington,,Devontez Walker,FLEX,0.07%,0
304,5271714371,edo9125 (74/150),0,207.09999,DST Titans  FLEX Garrett Wilson QB Geno Smith RB Jahmyr Gibbs RB Breece Hall TE Kenyon Sadiq WR Jaxon Smith-Njigba WR Wan'Dale Robinson WR Devaughn Vele,,Chris Moore,FLEX,0.07%,7.4
306,5270378953,vrs815 (112/150),0,207.06,DST Buccaneers  FLEX Juwan Johnson QB Tyler Shough RB Jahmyr Gibbs RB Jaylen Warren TE Travis Kelce WR Jaxon Smith-Njigba WR Garrett Wilson WR Xavier Worthy,,Jared Wayne,WR,0.07%,3
307,5272581760,O.G.Chip (64/150),0,207.04,DST Chargers  FLEX Aaron Jones Sr. QB Geno Smith RB Jahmyr Gibbs RB Jaylen Warren TE George Kittle WR Ja'Marr Chase WR Garrett Wilson WR Isaiah Williams,,Jalen McMillan,WR,0.06%,0
308,5271176548,PurplePain42 (32/150),0,206.91998,DST Steelers  FLEX T.J. Hockenson QB Sam Darnold RB Jahmyr Gibbs RB Jaylen Warren TE George Kittle WR Jaxon Smith-Njigba WR Garrett Wilson WR Devaughn Vele,,Kayshon Boutte,FLEX,0.06%,4.1
309,5269653113,Gootse28 (147/150),0,206.90002,DST Titans  FLEX Malik Washington QB Geno Smith RB Jahmyr Gibbs RB Derrick Henry TE Juwan Johnson WR Jaxon Smith-Njigba WR Garrett Wilson WR Isaiah Williams,,Braelon Allen,RB,0.06%,4.7
309,5269994843,scott1681 (72/150),0,206.90001,DST Titans  FLEX Hunter Henry QB Geno Smith RB Jahmyr Gibbs RB Kenneth Walker III TE Kenyon Sadiq WR Jaxon Smith-Njigba WR Garrett Wilson WR Malik Washington,,Mack Hollins,FLEX,0.06%,14.7
309,5270967707,maxpeers5 (6/150),0,206.90001,DST Titans  FLEX Hunter Henry QB Geno Smith RB Jahmyr Gibbs RB Kenneth Walker III TE Kenyon Sadiq WR Jaxon Smith-Njigba WR Garrett Wilson WR Malik Washington,,Germie Bernard,WR,0.06%,2.4
309,5270995477,CJCashing (60/150),0,206.90001,DST Titans  FLEX Kenyon Sadiq QB Geno Smith RB Jahmyr Gibbs RB Kenneth Walker III TE Hunter Henry WR Jaxon Smith-Njigba WR Garrett Wilson WR Malik Washington,,Foster Moreau,TE,0.05%,8.7
309,5270514172,CrYpTo_Cowboy (128/150),0,206.9,DST Vikings  FLEX Devaughn Vele QB Geno Smith RB Jahmyr Gibbs RB Breece Hall TE Kenyon Sadiq WR Jaxon Smith-Njigba WR Garrett Wilson WR Xavier Hutchinson,,Marvin Harrison Jr.,FLEX,0.05%,7
314,5270006295,33Vikings33 (29/150),0,206.87999,DST Panthers  FLEX Deebo Samuel Sr. QB Brock Purdy RB Jahmyr Gibbs RB Jeremiyah Love TE George Kittle WR Garrett Wilson WR Michael Wilson WR Malik Washington,,Bryce Lance,FLEX,0.05%,0
315,5270527693,dnorton33 (100/150),0,206.84,DST Vikings  FLEX Trey McBride QB Geno Smith RB Jahmyr Gibbs RB Jaylen Warren TE Kenyon Sadiq WR George Pickens WR Garrett Wilson WR Devaughn Vele,,Roman Wilson,FLEX,0.05%,15
315,5271749956,f.reality (6/150),0,206.84,DST Jaguars  FLEX Jameson Williams QB Geno Smith RB Jahmyr Gibbs RB James Cook III TE Kenyon Sadiq WR Garrett Wilson WR Emeka Egbuka WR Terry McLaurin,,Jakobi Meyers,FLEX,0.05%,19.4
315,5272071268,nickfromcwe (39/150),0,206.84,DST Vikings  FLEX George Kittle QB Geno Smith RB Jahmyr Gibbs RB James Cook III TE Kenyon Sadiq WR Garrett Wilson WR Tetairoa McMillan WR Jameson Williams,,Keenan Allen,FLEX,0.05%,18.3
318,5271103978,cagea65 (46/150),0,206.78,DST Raiders  FLEX George Kittle QB Brock Purdy RB Jahmyr Gibbs RB James Cook III TE Kenyon Sadiq WR Garrett Wilson WR Ladd McConkey WR Rashod Bateman,,Elic Ayomanor,FLEX,0.05%,2.1
319,5272582074,ScreaminPony1 (71/150),0,206.76,DST Titans  FLEX Devaughn Vele QB Tyler Shough RB Jahmyr Gibbs RB Kenneth Walker III TE Juwan Johnson WR Jaxon Smith-Njigba WR Garrett Wilson WR Ted Hurst III,,Woody Marks,FLEX,0.05%,9.1
320,5269888488,trustbaby218 (86/150),0,206.74002,DST Chiefs  FLEX Kenyon Sadiq QB Geno Smith RB Jahmyr Gibbs RB James Cook III TE Harold Fannin Jr. WR Garrett Wilson WR Parker Washington WR Ladd McConkey,,Josh Oliver,TE,0.05%,0
320,5270527614,dnorton33 (21/150),0,206.74,DST Vikings  FLEX Kenyon Sadiq QB Geno Smith RB Jahmyr Gibbs RB Kenneth Walker III TE Harold Fannin Jr. WR Garrett Wilson WR Parker Washington WR Tetairoa McMillan,,Kenny Gainwell,RB,0.05%,3
320,5267157858,texasfox1982 (17/21),0,206.73999,DST Jaguars  FLEX Kaelon Black QB Geno Smith RB Jahmyr Gibbs RB Jaylen Warren TE Kenyon Sadiq WR Amon-Ra St. Brown WR Garrett Wilson WR Michael Wilson,,Darnell Washington,TE,0.05%,9.7
323,5270943949,daily_grinder (10/10),0,206.7,DST Titans  FLEX Sam LaPorta QB Geno Smith RB Jahmyr Gibbs RB James Cook III TE Kenyon Sadiq WR Jaxon Smith-Njigba WR Garrett Wilson WR KC Concepcion Jr.,,Carnell Tate,FLEX,0.05%,11.8
323,5272336643,batavia (140/150),0,206.7,DST Browns  FLEX Juwan Johnson QB Geno Smith RB Jahmyr Gibbs RB Ashton Jeanty TE Travis Kelce WR Jaxon Smith-Njigba WR Garrett Wilson WR Chris Bell,,Samaje Perine,RB,0.05%,2.4
325,5272445889,kjdinero (129/150),0,206.67998,DST Chargers  FLEX Rashod Bateman QB Brock Purdy RB Jahmyr Gibbs RB Jaylen Warren TE George Kittle WR Garrett Wilson WR Jameson Williams WR Michael Wilson,,Rachaad White,FLEX,0.05%,11.1
326,5272194364,jkyleh57 (28/42),0,206.64,DST Titans  FLEX George Kittle QB Brock Purdy RB Kenneth Walker III RB Jaylen Warren TE Harold Fannin Jr. WR Jaxon Smith-Njigba WR Jameson Williams WR Michael Wilson,,Terry McLaurin,FLEX,0.05%,19.7
326,5272222861,jkyleh57 (31/42),0,206.64,DST Titans  FLEX George Kittle QB Brock Purdy RB Kenneth Walker III RB Jaylen Warren TE Harold Fannin Jr. WR Jaxon Smith-Njigba WR Jameson Williams WR Michael Wilson,,Tyjae Spears,RB,0.05%,0.5
328,5270807744,vegasnu2 (71/150),0,206.6,DST Steelers  FLEX Cade Otton QB Geno Smith RB Jahmyr Gibbs RB Kenneth Walker III TE Kenyon Sadiq WR Jaxon Smith-Njigba WR Garrett Wilson WR Rashod Bateman,,Kendre Miller,RB,0.04%,3.9
328,5268874018,Sol04 (93/150),0,206.59999,DST Vikings  FLEX Juwan Johnson QB Tyler Shough RB Jahmyr Gibbs RB Kenneth Walker III TE George Kittle WR Garrett Wilson WR Parker Washington WR Devaughn Vele,,Keaton Mitchell,RB,0.04%,13.7
328,5269097502,bigecg26 (12/20),0,206.59999,DST Vikings  FLEX Juwan Johnson QB Tyler Shough RB Jahmyr Gibbs RB Kenneth Walker III TE George Kittle WR Garrett Wilson WR Parker Washington WR Devaughn Vele,,Travis Homer,RB,0.04%,0
331,5270700911,MrMoMo (113/150),0,206.54,DST Steelers  FLEX Greg Dulcich QB Geno Smith RB Jahmyr Gibbs RB Cam Skattebo TE George Kittle WR Ja'Marr Chase WR Garrett Wilson WR Michael Wilson,,Jacob Cowing,WR,0.04%,0
332,5270731038,dbldeeze (7/24),0,206.51997,DST Raiders  FLEX Ryan Flournoy QB Sam Darnold RB Jahmyr Gibbs RB Jaylen Warren TE AJ Barner WR Jaxon Smith-Njigba WR Garrett Wilson WR Josh Downs,,Chris Bell,FLEX,0.04%,10.7
333,5271191661,nsudds (88/150),0,206.50002,DST Raiders  FLEX Derrick Henry QB Geno Smith RB Kenneth Walker III RB Jaylen Warren TE Kenyon Sadiq WR Jaxon Smith-Njigba WR Garrett Wilson WR Isaiah Williams,,Josh Oliver,FLEX,0.04%,0
333,5265418900,msmith80 (78/150),0,206.5,DST Steelers  FLEX Jahmyr Gibbs QB Geno Smith RB Jaylen Warren RB Quinshon Judkins TE Juwan Johnson WR Jaxon Smith-Njigba WR Garrett Wilson WR Ryan Flournoy,,Laquon Treadwell,FLEX,0.04%,3
333,5268904585,SweetMayo1928 (47/150),0,206.5,DST Titans  FLEX Jaxon Smith-Njigba QB Geno Smith RB James Cook III RB Jaylen Warren TE Kenyon Sadiq WR Ja'Marr Chase WR Garrett Wilson WR Isaiah Williams,,Noah Fant,TE,0.04%,19.3
336,5271311377,ndizzle77 (121/150),0,206.42,DST Titans  FLEX Malik Washington QB Sam Darnold RB Jahmyr Gibbs RB Chuba Hubbard TE Juwan Johnson WR Jaxon Smith-Njigba WR Garrett Wilson WR Devaughn Vele,,Wan'Dale Robinson,FLEX,0.04%,18.7
337,5267224915,jw19jw69,0,206.4,DST Titans  FLEX Kenyon Sadiq QB Geno Smith RB Jahmyr Gibbs RB Jaylen Warren TE Dalton Schultz WR Jaxon Smith-Njigba WR Garrett Wilson WR Jalen Coker,,Keon Coleman,FLEX,0.04%,4.7
337,5269181505,theroff97 (27/150),0,206.4,DST Raiders  FLEX George Pickens QB Geno Smith RB Jahmyr Gibbs RB Jadarian Price TE Kenyon Sadiq WR Jaxon Smith-Njigba WR Garrett Wilson WR Ted Hurst III,,Jack Bech,FLEX,0.04%,0
337,5270378862,vrs815 (21/150),0,206.4,DST Commanders  FLEX Juwan Johnson QB Tyler Shough RB Jahmyr Gibbs RB Jaylen Warren TE Travis Kelce WR Chris Olave WR Garrett Wilson WR Parker Washington,,Darnell Mooney,FLEX,0.04%,4.9
337,5270982749,BeRex (47/150),0,206.4,DST Titans  FLEX Kenyon Sadiq QB Geno Smith RB Jahmyr Gibbs RB Jaylen Warren TE Dalton Schultz WR Jaxon Smith-Njigba WR Garrett Wilson WR Jalen Coker,,Jacory Croskey-Merritt,FLEX,0.03%,5.3
341,5266421463,tektoniks (101/150),0,206.37999,DST Jaguars  FLEX George Kittle QB Brock Purdy RB Jahmyr Gibbs RB Jaylen Warren TE Travis Kelce WR Josh Downs WR Deebo Samuel Sr. WR Michael Wilson,,Calvin Ridley,WR,0.03%,0
342,5269396286,jparker470 (27/150),0,206.34,DST Titans  FLEX George Kittle QB Geno Smith RB Jahmyr Gibbs RB Christian McCaffrey TE Kenyon Sadiq WR Zay Flowers WR Garrett Wilson WR Xavier Hutchinson,,Kyle Juszczyk,RB,0.03%,0
342,5271914714,kevintheodore (42/150),0,206.34,DST Chargers  FLEX Juwan Johnson QB Brock Purdy RB Jahmyr Gibbs RB Chase Brown TE Sam LaPorta WR Jaxon Smith-Njigba WR Garrett Wilson WR Ted Hurst III,,Emanuel Wilson,FLEX,0.03%,1.4
344,5269078472,kloosman (106/150),0,206.29999,DST Steelers  FLEX Kenyon Sadiq QB Geno Smith RB Jahmyr Gibbs RB Jaylen Warren TE Dalton Schultz WR Jaxon Smith-Njigba WR Garrett Wilson WR Rashod Bateman,,Justice Hill,FLEX,0.03%,3.3
345,5272582055,ScreaminPony1 (52/150),0,206.26,DST Browns  FLEX Juwan Johnson QB Tyler Shough RB Jahmyr Gibbs RB Kenneth Walker III TE Sam LaPorta WR Jaxon Smith-Njigba WR Garrett Wilson WR Ted Hurst III,,Jeremy Ruckert,TE,0.03%,14.9
346,5269836649,bballmoney100 (30/150),0,206.24,DST Raiders  FLEX Jaylen Warren QB Geno Smith RB Jahmyr Gibbs RB Derrick Henry TE Kenyon Sadiq WR Garrett Wilson WR Parker Washington WR Denzel Boston,,Ben Sinnott,TE,0.03%,0
346,5270679677,bruc0074 (107/150),0,206.24,DST Titans  FLEX Michael Wilson QB Aaron Rodgers RB Jahmyr Gibbs RB Jaylen Warren TE Juwan Johnson WR Jaxon Smith-Njigba WR Tetairoa McMillan WR Keenan Allen,,Devin Singletary,RB,0.03%,0
348,5270974468,DeboYoMoney (141/150),0,206.21999,DST Giants  FLEX George Kittle QB Sam Darnold RB Jahmyr Gibbs RB Jaylen Warren TE AJ Barner WR Jaxon Smith-Njigba WR Parker Washington WR Malik Washington,,Kaelon Black,FLEX,0.03%,1.7
349,5266311860,cj351 (137/150),0,206.18,DST Commanders  FLEX Juwan Johnson QB Brock Purdy RB Jahmyr Gibbs RB Kenneth Walker III TE George Kittle WR Parker Washington WR Michael Wilson WR Carnell Tate,,Tyrone Tracy Jr.,RB,0.03%,0.3
350,5267318660,powerbait (17/150),0,206.14,DST Bills  FLEX CeeDee Lamb QB Geno Smith RB Jahmyr Gibbs RB Kenneth Walker III TE Kenyon Sadiq WR Garrett Wilson WR Michael Wilson WR Isaiah Williams,,Travis Hunter,WR,0.03%,0
350,5270847028,roosevelt (63/150),0,206.14,DST Bengals  FLEX Juwan Johnson QB Geno Smith RB Jahmyr Gibbs RB Chuba Hubbard TE Kenyon Sadiq WR CeeDee Lamb WR Garrett Wilson WR Parker Washington,,Cody White,FLEX,0.03%,7.4
350,5271440232,MidgetCoach (43/150),0,206.14,DST Raiders  FLEX Trey McBride QB Geno Smith RB Jahmyr Gibbs RB Kenneth Walker III TE George Kittle WR Garrett Wilson WR Michael Wilson WR Isaiah Williams,,Theo Johnson,TE,0.03%,0
350,5271995947,Jflas (150/150),0,206.14,DST Commanders  FLEX Juwan Johnson QB Brock Purdy RB Jahmyr Gibbs RB Kenneth Walker III TE Cade Otton WR Jaxon Smith-Njigba WR Michael Wilson WR Xavier Worthy,,KaVontae Turpin,WR,0.03%,8.8
354,5271017610,steel_66 (91/150),0,206.12,DST Titans  FLEX Jahmyr Gibbs QB Sam Darnold RB James Cook III RB Jaylen Warren TE Juwan Johnson WR Jaxon Smith-Njigba WR Devaughn Vele WR Xavier Hutchinson,,KhaDarel Hodge,WR,0.03%,0
355,5271664609,laCasaBonita (6/150),0,206.09999,DST Chargers  FLEX Jeremiyah Love QB Tyler Shough RB Jahmyr Gibbs RB Quinshon Judkins TE Juwan Johnson WR Chris Olave WR Garrett Wilson WR Deebo Samuel Sr.,,Adonai Mitchell,FLEX,0.03%,0
355,5271884214,whoisjohngalt420 (10/150),0,206.09999,DST Browns  FLEX Juwan Johnson QB Tyler Shough RB Jahmyr Gibbs RB Kenneth Walker III TE Kenyon Sadiq WR CeeDee Lamb WR Garrett Wilson WR Devaughn Vele,,Dohnte Meyers,WR,0.02%,5.9
357,5269184133,khay86 (16/150),0,206.07999,DST Titans  FLEX George Kittle QB Brock Purdy RB Jahmyr Gibbs RB Jaylen Warren TE Travis Kelce WR Garrett Wilson WR Parker Washington WR Jordan Addison,,Sterling Shepard,WR,0.02%,3.3
358,5272582060,ScreaminPony1 (57/150),0,206.06,DST Chargers  FLEX Juwan Johnson QB Tyler Shough RB Jahmyr Gibbs RB Kenneth Walker III TE Dalton Schultz WR Jaxon Smith-Njigba WR Garrett Wilson WR Tyquan Thornton,,Isaac TeSlaa,FLEX,0.02%,9.6
359,5270306056,marcfortunato5 (128/150),0,206.04001,DST Bengals  FLEX George Kittle QB Geno Smith RB Jahmyr Gibbs RB Kenneth Walker III TE Kenyon Sadiq WR Ja'Marr Chase WR Garrett Wilson WR Isaiah Williams,,Tory Horton,WR,0.02%,7.8
359,5272421720,Alexberg22 (136/147),0,206.04001,DST Giants  FLEX Kenyon Sadiq QB Geno Smith RB Jahmyr Gibbs RB Kenneth Walker III TE George Kittle WR Amon-Ra St. Brown WR Garrett Wilson WR Ted Hurst III,,Kyle Williams,WR,0.02%,4.4
359,5269399699,prettyricky714 (25/150),0,206.04,DST Vikings  FLEX Travis Kelce QB Geno Smith RB Jahmyr Gibbs RB James Cook III TE Kenyon Sadiq WR George Pickens WR Garrett Wilson WR Jameson Williams,,Jeremy Ruckert,FLEX,0.02%,14.9
362,5266502187,jimp077 (84/150),0,206.01999,DST Titans  FLEX Travis Kelce QB Sam Darnold RB Jahmyr Gibbs RB Tony Pollard TE Kenyon Sadiq WR Jaxon Smith-Njigba WR Garrett Wilson WR KC Concepcion Jr.,,Jauan Jennings,FLEX,0.02%,1.1
362,5271495991,JaserD (39/50),0,206.01999,DST Titans  FLEX Juwan Johnson QB Sam Darnold RB Jahmyr Gibbs RB Jaylen Warren TE Sam LaPorta WR Jaxon Smith-Njigba WR Garrett Wilson WR Khalil Shakir,,Najee Harris,RB,0.02%,5.2
364,5271421953,KBader0101 (125/150),0,206,DST Commanders  FLEX Juwan Johnson QB Tyler Shough RB Jahmyr Gibbs RB Jaylen Warren TE Travis Kelce WR CeeDee Lamb WR Garrett Wilson WR DK Metcalf,,Darnell Washington,FLEX,0.02%,9.7
365,5269100560,fidelity88j (94/150),0,205.94,DST Bengals  FLEX Derrick Henry QB Geno Smith RB Jahmyr Gibbs RB Chuba Hubbard TE Kenyon Sadiq WR Garrett Wilson WR Terry McLaurin WR Wan'Dale Robinson,,Cooper Kupp,FLEX,0.02%,14.6
366,5271616709,sirdodger (33/52),0,205.91998,DST Chiefs  FLEX Mark Andrews QB Sam Darnold RB Jahmyr Gibbs RB Jaylen Warren TE Kenyon Sadiq WR Jaxon Smith-Njigba WR Deebo Samuel Sr. WR Cooper Kupp,,Malachi Fields,FLEX,0.02%,3.9
367,5270514183,CrYpTo_Cowboy (139/150),0,205.90001,DST Steelers  FLEX Kenyon Sadiq QB Geno Smith RB Jahmyr Gibbs RB Kenneth Walker III TE Pat Freiermuth WR Jaxon Smith-Njigba WR Garrett Wilson WR Xavier Hutchinson,,Antonio Williams,FLEX,0.02%,3.5
367,5271223738,Loughy (108/150),0,205.9,DST Cardinals  FLEX George Pickens QB Geno Smith RB Jahmyr Gibbs RB Jaylen Warren TE Kenyon Sadiq WR Jaxon Smith-Njigba WR Garrett Wilson WR Isaiah Williams,,Mike Washington Jr.,RB,0.02%,11.4
369,5272582051,ScreaminPony1 (48/150),0,205.86,DST Chargers  FLEX Juwan Johnson QB Tyler Shough RB Jahmyr Gibbs RB Kenneth Walker III TE T.J. Hockenson WR Jaxon Smith-Njigba WR Garrett Wilson WR Devaughn Vele,,Theo Johnson,FLEX,0.02%,0
369,5272582053,ScreaminPony1 (50/150),0,205.86,DST Titans  FLEX Juwan Johnson QB Tyler Shough RB Jahmyr Gibbs RB Kenneth Walker III TE Dalton Schultz WR Jaxon Smith-Njigba WR Garrett Wilson WR Ted Hurst III,,Jalen Royals,WR,0.02%,2.1
371,5269184145,khay86 (28/150),0,205.84,DST Raiders  FLEX Kenyon Sadiq QB Geno Smith RB Jahmyr Gibbs RB James Cook III TE Travis Kelce WR CeeDee Lamb WR Garrett Wilson WR Rashod Bateman,,Jalen McMillan,FLEX,0.02%,0
372,5270645205,dtnichols09 (29/150),0,205.81998,DST Titans  FLEX Jaxon Smith-Njigba QB Sam Darnold RB Jahmyr Gibbs RB Jaylen Warren TE AJ Barner WR Garrett Wilson WR Josh Downs WR Xavier Hutchinson,,Michael Pittman Jr.,FLEX,0.02%,3.6
373,5270452704,Chrisolsen96 (85/150),0,205.79999,DST Browns  FLEX Kenyon Sadiq QB Geno Smith RB Jahmyr Gibbs RB Aaron Jones Sr. TE Travis Kelce WR Jaxon Smith-Njigba WR Garrett Wilson WR Rashod Bateman,,Noah Fant,FLEX,0.02%,19.3
374,5266367099,gobblegobble77 (24/150),0,205.74,DST Titans  FLEX George Kittle QB Geno Smith RB Jahmyr Gibbs RB Derrick Henry TE Kenyon Sadiq WR CeeDee Lamb WR Tee Higgins WR Xavier Hutchinson,,Darius Slayton,WR,0.02%,0
374,5266824242,mnelson214 (14/150),0,205.74,DST Browns  FLEX George Kittle QB Geno Smith RB Jahmyr Gibbs RB Kenneth Walker III TE Kenyon Sadiq WR Zay Flowers WR Parker Washington WR Michael Wilson,,Ryan Miller,WR,0.02%,3.5
374,5270770423,phd_aggie (48/150),0,205.74,DST Jaguars  FLEX Kenyon Sadiq QB Geno Smith RB Jahmyr Gibbs RB Derrick Henry TE Travis Kelce WR CeeDee Lamb WR Garrett Wilson WR Isaiah Williams,,Jerry Jeudy,FLEX,0.02%,0
374,5269678934,GrimAries91 (81/150),0,205.73999,DST Bills  FLEX Juwan Johnson QB Brock Purdy RB Jahmyr Gibbs RB Kenneth Walker III TE George Kittle WR Jaxon Smith-Njigba WR Devaughn Vele WR Ted Hurst III,,Raheim Sanders,RB,0.02%,9.1
378,5271940742,pack_horse (8/11),0,205.71999,DST Raiders  FLEX Tre Tucker QB Sam Darnold RB Jahmyr Gibbs RB Jaylen Warren TE Elijah Arroyo WR Jaxon Smith-Njigba WR Garrett Wilson WR Terry McLaurin,,Ty Johnson,RB,0.02%,9
379,5270290194,baysic (100/150),0,205.7,DST Titans  FLEX Travis Kelce QB Geno Smith RB Jahmyr Gibbs RB Quinshon Judkins TE Kenyon Sadiq WR Jaxon Smith-Njigba WR Garrett Wilson WR Jameson Williams,,Brandin Cooks,WR,0.02%,0
380,5270305967,marcfortunato5 (39/150),0,205.68001,DST Titans  FLEX Jaylen Warren QB Brock Purdy RB Jahmyr Gibbs RB James Cook III TE George Kittle WR Garrett Wilson WR DK Metcalf WR Ted Hurst III,,Noah Gray,TE,0.02%,6.9
381,5271940426,BeatusMeatus (71/150),0,205.62,DST Titans  FLEX Quinshon Judkins QB Sam Darnold RB Jahmyr Gibbs RB Jaylen Warren TE AJ Barner WR Jaxon Smith-Njigba WR Garrett Wilson WR Malik Washington,,Dyami Brown,WR,0.02%,0
382,5272476342,ronmartinez (119/150),0,205.59999,DST Buccaneers  FLEX Jaylen Warren QB Jacoby Brissett RB Jahmyr Gibbs RB Kenneth Walker III TE George Kittle WR Garrett Wilson WR Michael Wilson WR Devaughn Vele,,Blake Whiteheart,TE,0.02%,0
383,5270995507,CJCashing (90/150),0,205.54001,DST Titans  FLEX Trey McBride QB Geno Smith RB Jahmyr Gibbs RB Jaylen Warren TE Kenyon Sadiq WR Chris Olave WR Garrett Wilson WR Denzel Boston,,DeeJay Dallas,RB,0.02%,0.2
384,5269214780,bramwell2010 (60/150),0,205.52,DST Bengals  FLEX Sam LaPorta QB Sam Darnold RB Jahmyr Gibbs RB James Cook III TE Kenyon Sadiq WR Jaxon Smith-Njigba WR Garrett Wilson WR Isaiah Williams,,Ben Sinnott,FLEX,0.02%,0
385,5271298551,Neilcatermole (125/150),0,205.50002,DST Titans  FLEX T.J. Hockenson QB Geno Smith RB Jahmyr Gibbs RB Kenneth Walker III TE Kenyon Sadiq WR Jaxon Smith-Njigba WR Garrett Wilson WR Denzel Boston,,Tyler Allgeier,FLEX,0.02%,4.9
385,5271347997,BrandonB55 (26/150),0,205.50002,DST Jaguars  FLEX Jaxon Smith-Njigba QB Geno Smith RB Jahmyr Gibbs RB Ashton Jeanty TE Kenyon Sadiq WR Garrett Wilson WR Denzel Boston WR Isaiah Williams,,Colbie Young,WR,0.02%,1.2
385,5272360298,Frrststhl (46/150),0,205.50002,DST Titans  FLEX Denzel Boston QB Geno Smith RB Jahmyr Gibbs RB Kenneth Walker III TE Kenyon Sadiq WR Jaxon Smith-Njigba WR Garrett Wilson WR Isaiah Williams,,Odell Beckham Jr.,WR,0.02%,0
385,5267278727,MManning121 (16/150),0,205.5,DST Titans  FLEX Juwan Johnson QB Tyler Shough RB Jahmyr Gibbs RB James Cook III TE George Kittle WR Chris Olave WR Garrett Wilson WR Xavier Worthy,,John Metchie III,WR,0.02%,9.9
385,5269717809,beese23 (116/150),0,205.5,DST Titans  FLEX Juwan Johnson QB Geno Smith RB Jahmyr Gibbs RB Breece Hall TE Brenton Strange WR Jaxon Smith-Njigba WR Garrett Wilson WR Jordan Addison,,Blake Whiteheart,FLEX,0.02%,0
390,5271309053,falstaff64 (118/150),0,205.47998,DST Vikings  FLEX Jaylen Warren QB Brock Purdy RB James Cook III RB Cam Skattebo TE George Kittle WR Garrett Wilson WR Deebo Samuel Sr. WR Michael Wilson,,AJ Dillon,RB,0.01%,2.4
390,5271421904,KBader0101 (76/150),0,205.47998,DST Titans  FLEX George Kittle QB Brock Purdy RB Jahmyr Gibbs RB Jaylen Warren TE Sam LaPorta WR Garrett Wilson WR Parker Washington WR Michael Wilson,,Kendre Miller,FLEX,0.01%,3.9
392,5269189531,jclark33 (101/150),0,205.44002,DST Bills  FLEX James Cook III QB Geno Smith RB Jahmyr Gibbs RB Kenneth Walker III TE Kenyon Sadiq WR Garrett Wilson WR Jordan Addison WR Denzel Boston,,Chris Rodriguez Jr.,RB,0.01%,9.7
392,5271723075,sakichler (19/150),0,205.44,DST Vikings  FLEX Kenyon Sadiq QB Brock Purdy RB Jahmyr Gibbs RB Christian McCaffrey TE George Kittle WR Jaxon Smith-Njigba WR Isaiah Williams WR LaJohntay Wester,,Tez Johnson,WR,0.01%,1.8
394,5269051397,upthevilla (137/150),0,205.40001,DST Titans  FLEX Kenyon Sadiq QB Geno Smith RB Jahmyr Gibbs RB Derrick Henry TE Sam LaPorta WR Jaxon Smith-Njigba WR Garrett Wilson WR Isaiah Williams,,Malik McClain,WR,0.01%,0
394,5269994849,scott1681 (78/150),0,205.40001,DST Titans  FLEX Oronde Gadsden II QB Geno Smith RB Jahmyr Gibbs RB Kenneth Walker III TE Kenyon Sadiq WR Jaxon Smith-Njigba WR Garrett Wilson WR Malik Washington,,Kenny Gainwell,FLEX,0.01%,3
394,5269732702,baerju (120/150),0,205.4,DST Colts  FLEX Juwan Johnson QB Tyler Shough RB Jahmyr Gibbs RB James Cook III TE George Kittle WR Chris Olave WR Garrett Wilson WR Devaughn Vele,,Keaton Mitchell,FLEX,0.01%,13.7
397,5270378985,vrs815 (144/150),0,205.37999,DST Commanders  FLEX Juwan Johnson QB Brock Purdy RB Jahmyr Gibbs RB Jaylen Warren TE Dalton Schultz WR Chris Olave WR Garrett Wilson WR Deebo Samuel Sr.,,Greg Dortch,WR,0.01%,0
398,5267579729,elanTV (2/2),0,205.35999,DST Jaguars  FLEX Travis Kelce QB Tyler Shough RB Jahmyr Gibbs RB Derrick Henry TE Kenyon Sadiq WR Jaxon Smith-Njigba WR Devaughn Vele WR Tre' Harris,,Carson Wentz,QB,0.01%,0
399,5270766389,Itzpcraft (60/150),0,205.3,DST Jaguars  FLEX Sam LaPorta QB Geno Smith RB Christian McCaffrey RB Jaylen Warren TE Kenyon Sadiq WR Jaxon Smith-Njigba WR Garrett Wilson WR DK Metcalf,,Nick Singleton,RB,0.01%,0
399,5271422755,whelweh23 (70/150),0,205.3,DST Bengals  FLEX Ted Hurst III QB Geno Smith RB Jahmyr Gibbs RB Kenneth Walker III TE Kenyon Sadiq WR Jaxon Smith-Njigba WR Garrett Wilson WR Xavier Worthy,,Patrick Herbert,TE,0.01%,0
399,5271757907,OSUJailbreak (100/143),0,205.3,DST Vikings  FLEX T.J. Hockenson QB Geno Smith RB Jahmyr Gibbs RB Ashton Jeanty TE Kenyon Sadiq WR Jaxon Smith-Njigba WR Garrett Wilson WR Devaughn Vele,,Jared Wayne,FLEX,0.01%,3
402,5269083080,Ajayi32 (3/69),0,205.28,DST Titans  FLEX Jeremiyah Love QB Brock Purdy RB Jahmyr Gibbs RB Christian McCaffrey TE Kenyon Sadiq WR Garrett Wilson WR Michael Wilson WR Joshua Palmer,,Drew Sample,TE,0.01%,1
402,5272058368,jallen247 (14/110),0,205.28,DST Raiders  FLEX Cade Otton QB Brock Purdy RB Jahmyr Gibbs RB Chuba Hubbard TE George Kittle WR George Pickens WR Garrett Wilson WR Michael Wilson,,Germie Bernard,FLEX,0.01%,2.4
404,5272354749,WhamBam22 (29/150),0,205.26,DST Titans  FLEX Juwan Johnson QB Tyler Shough RB Jahmyr Gibbs RB Kenneth Walker III TE Kenyon Sadiq WR Jaxon Smith-Njigba WR DJ Moore WR Devaughn Vele,,Demond Claiborne,RB,0.01%,0.1
405,5270934044,sae262201 (55/150),0,205.24,DST Browns  FLEX Jaylen Warren QB Geno Smith RB Jahmyr Gibbs RB Kenneth Walker III TE Kenyon Sadiq WR Garrett Wilson WR Tee Higgins WR Rashod Bateman,,Jacob Cowing,FLEX,0.01%,0
406,5271084806,D4n078 (21/60),0,205.16,DST Titans  FLEX Juwan Johnson QB Tyler Shough RB Kenneth Walker III RB James Cook III TE George Kittle WR Jaxon Smith-Njigba WR Garrett Wilson WR Denzel Boston,,Drew Sample,FLEX,0.01%,1
407,5272445863,kjdinero (103/150),0,205.14,DST Giants  FLEX Juwan Johnson QB Geno Smith RB Jahmyr Gibbs RB Jaylen Warren TE George Kittle WR Garrett Wilson WR Parker Washington WR Jameson Williams,,Jordan Watkins,WR,0.01%,8
407,5272035498,BromaniJones (17/150),0,205.13998,DST Ravens  FLEX George Kittle QB Brock Purdy RB Jahmyr Gibbs RB Jaylen Warren TE Travis Kelce WR Jaxon Smith-Njigba WR Deebo Samuel Sr. WR Ted Hurst III,,Ryan Miller,FLEX,0.01%,3.5
409,5272761120,treftw1124 (41/65),0,205.12001,DST Titans  FLEX Juwan Johnson QB Deshaun Watson RB Jahmyr Gibbs RB Jaylen Warren TE Harold Fannin Jr. WR Jaxon Smith-Njigba WR CeeDee Lamb WR KC Concepcion Jr.,,John Bates,TE,0.01%,1.9
410,5271937486,DillonJosephsen (55/150),0,205.1,DST Titans  FLEX Dalton Schultz QB Geno Smith RB Jahmyr Gibbs RB Kenneth Walker III TE Kenyon Sadiq WR Jaxon Smith-Njigba WR Garrett Wilson WR DeMario Douglas,,Erick All Jr.,TE,0.01%,0
410,5272648659,rzombie44 (80/96),0,205.09999,DST Buccaneers  FLEX Jaylen Warren QB Jacoby Brissett RB Jahmyr Gibbs RB Chuba Hubbard TE George Kittle WR Garrett Wilson WR Josh Downs WR Michael Wilson,,Chimere Dike,WR,0.01%,0.3
412,5271104035,cagea65 (103/150),0,205.05998,DST Titans  FLEX George Kittle QB Jacoby Brissett RB Kenneth Walker III RB Jaylen Warren TE Sam LaPorta WR Jaxon Smith-Njigba WR Garrett Wilson WR Michael Wilson,,George Holani,RB,0.01%,10.8
413,5267443099,onebucksfan (96/150),0,205.04,DST Raiders  FLEX Christian McCaffrey QB Geno Smith RB Jahmyr Gibbs RB Chuba Hubbard TE Kenyon Sadiq WR Garrett Wilson WR Michael Wilson WR KC Concepcion Jr.,,Tyjae Spears,FLEX,0.01%,0.5
413,5270842447,timi614 (14/22),0,205.04,DST Bengals  FLEX Chris Olave QB Geno Smith RB Jahmyr Gibbs RB Kenneth Walker III TE Kenyon Sadiq WR Garrett Wilson WR Michael Wilson WR Jaylin Noel,,Luke Farrell,TE,0.01%,0
415,5268131653,Doublejay01 (71/150),0,204.96,DST Giants  FLEX Juwan Johnson QB Tyler Shough RB Chuba Hubbard RB Jaylen Warren TE George Kittle WR Jaxon Smith-Njigba WR Garrett Wilson WR Parker Washington,,Sione Vaki,RB,0.01%,4.7
416,5270306066,marcfortunato5 (138/150),0,204.90001,DST Jaguars  FLEX Kenyon Sadiq QB Geno Smith RB Jahmyr Gibbs RB Quinshon Judkins TE Oronde Gadsden II WR Jaxon Smith-Njigba WR Garrett Wilson WR Parker Washington,,Elijah Arroyo,TE,0.01%,0
416,5271896312,MarvelousMac-Man (124/150),0,204.90001,DST Titans  FLEX Kenyon Sadiq QB Geno Smith RB Jahmyr Gibbs RB Ashton Jeanty TE Dalton Schultz WR Jaxon Smith-Njigba WR Garrett Wilson WR Tre' Harris,,Sean Tucker,RB,0.01%,0
416,5272360287,Frrststhl (35/150),0,204.90001,DST Titans  FLEX Devaughn Vele QB Geno Smith RB Jahmyr Gibbs RB Derrick Henry TE Kenyon Sadiq WR Jaxon Smith-Njigba WR Garrett Wilson WR Isaiah Williams,,Brevyn Spann-Ford,TE,0.01%,2.9
416,5272563846,moore452 (5/5),0,204.90001,DST Vikings  FLEX Kenyon Sadiq QB Geno Smith RB Jahmyr Gibbs RB Kenneth Walker III TE Trey McBride WR Jaxon Smith-Njigba WR Chris Bell WR Isaiah Williams,,Braelon Allen,FLEX,0.01%,4.7
416,5267346769,Billyboy10 (1/3),0,204.9,DST Titans  FLEX Juwan Johnson QB Tyler Shough RB Jahmyr Gibbs RB Ashton Jeanty TE Brock Bowers WR Garrett Wilson WR Michael Wilson WR Devaughn Vele,,Jalen Tolbert,WR,0.01%,0
416,5270441998,PantherFan2418 (30/150),0,204.9,DST Chiefs  FLEX George Kittle QB Jacoby Brissett RB Jahmyr Gibbs RB Jaylen Warren TE Travis Kelce WR Garrett Wilson WR Ladd McConkey WR Michael Wilson,,Kevin Coleman Jr.,FLEX,0.01%,1.3
422,5271362981,egoodrum (80/150),0,204.87997,DST Panthers  FLEX George Kittle QB Brock Purdy RB Jahmyr Gibbs RB Jaylen Warren TE Sam LaPorta WR Garrett Wilson WR Deebo Samuel Sr. WR Michael Wilson,,Luke Farrell,FLEX,0.01%,0
423,5266462548,bona_man (48/150),0,204.86,DST Vikings  FLEX Jahmyr Gibbs QB Tyler Shough RB James Cook III RB Jaylen Warren TE Juwan Johnson WR Jaxon Smith-Njigba WR Devaughn Vele WR Isaiah Williams,,Josh Cameron,WR,0.01%,8.2
424,5269193717,ayotayo (89/150),0,204.84001,DST Titans  FLEX George Kittle QB Geno Smith RB Jahmyr Gibbs RB Kenneth Walker III TE Harold Fannin Jr. WR Garrett Wilson WR Parker Washington WR DK Metcalf,,Devin Singletary,FLEX,0.01%,0
424,5267531773,bananaballs (1/39),0,204.84,DST Chiefs  FLEX Tee Higgins QB Geno Smith RB Jahmyr Gibbs RB Kenneth Walker III TE Kenyon Sadiq WR Garrett Wilson WR Jordan Addison WR Devaughn Vele,,Calvin Ridley,FLEX,0.01%,0
426,5269392532,Grav10 (51/150),0,204.78,DST Steelers  FLEX Juwan Johnson QB Brock Purdy RB Jahmyr Gibbs RB James Cook III TE George Kittle WR Garrett Wilson WR Deebo Samuel Sr. WR Denzel Boston,,Kyle Juszczyk,FLEX,0.01%,0
427,5265350084,Tuomi1 (48/150),0,204.76,DST Steelers  FLEX Juwan Johnson QB Tyler Shough RB Jahmyr Gibbs RB Jaylen Warren TE Travis Kelce WR Jaxon Smith-Njigba WR Josh Downs WR Wan'Dale Robinson,,Xavier Legette,WR,0.01%,0
428,5271746196,Dakotam1998 (145/150),0,204.74,DST Titans  FLEX Jeremiyah Love QB Geno Smith RB Jahmyr Gibbs RB Derrick Henry TE Kenyon Sadiq WR George Pickens WR Garrett Wilson WR Malik Washington,,Ameer Abdullah,RB,0.01%,0.2
429,5271365305,kenji781 (121/150),0,204.7,DST Steelers  FLEX George Kittle QB Tyler Shough RB Jahmyr Gibbs RB Derrick Henry TE Kenyon Sadiq WR Chris Olave WR Garrett Wilson WR Jaylin Noel,,Travis Hunter,FLEX,0.01%,0
430,5269357481,booradley5 (9/100),0,204.68001,DST Vikings  FLEX Oronde Gadsden II QB Kirk Cousins RB Jahmyr Gibbs RB Jaylen Warren TE Harold Fannin Jr. WR Jaxon Smith-Njigba WR Garrett Wilson WR Tre Tucker,,Will Kacmarek,TE,0.01%,0
430,5271382327,mahaa507 (148/150),0,204.68,DST Steelers  FLEX Jahmyr Gibbs QB Marcus Mariota RB James Cook III RB Jaylen Warren TE Juwan Johnson WR Jaxon Smith-Njigba WR Terry McLaurin WR Xavier Hutchinson,,Theo Wease Jr.,WR,0.01%,0
432,5272122226,macjohnny83 (9/12),0,204.65999,DST Titans  FLEX Kenyon Sadiq QB Tyler Shough RB Jahmyr Gibbs RB Jeremiyah Love TE Oronde Gadsden II WR Jaxon Smith-Njigba WR Garrett Wilson WR Parker Washington,,Ray Davis,RB,0.01%,0
433,5269770278,Djangoj25 (142/150),0,204.64,DST Vikings  FLEX Juwan Johnson QB Geno Smith RB Jahmyr Gibbs RB James Cook III TE George Kittle WR Garrett Wilson WR Tetairoa McMillan WR Jameson Williams,,Noah Gray,FLEX,0.01%,6.9
433,5271438856,jamaicanwarbird (55/150),0,204.64,DST Vikings  FLEX Travis Kelce QB Geno Smith RB Jahmyr Gibbs RB Ashton Jeanty TE Kenyon Sadiq WR Chris Olave WR Garrett Wilson WR Malik Washington,,Mitchell Evans,FLEX,0.01%,6.6
433,5271726254,LaVega (67/150),0,204.64,DST Titans  FLEX George Kittle QB Geno Smith RB Jahmyr Gibbs RB Derrick Henry TE Kenyon Sadiq WR Garrett Wilson WR Parker Washington WR Jameson Williams,,Mike Washington Jr.,FLEX,0.01%,11.4
433,5272421712,Alexberg22 (128/147),0,204.64,DST Vikings  FLEX Kenyon Sadiq QB Geno Smith RB Jahmyr Gibbs RB Chuba Hubbard TE George Kittle WR Amon-Ra St. Brown WR Garrett Wilson WR Devaughn Vele,,Elijah Arroyo,FLEX,0.01%,0
433,5269473510,patsfan09 (78/150),0,204.63998,DST Raiders  FLEX Travis Kelce QB Geno Smith RB Jahmyr Gibbs RB James Cook III TE Kenyon Sadiq WR Ja'Marr Chase WR Garrett Wilson WR KC Concepcion Jr.,,Jalen Royals,FLEX,0.01%,2.1
438,5267361447,cleekii (65/150),0,204.61998,DST Titans  FLEX George Kittle QB Sam Darnold RB Jahmyr Gibbs RB Jaylen Warren TE AJ Barner WR Jaxon Smith-Njigba WR Jalen Coker WR Terry McLaurin,,Dyami Brown,FLEX,0.01%,0
438,5271311339,ndizzle77 (83/150),0,204.61998,DST Titans  FLEX Cooper Kupp QB Sam Darnold RB Jahmyr Gibbs RB Jaylen Warren TE Travis Kelce WR Jaxon Smith-Njigba WR Garrett Wilson WR Rashid Shaheed,,Mitchell Evans,TE,0.01%,6.6
438,5272015693,jroc0320 (19/150),0,204.61998,DST Browns  FLEX AJ Barner QB Sam Darnold RB Jahmyr Gibbs RB Jaylen Warren TE Oronde Gadsden II WR Jaxon Smith-Njigba WR Garrett Wilson WR Tee Higgins,,Luke Schoonmaker,TE,0.01%,1.9
441,5269214786,bramwell2010 (66/150),0,204.56,DST Titans  FLEX Juwan Johnson QB Tyler Shough RB Jahmyr Gibbs RB Derrick Henry TE Kenyon Sadiq WR Jaxon Smith-Njigba WR George Pickens WR Isaiah Williams,,Marquez Valdes-Scantling,WR,0.01%,0
441,5269662800,pruggere (28/150),0,204.56,DST Vikings  FLEX Juwan Johnson QB Tyler Shough RB Jahmyr Gibbs RB Jaylen Warren TE Mark Andrews WR Jaxon Smith-Njigba WR Parker Washington WR Mack Hollins,,Durham Smythe,TE,0.01%,0
441,5271366687,FULHAMERICA_FC (149/150),0,204.56,DST Titans  FLEX Juwan Johnson QB Tyler Shough RB Jahmyr Gibbs RB Derrick Henry TE Kenyon Sadiq WR Jaxon Smith-Njigba WR George Pickens WR Isaiah Williams,,Brock Wright,TE,0.01%,2.7
444,5271422747,whelweh23 (62/150),0,204.54001,DST Colts  FLEX Michael Wilson QB Geno Smith RB Jahmyr Gibbs RB James Cook III TE Kenyon Sadiq WR Garrett Wilson WR Parker Washington WR Ladd McConkey,,Will Kacmarek,FLEX,0.01%,0
444,5271940448,BeatusMeatus (93/150),0,204.54001,DST Titans  FLEX Jaylen Warren QB Geno Smith RB Jahmyr Gibbs RB Chuba Hubbard TE Kenyon Sadiq WR CeeDee Lamb WR Garrett Wilson WR Denzel Boston,,Samaje Perine,FLEX,0.01%,2.4
444,5272327703,deadzone (4/7),0,204.54,DST Vikings  FLEX AJ Barner QB Geno Smith RB Jahmyr Gibbs RB Ashton Jeanty TE Kenyon Sadiq WR Chris Olave WR Garrett Wilson WR Parker Washington,,Dohnte Meyers,FLEX,0.01%,5.9
447,5271532323,benyamen (121/150),0,204.52,DST Titans  FLEX Juwan Johnson QB Kyler Murray RB Jahmyr Gibbs RB James Cook III TE Harold Fannin Jr. WR CeeDee Lamb WR Garrett Wilson WR Jordan Addison,,Elijah Higgins,TE,0.01%,5
447,5272291467,chasehill88 (6/100),0,204.51999,DST Buccaneers  FLEX Juwan Johnson QB Sam Darnold RB Jahmyr Gibbs RB Jaylen Warren TE Mark Andrews WR Jaxon Smith-Njigba WR Garrett Wilson WR Kayshon Boutte,,Malik Benson,WR,0.01%,0
449,5269145551,sbrahm22 (143/150),0,204.50002,DST Bengals  FLEX T.J. Hockenson QB Geno Smith RB Jahmyr Gibbs RB Kenneth Walker III TE Kenyon Sadiq WR Jaxon Smith-Njigba WR Garrett Wilson WR Malik Washington,,Tyrone Tracy Jr.,FLEX,0.01%,0.3
449,5269712531,WuDreamz (66/150),0,204.50002,DST Bengals  FLEX T.J. Hockenson QB Geno Smith RB Jahmyr Gibbs RB Kenneth Walker III TE Kenyon Sadiq WR Jaxon Smith-Njigba WR Garrett Wilson WR Malik Washington,,Hayden Rucci,TE,0.01%,0
449,5266824308,mnelson214 (80/150),0,204.5,DST Browns  FLEX Juwan Johnson QB Tyler Shough RB Jahmyr Gibbs RB James Cook III TE George Kittle WR Chris Olave WR Garrett Wilson WR Xavier Worthy,,Matt Hibner,TE,0.01%,10.3
452,5271504835,MetalTimmay (133/150),0,204.42001,DST Vikings  FLEX Juwan Johnson QB Sam Darnold RB Jahmyr Gibbs RB Aaron Jones Sr. TE Harold Fannin Jr. WR Jaxon Smith-Njigba WR Ladd McConkey WR Brian Thomas Jr.,,Elijah Sarratt,WR,0.01%,0
453,5271303172,tylerw9621 (66/150),0,204.4,DST Titans  FLEX Juwan Johnson QB Tyler Shough RB Jahmyr Gibbs RB Jaylen Warren TE Kenyon Sadiq WR CeeDee Lamb WR Chris Olave WR Jameson Williams,,Brashard Smith,RB,0.01%,1.4
454,5271158612,McRopeKey (51/150),0,204.37999,DST Patriots  FLEX Juwan Johnson QB Brock Purdy RB Jahmyr Gibbs RB Derrick Henry TE George Kittle WR Garrett Wilson WR Michael Wilson WR Keon Coleman,,Cyrus Allen,WR,0.00%,0
454,5271677022,VariableX (73/150),0,204.37999,DST Giants  FLEX George Kittle QB Brock Purdy RB Jahmyr Gibbs RB Jaylen Warren TE Brenton Strange WR Garrett Wilson WR DK Metcalf WR Michael Wilson,,Kevin Austin Jr.,WR,0.00%,0
454,5270110268,todfrompa (79/150),0,204.37997,DST Panthers  FLEX Devaughn Vele QB Brock Purdy RB Jahmyr Gibbs RB Jaylen Warren TE George Kittle WR Garrett Wilson WR Deebo Samuel Sr. WR Michael Wilson,,Nate Boerkircher,TE,0.00%,0
457,5267948492,bfresh326 (91/150),0,204.36,DST Jets  FLEX Michael Wilson QB Jacoby Brissett RB Christian McCaffrey RB Jaylen Warren TE Kenyon Sadiq WR Jaxon Smith-Njigba WR Garrett Wilson WR DK Metcalf,,Brycen Tremayne,WR,0.00%,12.3
457,5271324668,joe2dwight (45/150),0,204.36,DST Vikings  FLEX Kenneth Walker III QB Tyler Shough RB Jahmyr Gibbs RB Jaylen Warren TE Juwan Johnson WR Jaxon Smith-Njigba WR Xavier Hutchinson WR Isaiah Williams,,KhaDarel Hodge,FLEX,0.00%,0
459,5271620245,slicknative (34/70),0,204.34001,DST Giants  FLEX Juwan Johnson QB Geno Smith RB Jahmyr Gibbs RB Jeremiyah Love TE Kenyon Sadiq WR Amon-Ra St. Brown WR Garrett Wilson WR Ladd McConkey,,Durham Smythe,FLEX,0.00%,0
459,5271798442,TheCake (86/150),0,204.34001,DST Browns  FLEX Jaylen Warren QB Geno Smith RB Jahmyr Gibbs RB Kenneth Walker III TE Kenyon Sadiq WR Chris Olave WR Garrett Wilson WR Isaiah Williams,,Deion Burks,WR,0.00%,0
459,5272397315,scrpt1995 (137/150),0,204.34001,DST Steelers  FLEX Juwan Johnson QB Brock Purdy RB Christian McCaffrey RB Jaylen Warren TE George Kittle WR Jaxon Smith-Njigba WR Michael Wilson WR Denzel Boston,,Elijah Sarratt,FLEX,0.00%,0
459,5267350145,Thegoldcobra (105/150),0,204.34,DST Titans  FLEX Michael Wilson QB Geno Smith RB Jahmyr Gibbs RB James Cook III TE Kenyon Sadiq WR Amon-Ra St. Brown WR Garrett Wilson WR Xavier Hutchinson,,DeeJay Dallas,FLEX,0.00%,0.2
459,5270746493,rockybrown26 (60/150),0,204.34,DST Vikings  FLEX Kenyon Sadiq QB Geno Smith RB Jahmyr Gibbs RB Jaylen Warren TE Dalton Schultz WR CeeDee Lamb WR Garrett Wilson WR Devaughn Vele,,Brevyn Spann-Ford,FLEX,0.00%,2.9
464,5269888448,trustbaby218 (46/150),0,204.3,DST Ravens  FLEX Kenyon Sadiq QB Geno Smith RB Jahmyr Gibbs RB Kenneth Walker III TE Darren Waller WR Jaxon Smith-Njigba WR Garrett Wilson WR KC Concepcion Jr.,,Sean Tucker,FLEX,0.00%,0
465,5270378950,vrs815 (109/150),0,204.27998,DST Dolphins  FLEX Juwan Johnson QB Brock Purdy RB Jahmyr Gibbs RB Jaylen Warren TE Travis Kelce WR Chris Olave WR Garrett Wilson WR Deebo Samuel Sr.,,Matt Hibner,FLEX,0.00%,10.3
466,5269303228,nbrplaytime (84/150),0,204.26,DST Titans  FLEX Juwan Johnson QB Tyler Shough RB Jahmyr Gibbs RB Jaylen Warren TE Sam LaPorta WR Jaxon Smith-Njigba WR Garrett Wilson WR Rashod Bateman,,Jackson Hawes,TE,0.00%,0
466,5270968156,mries14 (18/150),0,204.26,DST Steelers  FLEX Juwan Johnson QB Tyler Shough RB Kenneth Walker III RB James Cook III TE Kenyon Sadiq WR Jaxon Smith-Njigba WR Garrett Wilson WR Jameson Williams,,Luke Schoonmaker,FLEX,0.00%,1.9
466,5271191855,jamesdon14 (124/150),0,204.26,DST Colts  FLEX Michael Wilson QB Jacoby Brissett RB Jahmyr Gibbs RB Jaylen Warren TE Juwan Johnson WR Jaxon Smith-Njigba WR Parker Washington WR Denzel Boston,,Travis Homer,FLEX,0.00%,0
466,5272582059,ScreaminPony1 (56/150),0,204.26,DST Colts  FLEX Juwan Johnson QB Tyler Shough RB Jahmyr Gibbs RB Kenneth Walker III TE Sam LaPorta WR Jaxon Smith-Njigba WR Garrett Wilson WR Ted Hurst III,,Shedeur Sanders,QB,0.00%,0
470,5270097478,DTools22 (143/150),0,204.24,DST Buccaneers  FLEX Malik Washington QB Geno Smith RB Jahmyr Gibbs RB Christian McCaffrey TE Kenyon Sadiq WR Garrett Wilson WR Parker Washington WR Michael Wilson,,Brayden Willis,TE,0.00%,0
471,5270779675,cw1tt (12/150),0,204.21999,DST Ravens  FLEX Derrick Henry QB Sam Darnold RB Jahmyr Gibbs RB Jaylen Warren TE AJ Barner WR Jaxon Smith-Njigba WR Jakobi Meyers WR Ted Hurst III,,Marlin Klein,TE,0.00%,0
472,5269232496,foutsmi (148/150),0,204.2,DST Titans  FLEX Juwan Johnson QB Tyler Shough RB Jahmyr Gibbs RB Kenneth Walker III TE Harold Fannin Jr. WR Chris Olave WR Garrett Wilson WR Devaughn Vele,,Oscar Delp,FLEX,0.00%,0
472,5271895748,mryetty (15/15),0,204.2,DST Titans  FLEX Tyquan Thornton QB Geno Smith RB Jahmyr Gibbs RB Kenneth Walker III TE Kenyon Sadiq WR Jaxon Smith-Njigba WR Garrett Wilson WR Rashod Bateman,,Tom Kennedy,WR,0.00%,0
474,5269717839,beese23 (146/150),0,204.14,DST Chiefs  FLEX James Cook III QB Geno Smith RB Jahmyr Gibbs RB Jaylen Warren TE Kenyon Sadiq WR Garrett Wilson WR Parker Washington WR Xavier Hutchinson,,Ty Johnson,FLEX,0.00%,9
474,5271614794,ccc0017 (71/150),0,204.14,DST Browns  FLEX Derrick Henry QB Geno Smith RB Jahmyr Gibbs RB Jaylen Warren TE Kenyon Sadiq WR Garrett Wilson WR Tee Higgins WR Xavier Worthy,,Isaiah Bond,WR,0.00%,0
476,5270401594,dirtydeeds30 (27/150),0,204.1,DST Titans  FLEX T.J. Hockenson QB Geno Smith RB Jahmyr Gibbs RB Chuba Hubbard TE Kenyon Sadiq WR Jaxon Smith-Njigba WR Garrett Wilson WR Parker Washington,,Najee Harris,FLEX,0.00%,5.2
476,5271740154,j12forheisman (59/150),0,204.1,DST Titans  FLEX Isaiah Williams QB Geno Smith RB Jahmyr Gibbs RB Chuba Hubbard TE Kenyon Sadiq WR Jaxon Smith-Njigba WR Garrett Wilson WR Parker Washington,,Tai Felton,WR,0.00%,0
478,5265367030,Nazvb07 (51/150),0,204.07999,DST Titans  FLEX George Kittle QB Brock Purdy RB Jahmyr Gibbs RB Jaylen Warren TE Dalton Schultz WR Garrett Wilson WR Parker Washington WR Michael Wilson,,Tory Horton,FLEX,0.00%,7.8
478,5269059442,drewbushman (80/150),0,204.07999,DST Titans  FLEX George Kittle QB Brock Purdy RB Jahmyr Gibbs RB Jaylen Warren TE Dalton Schultz WR Garrett Wilson WR Parker Washington WR Michael Wilson,,Sterling Shepard,FLEX,0.00%,3.3
478,5270485715,Ezilodi (30/150),0,204.07999,DST Jaguars  FLEX George Kittle QB Brock Purdy RB Jahmyr Gibbs RB Jaylen Warren TE Dalton Schultz WR Garrett Wilson WR Michael Wilson WR Xavier Worthy,,Colbie Young,FLEX,0.00%,1.2
481,5272757742,PackerBacker1996 (77/150),0,204.04,DST Vikings  FLEX Devaughn Vele QB Brock Purdy RB Kenneth Walker III RB Jaylen Warren TE Juwan Johnson WR Jaxon Smith-Njigba WR Deebo Samuel Sr. WR Michael Wilson,,Patrick Herbert,FLEX,0.00%,0
482,5271231376,biggbrd27 (19/100),0,204.00002,DST Titans  FLEX Kenyon Sadiq QB Geno Smith RB Jahmyr Gibbs RB Derrick Henry TE Dalton Schultz WR Jaxon Smith-Njigba WR Garrett Wilson WR Isaiah Williams,,Josh Cameron,FLEX,0.00%,8.2
482,5271202502,horsebot9000 (106/150),0,203.99998,DST Texans  FLEX George Kittle QB Geno Smith RB Kenneth Walker III RB Cam Skattebo TE Kenyon Sadiq WR Jaxon Smith-Njigba WR Garrett Wilson WR Romeo Doubs,,George Holani,FLEX,0.00%,10.8
482,5271952790,vguardin1297 (120/150),0,203.99998,DST Browns  FLEX Jaxon Smith-Njigba QB Geno Smith RB Jahmyr Gibbs RB Jaylen Warren TE Gunnar Helm WR Garrett Wilson WR DK Metcalf WR Jakobi Meyers,,Kyle Williams,FLEX,0.00%,4.4
485,5271765408,steadfast_1 (64/150),0,203.98,DST Panthers  FLEX George Kittle QB Brock Purdy RB Christian McCaffrey RB Jaylen Warren TE Kenyon Sadiq WR George Pickens WR Garrett Wilson WR Michael Wilson,,Malik Benson,FLEX,0.00%,0
486,5271019506,beng4800 (61/150),0,203.94,DST Jaguars  FLEX Travis Kelce QB Geno Smith RB Jahmyr Gibbs RB James Cook III TE Kenyon Sadiq WR Amon-Ra St. Brown WR Garrett Wilson WR Malik Washington,,Brock Wright,FLEX,0.00%,2.7
487,5269883948,HEMR (73/95),0,203.9,DST Colts  FLEX Kenneth Walker III QB Tyler Shough RB Jahmyr Gibbs RB Jaylen Warren TE Juwan Johnson WR Garrett Wilson WR Michael Wilson WR Devaughn Vele,,Odell Beckham Jr.,FLEX,0.00%,0
488,5268922689,BrockTheGOAT17 (6/150),0,203.87999,DST Jaguars  FLEX George Kittle QB Brock Purdy RB Jahmyr Gibbs RB James Cook III TE Dalton Schultz WR Garrett Wilson WR Michael Wilson WR Xavier Worthy,,Raheim Sanders,FLEX,0.00%,9.1
488,5271098961,EasyE33 (21/22),0,203.87997,DST Bengals  FLEX George Kittle QB Brock Purdy RB Jahmyr Gibbs RB Jaylen Warren TE Sam LaPorta WR Garrett Wilson WR Deebo Samuel Sr. WR Michael Wilson,,Greg Dortch,FLEX,0.00%,0
490,5272582078,ScreaminPony1 (75/150),0,203.86,DST Titans  FLEX Ted Hurst III QB Tyler Shough RB Jahmyr Gibbs RB Kenneth Walker III TE Juwan Johnson WR Jaxon Smith-Njigba WR Garrett Wilson WR Xavier Worthy,,Bam Knight,RB,0.00%,0
490,5272582079,ScreaminPony1 (76/150),0,203.86,DST Titans  FLEX Ted Hurst III QB Tyler Shough RB Jahmyr Gibbs RB Kenneth Walker III TE Juwan Johnson WR Jaxon Smith-Njigba WR Garrett Wilson WR Xavier Worthy,,Erick All Jr.,FLEX,0.00%,0
492,5267361513,cleekii (131/150),0,203.84,DST Titans  FLEX Isaiah Williams QB Geno Smith RB Jahmyr Gibbs RB Derrick Henry TE Kenyon Sadiq WR Ja'Marr Chase WR Garrett Wilson WR Jakobi Meyers,,Daniel Bellinger,FLEX,0.00%,3.6
492,5269712523,WuDreamz (58/150),0,203.84,DST Browns  FLEX Kenyon Sadiq QB Geno Smith RB Jahmyr Gibbs RB James Cook III TE Travis Kelce WR Ja'Marr Chase WR Garrett Wilson WR Denzel Boston,,Seth McGowan,RB,0.00%,1.4
492,5271914709,kevintheodore (37/150),0,203.84,DST Chargers  FLEX Juwan Johnson QB Brock Purdy RB Jahmyr Gibbs RB Kenneth Walker III TE Sam LaPorta WR Jaxon Smith-Njigba WR Malik Washington WR Mack Hollins,,Demond Claiborne,FLEX,0.00%,0.1
495,5266372869,AHabas (2/150),0,203.82,DST Jaguars  FLEX Ja'Marr Chase QB Marcus Mariota RB Jahmyr Gibbs RB Jaylen Warren TE Harold Fannin Jr. WR Garrett Wilson WR Terry McLaurin WR Kayshon Boutte,,Colson Yankoff,TE,0.00%,1.2
496,5271219913,EmceeDusty44 (51/150),0,203.8,DST Vikings  FLEX Oronde Gadsden II QB Geno Smith RB Jahmyr Gibbs RB Ashton Jeanty TE Kenyon Sadiq WR Jaxon Smith-Njigba WR Garrett Wilson WR Xavier Hutchinson,,Emari Demercado,RB,0.00%,0
497,5271225200,LinkSinc (69/150),0,203.73999,DST Browns  FLEX AJ Barner QB Geno Smith RB Jahmyr Gibbs RB Jaylen Warren TE Kenyon Sadiq WR Amon-Ra St. Brown WR Chris Olave WR Garrett Wilson,,Jelani Woods,FLEX,0.00%,3
498,5267121775,venus44 (89/150),0,203.71999,DST Titans  FLEX Devaughn Vele QB Sam Darnold RB Jahmyr Gibbs RB Quinshon Judkins TE AJ Barner WR Jaxon Smith-Njigba WR Garrett Wilson WR Michael Wilson,,Elijah Higgins,FLEX,0.00%,5
499,5270871556,tckrush (99/150),0,203.7,DST Colts  FLEX Christian McCaffrey QB Jacoby Brissett RB Jahmyr Gibbs RB James Cook III TE Harold Fannin Jr. WR Michael Wilson WR Jakobi Meyers WR Keenan Allen,,Skyler Bell,WR,0.00%,0
499,5272012392,batavia (8/150),0,203.7,DST Titans  FLEX Jaxon Smith-Njigba QB Geno Smith RB Jahmyr Gibbs RB Rachaad White TE AJ Barner WR CeeDee Lamb WR Garrett Wilson WR Ted Hurst III,,Eli Heidenreich,RB,0.00%,0
499,5272012393,batavia (9/150),0,203.7,DST Titans  FLEX Jaxon Smith-Njigba QB Geno Smith RB Jahmyr Gibbs RB Rachaad White TE AJ Barner WR CeeDee Lamb WR Garrett Wilson WR Ted Hurst III,,Darius Slayton,FLEX,0.00%,0
502,5272043734,erjake (131/150),0,203.68001,DST Jaguars  FLEX Jaylen Warren QB Brock Purdy RB Jahmyr Gibbs RB Kenneth Walker III TE George Kittle WR Garrett Wilson WR Malik Washington WR Isaiah Williams,,Nico Collins,WR,0.00%,0
503,5272074494,bbenton (43/150),0,203.66,DST Titans  FLEX Jaxon Smith-Njigba QB Tyler Shough RB Jahmyr Gibbs RB Jaylen Warren TE Juwan Johnson WR Garrett Wilson WR Xavier Worthy WR Xavier Hutchinson,,Daniel Bellinger,TE,0.00%,3.6
504,5272049474,acmilan555666 (103/150),0,203.64,DST Jaguars  FLEX AJ Barner QB Geno Smith RB Derrick Henry RB James Cook III TE Kenyon Sadiq WR CeeDee Lamb WR Garrett Wilson WR Tee Higgins,,John Bates,FLEX,0.00%,1.9
505,5271653337,Saiyan_gainz (6/150),0,203.62001,DST Titans  FLEX Jaxon Smith-Njigba QB Sam Darnold RB Jahmyr Gibbs RB Chuba Hubbard TE Juwan Johnson WR Garrett Wilson WR Khalil Shakir WR Tre' Harris,,John Metchie III,FLEX,0.00%,9.9
506,5271302218,SaltTruck2 (67/150),0,203.59999,DST Jaguars  FLEX Juwan Johnson QB Tyler Shough RB Jahmyr Gibbs RB Ashton Jeanty TE George Kittle WR Chris Olave WR Garrett Wilson WR Ryan Flournoy,,KaVontae Turpin,FLEX,0.00%,8.8
507,5267075675,Ballinnowboyz22 (18/150),0,203.56,DST Titans  FLEX Juwan Johnson QB Tyler Shough RB Jahmyr Gibbs RB James Cook III TE Cade Otton WR Jaxon Smith-Njigba WR Chris Olave WR Ted Hurst III,,Kimani Vidal,FLEX,0.00%,3
508,5271398818,dearborn2015 (2/5),0,203.54,DST Titans  FLEX James Cook III QB Geno Smith RB Jahmyr Gibbs RB Jaylen Warren TE Kenyon Sadiq WR Garrett Wilson WR Parker Washington WR Jameson Williams,,Chris Rodriguez Jr.,FLEX,0.00%,9.7
508,5271978328,Lee121503 (11/150),0,203.54,DST Vikings  FLEX Kenyon Sadiq QB Geno Smith RB Jahmyr Gibbs RB Christian McCaffrey TE Sam LaPorta WR George Pickens WR Garrett Wilson WR Mack Hollins,,Derius Davis,WR,0.00%,0
510,5271659242,onemoe (27/41),0,203.52,DST Chiefs  FLEX Darren Waller QB Sam Darnold RB Jaylen Warren RB Tony Pollard TE Juwan Johnson WR Jaxon Smith-Njigba WR CeeDee Lamb WR Garrett Wilson,,Ray Davis,FLEX,0.00%,0
510,5272424067,DakotaV32 (1/3),0,203.52,DST Steelers  FLEX Juwan Johnson QB Sam Darnold RB Jahmyr Gibbs RB Chuba Hubbard TE Dalton Schultz WR Jaxon Smith-Njigba WR Garrett Wilson WR Malik Washington,,Eli Raridon,TE,0.00%,0
512,5272002350,Lboogie416 (141/150),0,203.5,DST Texans  FLEX George Kittle QB Geno Smith RB Jahmyr Gibbs RB Cam Skattebo TE Kenyon Sadiq WR Jaxon Smith-Njigba WR Jameson Williams WR Denzel Boston,,AJ Dillon,FLEX,0.00%,2.4
512,5272223202,RFKNSSC (18/23),0,203.5,DST Buccaneers  FLEX Juwan Johnson QB Jacoby Brissett RB Jahmyr Gibbs RB Christian McCaffrey TE George Kittle WR Garrett Wilson WR Jalen Coker WR Michael Wilson,,Kimani Vidal,RB,0.00%,3
514,5268971907,Sport87 (34/150),0,203.46,DST Titans  FLEX Kenyon Sadiq QB Tyler Shough RB Jahmyr Gibbs RB Jaylen Warren TE Dalton Schultz WR Jaxon Smith-Njigba WR Chris Olave WR Malik Washington,,Jaleel McLaughlin,RB,0.00%,0
514,5272645739,jehuffjr (7/150),0,203.45999,DST Steelers  FLEX Juwan Johnson QB Tyler Shough RB Jahmyr Gibbs RB Jaylen Warren TE Sam LaPorta WR Jaxon Smith-Njigba WR Garrett Wilson WR Devaughn Vele,,Jordan James,RB,0.00%,0
514,5272717961,cranegame19 (71/150),0,203.45999,DST Bills  FLEX Juwan Johnson QB Tyler Shough RB Jahmyr Gibbs RB Jaylen Warren TE Sam LaPorta WR Jaxon Smith-Njigba WR Garrett Wilson WR Devaughn Vele,,Demarcus Robinson,WR,0.00%,0
517,5270807751,vegasnu2 (78/150),0,203.44,DST Vikings  FLEX Jaylen Warren QB Geno Smith RB Jahmyr Gibbs RB Chase Brown TE Kenyon Sadiq WR CeeDee Lamb WR Garrett Wilson WR Isaiah Williams,,Chimere Dike,FLEX,0.00%,0.3
518,5270939292,zjsorenson (119/150),0,203.41998,DST Raiders  FLEX Travis Kelce QB Sam Darnold RB Jahmyr Gibbs RB Chuba Hubbard TE AJ Barner WR Jaxon Smith-Njigba WR Garrett Wilson WR Xavier Hutchinson,,Kaytron Allen,RB,0.00%,0
519,5267050178,rik03666 (106/150),0,203.40001,DST Vikings  FLEX Brock Bowers QB Jacoby Brissett RB Jahmyr Gibbs RB Jeremiyah Love TE Kenyon Sadiq WR Mike Evans WR Tee Higgins WR Marvin Harrison Jr.,,Hayden Rucci,FLEX,0.00%,0
519,5267318657,powerbait (14/150),0,203.40001,DST Raiders  FLEX T.J. Hockenson QB Geno Smith RB Jahmyr Gibbs RB Christian McCaffrey TE Harold Fannin Jr. WR Jaxon Smith-Njigba WR Garrett Wilson WR Isaiah Williams,,Ollie Gordon II,RB,0.00%,14.5
519,5269192758,cmvnerd (4/150),0,203.40001,DST Titans  FLEX Mark Andrews QB Geno Smith RB Jahmyr Gibbs RB Derrick Henry TE Kenyon Sadiq WR Jaxon Smith-Njigba WR Garrett Wilson WR Isaiah Williams,,British Brooks,RB,0.00%,0
519,5271040659,nd_football (26/59),0,203.40001,DST Titans  FLEX Kenyon Sadiq QB Geno Smith RB Jahmyr Gibbs RB Kenneth Walker III TE Dalton Schultz WR Jaxon Smith-Njigba WR Garrett Wilson WR Isaiah Williams,,Nick Singleton,FLEX,0.00%,0
519,5271424633,demato320 (33/97),0,203.40001,DST Texans  FLEX Jaxon Smith-Njigba QB Geno Smith RB Jahmyr Gibbs RB Jeremiyah Love TE Kenyon Sadiq WR Garrett Wilson WR Khalil Shakir WR KC Concepcion Jr.,,Lew Nichols,RB,0.00%,0
519,5272474695,korsen (21/35),0,203.39998,DST Vikings  FLEX George Kittle QB Jacoby Brissett RB Jahmyr Gibbs RB Aaron Jones Sr. TE Trey McBride WR Garrett Wilson WR Michael Wilson WR Devaughn Vele,,Oscar Delp,TE,0.00%,0
525,5269051536,ppass (19/150),0,203.38,DST Browns  FLEX Brock Bowers QB Brock Purdy RB Jahmyr Gibbs RB Jaylen Warren TE George Kittle WR Ja'Marr Chase WR Xavier Hutchinson WR Ted Hurst III,,Marlin Klein,FLEX,0.00%,0
526,5266175657,tlynch0 (130/150),0,203.34001,DST Vikings  FLEX Aaron Jones Sr. QB Geno Smith RB Jahmyr Gibbs RB Kenneth Walker III TE Kenyon Sadiq WR Garrett Wilson WR DK Metcalf WR Malik Washington,,Myles Price,WR,0.00%,6
526,5267991346,Styles8620 (18/150),0,203.34,DST Bengals  FLEX Kenyon Sadiq QB Geno Smith RB Jahmyr Gibbs RB Derrick Henry TE AJ Barner WR Garrett Wilson WR Parker Washington WR Michael Wilson,,CJ Donaldson,RB,0.00%,0.5
526,5270138743,m4ch1n3m4n (16/150),0,203.34001,DST Vikings  FLEX Jahmyr Gibbs QB Geno Smith RB Chuba Hubbard RB Quinshon Judkins TE Kenyon Sadiq WR Chris Olave WR Garrett Wilson WR Malik Washington,,Nikko Remigio,WR,0.00%,0
526,5271043454,stingerz22 (45/100),0,203.34001,DST Buccaneers  FLEX Jaylen Warren QB Geno Smith RB Jahmyr Gibbs RB Kenneth Walker III TE Kenyon Sadiq WR Chris Olave WR Garrett Wilson WR Isaiah Williams,,Alec Ingold,RB,0.00%,6.5
526,5271867227,Austn37 (113/150),0,203.34,DST Titans  FLEX Chuba Hubbard QB Geno Smith RB Jahmyr Gibbs RB Jaylen Warren TE Kenyon Sadiq WR CeeDee Lamb WR Garrett Wilson WR Devaughn Vele,,Josh Cuevas,TE,0.00%,2.4
531,5270306026,marcfortunato5 (98/150),0,203.31998,DST Titans  FLEX AJ Barner QB Sam Darnold RB Jahmyr Gibbs RB Jaylen Warren TE Tyler Warren WR Jaxon Smith-Njigba WR Garrett Wilson WR Xavier Worthy,,Tylan Wallace,WR,0.00%,0
532,5271194638,ZzZ_JaZ (111/150),0,203.29999,DST Titans  FLEX Jaxon Smith-Njigba QB Geno Smith RB Jahmyr Gibbs RB Jaylen Warren TE Kenyon Sadiq WR Garrett Wilson WR Jalen Coker WR KC Concepcion Jr.,,Brandin Cooks,FLEX,0.00%,0
533,5270689305,vince4321lem (52/150),0,203.27998,DST Bengals  FLEX George Kittle QB Brock Purdy RB Jahmyr Gibbs RB James Cook III TE Travis Kelce WR Garrett Wilson WR Michael Wilson WR Xavier Hutchinson,,Ameer Abdullah,FLEX,0.00%,0.2
534,5269670111,Celticsnc (88/150),0,203.26001,DST Vikings  FLEX Juwan Johnson QB Tyler Shough RB Jahmyr Gibbs RB Jaylen Warren TE Dalton Schultz WR Jaxon Smith-Njigba WR Chris Olave WR Isaiah Williams,,Isaiah Bond,FLEX,0.00%,0
534,5270053911,TheCommish (85/150),0,203.26001,DST Vikings  FLEX Juwan Johnson QB Tyler Shough RB Jahmyr Gibbs RB Jaylen Warren TE Dalton Schultz WR Jaxon Smith-Njigba WR Chris Olave WR Isaiah Williams,,Jalen Tolbert,FLEX,0.00%,0
536,5271952700,vguardin1297 (30/150),0,203.24002,DST Titans  FLEX Brock Bowers QB Geno Smith RB Jahmyr Gibbs RB Derrick Henry TE Kenyon Sadiq WR Garrett Wilson WR Parker Washington WR Isaiah Williams,,Jonathan Mingo,WR,0.00%,0
537,5270590348,loredo80 (147/150),0,203.21999,DST Browns  FLEX AJ Barner QB Sam Darnold RB Jahmyr Gibbs RB Quinshon Judkins TE Sam LaPorta WR Jaxon Smith-Njigba WR Garrett Wilson WR Michael Wilson,,Caleb Douglas,WR,0.00%,0
537,5271640925,ChuckyNuni (18/56),0,203.22,DST Bills  FLEX AJ Barner QB Sam Darnold RB Jahmyr Gibbs RB Quinshon Judkins TE George Kittle WR Jaxon Smith-Njigba WR Garrett Wilson WR Denzel Boston,,Emari Demercado,FLEX,0.00%,0
539,5272012394,batavia (10/150),0,203.2,DST Titans  FLEX Jaxon Smith-Njigba QB Geno Smith RB Jahmyr Gibbs RB Rachaad White TE AJ Barner WR Chris Olave WR Garrett Wilson WR Ted Hurst III,,DJ Herman,RB,0.00%,0
540,5270912934,Rizem2k (108/150),0,203.14,DST Raiders  FLEX Christian McCaffrey QB Geno Smith RB Jahmyr Gibbs RB Jaylen Warren TE Kenyon Sadiq WR George Pickens WR Garrett Wilson WR Isaiah Williams,,Tanner Hudson,TE,0.00%,3.3
541,5269648836,belvison (24/150),0,203.11998,DST Raiders  FLEX Mark Andrews QB Sam Darnold RB Jahmyr Gibbs RB Jaylen Warren TE AJ Barner WR Jaxon Smith-Njigba WR Garrett Wilson WR Denzel Boston,,Nate Boerkircher,FLEX,0.00%,0
541,5270645289,dtnichols09 (113/150),0,203.12,DST Titans  FLEX AJ Barner QB Deshaun Watson RB James Cook III RB Jaylen Warren TE Harold Fannin Jr. WR Jaxon Smith-Njigba WR Ja'Marr Chase WR Garrett Wilson,,Ian Thomas,FLEX,0.00%,0
543,5267318710,powerbait (67/150),0,203.09999,DST Commanders  FLEX Juwan Johnson QB Tyler Shough RB Jahmyr Gibbs RB Kenneth Walker III TE Oronde Gadsden II WR Chris Olave WR Garrett Wilson WR Michael Wilson,,Cameron Latu,TE,0.00%,0
543,5268851551,DirtyBastards (14/150),0,203.1,DST Titans  FLEX Rashod Bateman QB Geno Smith RB Jahmyr Gibbs RB Kenneth Walker III TE Kenyon Sadiq WR Jaxon Smith-Njigba WR Garrett Wilson WR Isaiah Williams,,Tez Johnson,FLEX,0.00%,1.8
543,5270654608,richcip (26/100),0,203.1,DST Chargers  FLEX Oronde Gadsden II QB Geno Smith RB Jahmyr Gibbs RB Chuba Hubbard TE Kenyon Sadiq WR Jaxon Smith-Njigba WR Garrett Wilson WR Denzel Boston,,David Moore,WR,0.00%,0
543,5271570318,Eric4Life (36/39),0,203.1,DST Titans  FLEX Isaiah Williams QB Geno Smith RB Jahmyr Gibbs RB Kenneth Walker III TE Kenyon Sadiq WR Jaxon Smith-Njigba WR Garrett Wilson WR Rashod Bateman,,Jamaal Pritchett,WR,0.00%,0
543,5272648645,rzombie44 (66/96),0,203.09999,DST Buccaneers  FLEX Michael Wilson QB Jacoby Brissett RB Jahmyr Gibbs RB Jaylen Warren TE George Kittle WR Garrett Wilson WR Parker Washington WR Josh Downs,,Jackson Hawes,FLEX,0.00%,0
548,5271767113,Profreshional10 (11/150),0,203.04,DST Dolphins  FLEX Trey McBride QB Geno Smith RB Jahmyr Gibbs RB Jaylen Warren TE Kenyon Sadiq WR Ja'Marr Chase WR Garrett Wilson WR Xavier Hutchinson,,CJ Donaldson,FLEX,0.00%,0.5
549,5266370611,huntaamorgan (99/150),0,203.00002,DST Browns  FLEX Kenyon Sadiq QB Geno Smith RB Jahmyr Gibbs RB Derrick Henry TE Dalton Schultz WR Jaxon Smith-Njigba WR Garrett Wilson WR Isaiah Williams,,Rasheen Ali,RB,0.00%,0
550,5266279239,Deathflower74 (86/150),0,202.98,DST Jaguars  FLEX T.J. Hockenson QB Brock Purdy RB Jahmyr Gibbs RB Jaylen Warren TE George Kittle WR CeeDee Lamb WR Garrett Wilson WR Xavier Hutchinson,,Malik McClain,FLEX,0.00%,0
551,5271066603,Stree (90/150),0,202.96,DST Vikings  FLEX Juwan Johnson QB Tyler Shough RB Jahmyr Gibbs RB Jaylen Warren TE Oronde Gadsden II WR Jaxon Smith-Njigba WR Garrett Wilson WR Brian Thomas Jr.,,Ian Thomas,TE,0.00%,0
551,5272582088,ScreaminPony1 (85/150),0,202.95999,DST Chargers  FLEX Jaxon Smith-Njigba QB Tyler Shough RB Jahmyr Gibbs RB Kenneth Walker III TE Juwan Johnson WR Garrett Wilson WR KC Concepcion Jr. WR Tyquan Thornton,,Cyrus Allen,FLEX,0.00%,0
553,5270974849,mikearcari (70/150),0,202.94002,DST Titans  FLEX Jaylen Warren QB Geno Smith RB Jahmyr Gibbs RB Kenneth Walker III TE Harold Fannin Jr. WR Chris Olave WR Garrett Wilson WR Isaiah Williams,,Josh Cuevas,FLEX,0.00%,2.4
553,5271339629,VonTheDon (14/150),0,202.94002,DST Titans  FLEX Jaylen Warren QB Geno Smith RB Jahmyr Gibbs RB Kenneth Walker III TE Harold Fannin Jr. WR Chris Olave WR Garrett Wilson WR Isaiah Williams,,Jordan Watkins,FLEX,0.00%,8
555,5271917461,jlove48 (32/150),0,202.91998,DST Titans  FLEX Jaylen Warren QB Sam Darnold RB Jahmyr Gibbs RB Tony Pollard TE Darnell Washington WR Jaxon Smith-Njigba WR Garrett Wilson WR Devaughn Vele,,Jalen Brooks,FLEX,0.00%,0
556,5270519005,chi3617 (46/150),0,202.9,DST Giants  FLEX Travis Kelce QB Geno Smith RB Jahmyr Gibbs RB Jaylen Warren TE Kenyon Sadiq WR Jaxon Smith-Njigba WR Parker Washington WR Denzel Boston,,Lewis Bond,WR,0.00%,0
556,5271170686,Cookoo (10/150),0,202.9,DST Raiders  FLEX Travis Kelce QB Geno Smith RB Jahmyr Gibbs RB Kenneth Walker III TE Kenyon Sadiq WR Jaxon Smith-Njigba WR Deebo Samuel Sr. WR Xavier Worthy,,Nick Vannett,FLEX,0.00%,0
558,5271025738,houseofcards1 (25/150),0,202.87999,DST Chiefs  FLEX George Kittle QB Brock Purdy RB Jahmyr Gibbs RB Kenneth Walker III TE Kenyon Sadiq WR Garrett Wilson WR Deebo Samuel Sr. WR Isaiah Williams,,Carsen Ryan,TE,0.00%,0
559,5271461900,skinred44 (33/150),0,202.86,DST Browns  FLEX LaJohntay Wester QB Tyler Shough RB Jahmyr Gibbs RB Jaylen Warren TE Juwan Johnson WR Jaxon Smith-Njigba WR Chris Olave WR Terry McLaurin,,Jaylin Lane,WR,0.00%,3.1
560,5267697664,acdrake2337 (28/79),0,202.84,DST Vikings  FLEX Bhayshul Tuten QB Geno Smith RB Jahmyr Gibbs RB Kenneth Walker III TE Kenyon Sadiq WR Garrett Wilson WR Parker Washington WR Devaughn Vele,,Bauer Sharp,FLEX,0.00%,0
560,5271682248,DanielVendetti (12/20),0,202.84001,DST Titans  FLEX Darren Waller QB Brock Purdy RB Jahmyr Gibbs RB Jaylen Warren TE Jake Ferguson WR Jaxon Smith-Njigba WR Garrett Wilson WR Malik Washington,,Tyler Goodson,FLEX,0.00%,2.7
560,5272149634,cmcard888 (50/150),0,202.84001,DST Vikings  FLEX Jaylen Warren QB Geno Smith RB Jahmyr Gibbs RB Kenneth Walker III TE Juwan Johnson WR Mike Evans WR Garrett Wilson WR Isaiah Williams,,David Njoku,TE,0.00%,0
563,5271949309,SILVAJ (130/150),0,202.82,DST Chiefs  FLEX Dalton Schultz QB Sam Darnold RB Jahmyr Gibbs RB Kenneth Walker III TE Harold Fannin Jr. WR Jaxon Smith-Njigba WR Jordan Addison WR Ted Hurst III,,Eli Pancol,WR,0.00%,0
564,5265681137,joebsteelers (120/150),0,202.8,DST Browns  FLEX Rashod Bateman QB Geno Smith RB Derrick Henry RB Jaylen Warren TE Kenyon Sadiq WR Jaxon Smith-Njigba WR Garrett Wilson WR Tee Higgins,,Derius Davis,FLEX,0.00%,0
564,5267353708,falconsclub8908 (69/150),0,202.8,DST Titans  FLEX Michael Mayer QB Jacoby Brissett RB Jahmyr Gibbs RB Kenneth Walker III TE George Kittle WR Ja'Marr Chase WR Garrett Wilson WR Cooper Kupp,,Cedric Tillman,WR,0.00%,0
564,5272139956,twofdr (118/150),0,202.8,DST Steelers  FLEX Hunter Henry QB Geno Smith RB Jahmyr Gibbs RB James Cook III TE Kenyon Sadiq WR Jaxon Smith-Njigba WR Garrett Wilson WR Devaughn Vele,,Ben Skowronek,WR,0.00%,9.3
564,5272532962,Fishnaked,0,202.8,DST Jets  FLEX Kenyon Sadiq QB Geno Smith RB Jahmyr Gibbs RB Kenneth Walker III TE Dalton Schultz WR Jaxon Smith-Njigba WR Garrett Wilson WR Xavier Hutchinson,,Rico Dowdle,RB,0.00%,0
568,5267397809,USCkv (29/150),0,202.74,DST Titans  FLEX Jahmyr Gibbs QB Geno Smith RB Kenneth Walker III RB Jaylen Warren TE Kenyon Sadiq WR CeeDee Lamb WR Garrett Wilson WR LaJohntay Wester,,Tyler Goodson,RB,0.00%,2.7
568,5271123753,fchonor (30/150),0,202.74,DST Titans  FLEX Cade Otton QB Geno Smith RB Jahmyr Gibbs RB Jaylen Warren TE George Kittle WR CeeDee Lamb WR Garrett Wilson WR Parker Washington,,Sione Vaki,FLEX,0.00%,4.7
570,5266175677,tlynch0 (150/150),0,202.72,DST Jaguars  FLEX Cade Otton QB Sam Darnold RB Jahmyr Gibbs RB Kenneth Walker III TE Dalton Schultz WR Jaxon Smith-Njigba WR Terry McLaurin WR Wan'Dale Robinson,,Braxton Berrios,WR,0.00%,0
570,5271090554,benjam75 (96/150),0,202.71999,DST Titans  FLEX Jahmyr Gibbs QB Sam Darnold RB James Cook III RB Jaylen Warren TE Kenyon Sadiq WR Jaxon Smith-Njigba WR Devaughn Vele WR KC Concepcion Jr.,,Keleki Latu,TE,0.00%,0
570,5272873431,djonesemb (32/150),0,202.71999,DST Titans  FLEX AJ Barner QB Sam Darnold RB Jahmyr Gibbs RB Jaylen Warren TE Dalton Schultz WR Jaxon Smith-Njigba WR Garrett Wilson WR DK Metcalf,,Tyler Johnson,WR,0.00%,0
573,5268000496,npal09 (138/150),0,202.7,DST Saints  FLEX Ted Hurst III QB Geno Smith RB Jahmyr Gibbs RB Christian McCaffrey TE Kenyon Sadiq WR Jaxon Smith-Njigba WR Garrett Wilson WR Isaiah Williams,,Connor Heyward,RB,0.00%,0
573,5270995534,CJCashing (117/150),0,202.7,DST Titans  FLEX Kenyon Sadiq QB Geno Smith RB Jahmyr Gibbs RB Chase Brown TE Travis Kelce WR Jaxon Smith-Njigba WR Garrett Wilson WR Devaughn Vele,,Hunter Luepke,RB,0.00%,0
575,5269211827,holcombj1 (24/150),0,202.63998,DST Titans  FLEX Michael Wilson QB Brock Purdy RB Jaylen Warren RB Jeremiyah Love TE George Kittle WR Jaxon Smith-Njigba WR Parker Washington WR Deebo Samuel Sr.,,Bauer Sharp,TE,0.00%,0
575,5270695462,kbw612 (33/101),0,202.64,DST Vikings  FLEX Kenyon Sadiq QB Geno Smith RB Jahmyr Gibbs RB Ashton Jeanty TE Sam LaPorta WR Mike Evans WR Garrett Wilson WR Michael Wilson,,Bam Knight,FLEX,0.00%,0
575,5271959777,pastabolicles (54/100),0,202.64,DST Vikings  FLEX Sam LaPorta QB Geno Smith RB Jahmyr Gibbs RB Jaylen Warren TE Kenyon Sadiq WR CeeDee Lamb WR Garrett Wilson WR Jalen Coker,,Ko Kieft,TE,0.00%,0
578,5271970994,Donaldduck2476 (4/150),0,202.61998,DST Raiders  FLEX AJ Barner QB Sam Darnold RB Jahmyr Gibbs RB Jaylen Warren TE Oronde Gadsden II WR Jaxon Smith-Njigba WR Garrett Wilson WR Parker Washington,,Theo Wease Jr.,FLEX,0.00%,0
579,5271752657,Paulo21613 (26/150),0,202.6,DST Jaguars  FLEX Garrett Wilson QB Geno Smith RB James Cook III RB Jaylen Warren TE Kenyon Sadiq WR Jaxon Smith-Njigba WR Amon-Ra St. Brown WR Isaiah Williams,,Eric Saubert,TE,0.00%,8.3
579,5271818705,CLAEYS20 (140/150),0,202.6,DST Titans  FLEX Juwan Johnson QB Geno Smith RB Jahmyr Gibbs RB Kenneth Walker III TE Sam LaPorta WR Jaxon Smith-Njigba WR Garrett Wilson WR Isaiah Williams,,Quintin Morris,TE,0.00%,0
581,5269299953,Tiamat88 (77/150),0,202.55998,DST Titans  FLEX Juwan Johnson QB Tyler Shough RB Jahmyr Gibbs RB Aaron Jones Sr. TE Travis Kelce WR Jaxon Smith-Njigba WR Garrett Wilson WR Devaughn Vele,,Jake Briningstool,TE,0.00%,0
582,5266163870,MichaelMoison (72/150),0,202.54,DST Browns  FLEX Jaylen Warren QB Geno Smith RB Jahmyr Gibbs RB James Cook III TE Kenyon Sadiq WR Garrett Wilson WR Parker Washington WR Jameson Williams,,Jelani Woods,TE,0.00%,3
582,5269387709,Voldemort27 (26/150),0,202.54001,DST Vikings  FLEX Jaylen Warren QB Geno Smith RB Jahmyr Gibbs RB Kenneth Walker III TE Kenyon Sadiq WR Garrett Wilson WR Jameson Williams WR Kayshon Boutte,,Drew Ogletree,FLEX,0.00%,0
582,5269423530,smzweb04 (27/150),0,202.54001,DST Chargers  FLEX Harold Fannin Jr. QB Geno Smith RB Jahmyr Gibbs RB Javonte Williams TE George Kittle WR Amon-Ra St. Brown WR Garrett Wilson WR Devaughn Vele,,Jordan Mason,FLEX,0.00%,0
582,5270948192,collazo0802 (146/150),0,202.54001,DST Titans  FLEX CeeDee Lamb QB Geno Smith RB Jahmyr Gibbs RB Jaylen Warren TE Kenyon Sadiq WR Garrett Wilson WR Parker Washington WR Denzel Boston,,Nick Westbrook-Ikhine,WR,0.00%,0
582,5270968160,mries14 (22/150),0,202.54,DST Browns  FLEX Jaylen Warren QB Geno Smith RB Jahmyr Gibbs RB James Cook III TE Kenyon Sadiq WR Garrett Wilson WR Parker Washington WR Jameson Williams,,Andrei Iosivas,FLEX,0.00%,0
582,5271610242,KneeReaper13 (65/68),0,202.54001,DST Titans  FLEX George Kittle QB Geno Smith RB Jahmyr Gibbs RB Kenneth Walker III TE Kenyon Sadiq WR Amon-Ra St. Brown WR Garrett Wilson WR Xavier Hutchinson,,Eli Raridon,FLEX,0.00%,0
582,5271726283,LaVega (96/150),0,202.54001,DST Titans  FLEX George Kittle QB Geno Smith RB Jahmyr Gibbs RB Kenneth Walker III TE Kenyon Sadiq WR Amon-Ra St. Brown WR Garrett Wilson WR Xavier Hutchinson,,Justin Fields,QB,0.00%,0
582,5271974901,braune (121/150),0,202.54001,DST Titans  FLEX CeeDee Lamb QB Geno Smith RB Jahmyr Gibbs RB James Cook III TE Kenyon Sadiq WR Garrett Wilson WR Ladd McConkey WR Chris Bell,,Cedric Tillman,FLEX,0.00%,0
590,5268964598,supermanb8 (107/150),0,202.52,DST Titans  FLEX Jaylen Warren QB Deshaun Watson RB Jahmyr Gibbs RB Chuba Hubbard TE Harold Fannin Jr. WR Jaxon Smith-Njigba WR Garrett Wilson WR Isaiah Williams,,Isaiah Davis,RB,0.00%,0
590,5269741579,Parkerrr26 (4/150),0,202.51997,DST Titans  FLEX Sam LaPorta QB Sam Darnold RB Jahmyr Gibbs RB Jaylen Warren TE Travis Kelce WR Jaxon Smith-Njigba WR Garrett Wilson WR Xavier Hutchinson,,Shedrick Jackson,WR,0.00%,0
590,5271332737,McLongrod (137/150),0,202.51999,DST Vikings  FLEX Travis Kelce QB Sam Darnold RB Jahmyr Gibbs RB Christian McCaffrey TE AJ Barner WR Jaxon Smith-Njigba WR Malik Washington WR Cooper Kupp,,Chris Manhertz,TE,0.00%,0
590,5271374794,GoMaizeGoBlue (55/150),0,202.51999,DST Titans  FLEX Mike Gesicki QB Sam Darnold RB Jahmyr Gibbs RB Derrick Henry TE AJ Barner WR Jaxon Smith-Njigba WR Garrett Wilson WR Devaughn Vele,,Eli Heidenreich,FLEX,0.00%,0
590,5271940412,BeatusMeatus (57/150),0,202.51997,DST Titans  FLEX Sam LaPorta QB Sam Darnold RB Jahmyr Gibbs RB Jaylen Warren TE Travis Kelce WR Jaxon Smith-Njigba WR Garrett Wilson WR Xavier Hutchinson,,Jaleel McLaughlin,FLEX,0.00%,0
595,5268930762,randers (67/150),0,202.5,DST Titans  FLEX Jaylen Warren QB Jacoby Brissett RB Jahmyr Gibbs RB Kenneth Walker III TE George Kittle WR Garrett Wilson WR Michael Wilson WR Brian Thomas Jr.,,Jake Briningstool,FLEX,0.00%,0
595,5270399251,UIGEA (136/150),0,202.5,DST Raiders  FLEX Kenyon Sadiq QB Tyler Shough RB Jahmyr Gibbs RB Ashton Jeanty TE Juwan Johnson WR Chris Olave WR Ladd McConkey WR Michael Wilson,,Nick Westbrook-Ikhine,FLEX,0.00%,0
595,5270835869,xrxk030 (14/150),0,202.5,DST Titans  FLEX Juwan Johnson QB Tyler Shough RB Jahmyr Gibbs RB Jaylen Warren TE Dalton Schultz WR Chris Olave WR Garrett Wilson WR Tee Higgins,,Fernando Mendoza,QB,0.00%,0
595,5271767103,Profreshional10 (1/150),0,202.5,DST Titans  FLEX Juwan Johnson QB Tyler Shough RB Jahmyr Gibbs RB Jaylen Warren TE Dalton Schultz WR Chris Olave WR Garrett Wilson WR Tee Higgins,,Feleipe Franks,TE,0.00%,0
599,5269534975,butoj09 (42/150),0,202.47998,DST Dolphins  FLEX Jahmyr Gibbs QB Brock Purdy RB James Cook III RB Jaylen Warren TE Kenyon Sadiq WR Parker Washington WR Deebo Samuel Sr. WR Michael Wilson,,Tay Martin,WR,0.00%,0
599,5271400911,gr8playa12 (62/150),0,202.47998,DST Bills  FLEX Deebo Samuel Sr. QB Brock Purdy RB Jahmyr Gibbs RB Jaylen Warren TE George Kittle WR Garrett Wilson WR Michael Wilson WR Xavier Worthy,,Andrew Beck,RB,0.00%,0
601,5265408520,goblue7985 (64/150),0,202.46,DST Vikings  FLEX Devaughn Vele QB Tyler Shough RB Jahmyr Gibbs RB Jaylen Warren TE Juwan Johnson WR Jaxon Smith-Njigba WR Parker Washington WR Malik Washington,,Anthony Gould,WR,0.00%,0
601,5272645774,jehuffjr (42/150),0,202.45999,DST Colts  FLEX Juwan Johnson QB Tyler Shough RB Jahmyr Gibbs RB Jaylen Warren TE Sam LaPorta WR Jaxon Smith-Njigba WR Garrett Wilson WR Devaughn Vele,,Lan Larison,RB,0.00%,0
603,5271949232,SILVAJ (53/150),0,202.43999,DST Texans  FLEX George Kittle QB Geno Smith RB Jahmyr Gibbs RB Kenneth Walker III TE Sam LaPorta WR Garrett Wilson WR Deebo Samuel Sr. WR Jordan Addison,,Mo Alie-Cox,TE,0.00%,2.6
603,5272281228,longo11 (104/150),0,202.43999,DST Chiefs  FLEX Devaughn Vele QB Geno Smith RB Jahmyr Gibbs RB Kenneth Walker III TE Kenyon Sadiq WR Garrett Wilson WR DJ Moore WR Michael Wilson,,Michael Burton,RB,0.00%,0
605,5270298240,breid777 (82/150),0,202.42,DST Raiders  FLEX Jaylen Warren QB Sam Darnold RB Derrick Henry RB Kenneth Walker III TE AJ Barner WR Jaxon Smith-Njigba WR Garrett Wilson WR Ted Hurst III,,Efton Chism III,WR,0.00%,1.74
605,5271616708,sirdodger (32/52),0,202.41998,DST Titans  FLEX Juwan Johnson QB Sam Darnold RB Jahmyr Gibbs RB Jaylen Warren TE Kenyon Sadiq WR Jaxon Smith-Njigba WR Justin Jefferson WR Rashid Shaheed,,Kaytron Allen,FLEX,0.00%,0
605,5271677782,kylehaeussler (27/150),0,202.41998,DST Steelers  FLEX Terry McLaurin QB Sam Darnold RB Jahmyr Gibbs RB Jaylen Warren TE Cade Otton WR Jaxon Smith-Njigba WR Garrett Wilson WR Rashid Shaheed,,Jordan Mason,RB,0.00%,0
608,5266150915,Faithful13 (18/150),0,202.4,DST Titans  FLEX Juwan Johnson QB Tyler Shough RB Jahmyr Gibbs RB Jaylen Warren TE Travis Kelce WR Chris Olave WR Garrett Wilson WR Parker Washington,,Gavin Bartholomew,FLEX,0.00%,0
608,5266172462,PopFlyBoy (15/150),0,202.4,DST Titans  FLEX Juwan Johnson QB Tyler Shough RB Jahmyr Gibbs RB Jaylen Warren TE Travis Kelce WR Chris Olave WR Garrett Wilson WR Parker Washington,,Devin Duvernay,WR,0.00%,0
608,5266492108,mdunning33 (4/150),0,202.4,DST Titans  FLEX Juwan Johnson QB Tyler Shough RB Jahmyr Gibbs RB Jaylen Warren TE Travis Kelce WR Chris Olave WR Garrett Wilson WR Parker Washington,,Eric Saubert,FLEX,0.00%,8.3
608,5267045703,brandon841 (3/150),0,202.4,DST Titans  FLEX Juwan Johnson QB Tyler Shough RB Jahmyr Gibbs RB Jaylen Warren TE Travis Kelce WR Chris Olave WR Garrett Wilson WR Parker Washington,,Payne Durham,TE,0.00%,0
608,5267045723,brandon841 (23/150),0,202.40001,DST Titans  FLEX Kenyon Sadiq QB Geno Smith RB Jahmyr Gibbs RB Ashton Jeanty TE Dalton Schultz WR Jaxon Smith-Njigba WR Garrett Wilson WR Malik Washington,,Colson Yankoff,FLEX,0.00%,1.2
608,5267447899,69Jordan (5/50),0,202.4,DST Titans  FLEX Juwan Johnson QB Tyler Shough RB Jahmyr Gibbs RB Jaylen Warren TE Travis Kelce WR Chris Olave WR Garrett Wilson WR Parker Washington,,Noah Whittington,FLEX,0.00%,0
608,5267572313,BrokenNoser32 (98/150),0,202.40001,DST Bengals  FLEX Juwan Johnson QB Tyler Shough RB Jahmyr Gibbs RB Derrick Henry TE Harold Fannin Jr. WR Chris Olave WR Garrett Wilson WR Xavier Hutchinson,,Kevin Austin Jr.,FLEX,0.00%,0
608,5268955608,Richard1020 (48/150),0,202.4,DST Titans  FLEX Juwan Johnson QB Tyler Shough RB Jahmyr Gibbs RB Jaylen Warren TE Travis Kelce WR Chris Olave WR Garrett Wilson WR Parker Washington,,British Brooks,FLEX,0.00%,0
608,5268964585,supermanb8 (94/150),0,202.4,DST Titans  FLEX Juwan Johnson QB Tyler Shough RB Jahmyr Gibbs RB Jaylen Warren TE Travis Kelce WR Chris Olave WR Garrett Wilson WR Parker Washington,,Jaxson Dart,QB,0.00%,0
608,5268971902,Sport87 (29/150),0,202.4,DST Titans  FLEX Juwan Johnson QB Tyler Shough RB Jahmyr Gibbs RB Jaylen Warren TE Travis Kelce WR Chris Olave WR Garrett Wilson WR Parker Washington,,Caleb Douglas,FLEX,0.00%,0
608,5269062553,Truth-101 (11/20),0,202.4,DST Titans  FLEX Juwan Johnson QB Tyler Shough RB Jahmyr Gibbs RB Jaylen Warren TE Travis Kelce WR Chris Olave WR Garrett Wilson WR Parker Washington,,Seth McGowan,FLEX,0.00%,1.4
608,5269296176,Tiesto228 (10/150),0,202.4,DST Titans  FLEX Juwan Johnson QB Tyler Shough RB Jahmyr Gibbs RB Jaylen Warren TE Travis Kelce WR Chris Olave WR Garrett Wilson WR Parker Washington,,Hunter Long,TE,0.00%,1.5
608,5269664903,endlesshoux (26/150),0,202.4,DST Titans  FLEX Juwan Johnson QB Tyler Shough RB Jahmyr Gibbs RB Jaylen Warren TE Travis Kelce WR Chris Olave WR Garrett Wilson WR Parker Washington,,Tank Dell,WR,0.00%,0
608,5269741595,Parkerrr26 (20/150),0,202.4,DST Titans  FLEX Juwan Johnson QB Tyler Shough RB Jahmyr Gibbs RB Jaylen Warren TE Travis Kelce WR Chris Olave WR Garrett Wilson WR Parker Washington,,Ben Skowronek,FLEX,0.00%,9.3
608,5269940717,Budzapper253 (21/150),0,202.40001,DST Titans  FLEX Oronde Gadsden II QB Geno Smith RB Jahmyr Gibbs RB Kenneth Walker III TE Kenyon Sadiq WR Jaxon Smith-Njigba WR Garrett Wilson WR Denzel Boston,,Julius Chestnut,RB,0.00%,0
608,5270378843,vrs815 (2/150),0,202.4,DST Titans  FLEX Juwan Johnson QB Tyler Shough RB Jahmyr Gibbs RB Jaylen Warren TE Travis Kelce WR Chris Olave WR Garrett Wilson WR Parker Washington,,Cameron Latu,FLEX,0.00%,0
608,5270718927,fivehorizons (18/150),0,202.4,DST Titans  FLEX Juwan Johnson QB Tyler Shough RB Jahmyr Gibbs RB Jaylen Warren TE Travis Kelce WR Chris Olave WR Garrett Wilson WR Parker Washington,,Seydou Traore,FLEX,0.00%,0
608,5271065197,Pupp3511 (33/150),0,202.4,DST Titans  FLEX Juwan Johnson QB Tyler Shough RB Jahmyr Gibbs RB Jaylen Warren TE Travis Kelce WR Chris Olave WR Garrett Wilson WR Parker Washington,,Trey Palmer,WR,0.00%,0
608,5271122945,dutchmastah07 (87/100),0,202.4,DST Titans  FLEX Juwan Johnson QB Tyler Shough RB Jahmyr Gibbs RB Jaylen Warren TE Travis Kelce WR Chris Olave WR Garrett Wilson WR Parker Washington,,Jake Tonges,TE,0.00%,0
608,5271271045,Mjharks22 (5/150),0,202.4,DST Titans  FLEX Juwan Johnson QB Tyler Shough RB Jahmyr Gibbs RB Jaylen Warren TE Travis Kelce WR Chris Olave WR Garrett Wilson WR Parker Washington,,Tom Kennedy,FLEX,0.00%,0
608,5271310165,xTRISKITx (12/150),0,202.40001,DST Titans  FLEX Kenyon Sadiq QB Geno Smith RB Jahmyr Gibbs RB Kenneth Walker III TE Oronde Gadsden II WR Jaxon Smith-Njigba WR Garrett Wilson WR Denzel Boston,,Malachi Corley,WR,0.00%,-1
608,5271497511,OrangeCowboyFan44 (13/150),0,202.4,DST Titans  FLEX Juwan Johnson QB Tyler Shough RB Jahmyr Gibbs RB Jaylen Warren TE Travis Kelce WR Chris Olave WR Garrett Wilson WR Parker Washington,,Tyler Johnson,FLEX,0.00%,0
608,5271811945,WOW318 (89/150),0,202.4,DST Titans  FLEX Juwan Johnson QB Tyler Shough RB Jahmyr Gibbs RB Jaylen Warren TE Travis Kelce WR Chris Olave WR Garrett Wilson WR Parker Washington,,Treylon Burks,WR,0.00%,9.3
608,5271821173,SteelBowl7 (74/150),0,202.4,DST Titans  FLEX Juwan Johnson QB Tyler Shough RB Jahmyr Gibbs RB Jaylen Warren TE Travis Kelce WR Chris Olave WR Garrett Wilson WR Parker Washington,,Ja'Kobi Lane,WR,0.00%,0
608,5271940377,BeatusMeatus (22/150),0,202.4,DST Titans  FLEX Juwan Johnson QB Tyler Shough RB Jahmyr Gibbs RB Jaylen Warren TE Travis Kelce WR Chris Olave WR Garrett Wilson WR Parker Washington,,Tai Felton,FLEX,0.00%,0
608,5272129092,AbeyBaby88 (131/150),0,202.4,DST Titans  FLEX Juwan Johnson QB Tyler Shough RB Jahmyr Gibbs RB Jaylen Warren TE Travis Kelce WR Chris Olave WR Garrett Wilson WR Parker Washington,,Jamaal Pritchett,FLEX,0.00%,0
608,5272329962,Tbaumie300 (44/150),0,202.4,DST Titans  FLEX Juwan Johnson QB Tyler Shough RB Jahmyr Gibbs RB Jaylen Warren TE Travis Kelce WR Chris Olave WR Garrett Wilson WR Parker Washington,,Drew Ogletree,TE,0.00%,0
608,5272593839,mpntdosi (17/150),0,202.4,DST Titans  FLEX Juwan Johnson QB Tyler Shough RB Jahmyr Gibbs RB Jaylen Warren TE Travis Kelce WR Chris Olave WR Garrett Wilson WR Parker Washington,,Alec Ingold,FLEX,0.00%,6.5
608,5272844951,DannyBoi24 (98/150),0,202.40001,DST Bengals  FLEX Juwan Johnson QB Tyler Shough RB Jahmyr Gibbs RB Derrick Henry TE Harold Fannin Jr. WR Chris Olave WR Garrett Wilson WR Xavier Hutchinson,,Jonathan Mingo,FLEX,0.00%,0
637,5269026456,cpworld90 (51/150),0,202.34001,DST Ravens  FLEX Jaylen Warren QB Geno Smith RB Jahmyr Gibbs RB Kenneth Walker III TE Kenyon Sadiq WR Chris Olave WR Garrett Wilson WR Isaiah Williams,,Robert Tonyan,TE,0.00%,1.2
637,5270663357,bhodgman (5/150),0,202.34,DST Raiders  FLEX Mark Andrews QB Geno Smith RB Jahmyr Gibbs RB Christian McCaffrey TE George Kittle WR Garrett Wilson WR Tee Higgins WR Roman Wilson,,David Njoku,FLEX,0.00%,0
637,5271792941,the803goat (13/150),0,202.34,DST Titans  FLEX George Kittle QB Brock Purdy RB Kenneth Walker III RB Jaylen Warren TE Kenyon Sadiq WR Jaxon Smith-Njigba WR DJ Moore WR Deebo Samuel Sr.,,Brayden Willis,FLEX,0.00%,0
637,5272024351,yold6 (121/150),0,202.34001,DST Buccaneers  FLEX Jahmyr Gibbs QB Geno Smith RB James Cook III RB Jaylen Warren TE Kenyon Sadiq WR Garrett Wilson WR Ladd McConkey WR DK Metcalf,,Dareke Young,WR,0.00%,0
641,5266167004,reboteking (12/150),0,202.3,DST Panthers  FLEX Kenyon Sadiq QB Geno Smith RB Jahmyr Gibbs RB Chuba Hubbard TE George Kittle WR Jaxon Smith-Njigba WR Josh Downs WR Denzel Boston,,Myles Price,FLEX,0.00%,6
641,5266253511,jstout2014 (103/150),0,202.3,DST Vikings  FLEX Dalton Schultz QB Tyler Shough RB Jahmyr Gibbs RB Derrick Henry TE Kenyon Sadiq WR Garrett Wilson WR Parker Washington WR Jordan Addison,,Connor Heyward,FLEX,0.00%,0
641,5269750291,vLETHAL (2/8),0,202.3,DST Vikings  FLEX Tre Tucker QB Geno Smith RB Jahmyr Gibbs RB James Cook III TE Gunnar Helm WR Jaxon Smith-Njigba WR Garrett Wilson WR Chris Bell,,Max Bredeson,FLEX,0.00%,0
644,5270967826,maxpeers5 (125/150),0,202.27998,DST Raiders  FLEX Mark Andrews QB Brock Purdy RB Jahmyr Gibbs RB Chuba Hubbard TE George Kittle WR Garrett Wilson WR Deebo Samuel Sr. WR Michael Wilson,,Brady Russell,RB,0.00%,3
645,5266859321,jjwells61 (102/150),0,202.26001,DST Giants  FLEX Juwan Johnson QB Tyler Shough RB Jahmyr Gibbs RB Jaylen Warren TE Cade Otton WR Jaxon Smith-Njigba WR Chris Olave WR Xavier Hutchinson,,Jabari Small,FLEX,0.00%,0
646,5271677877,kylehaeussler (122/150),0,202.23999,DST Jaguars  FLEX Derrick Henry QB Geno Smith RB Jahmyr Gibbs RB Kenneth Walker III TE Kenyon Sadiq WR Garrett Wilson WR Devaughn Vele WR Xavier Hutchinson,,Messiah Swinson,TE,0.00%,0
646,5271981719,lenrad80 (10/10),0,202.24,DST Vikings  FLEX Josh Downs QB Geno Smith RB Jahmyr Gibbs RB Tony Pollard TE Kenyon Sadiq WR CeeDee Lamb WR Garrett Wilson WR Denzel Boston,,Tanner Conner,FLEX,0.00%,0
648,5268966265,Mhayek33 (1/150),0,202.2,DST Jaguars  FLEX Juwan Johnson QB Tyler Shough RB Jahmyr Gibbs RB Jaylen Warren TE Travis Kelce WR Chris Olave WR Garrett Wilson WR Jalen Coker,,Garrett Nussmeier,QB,0.00%,0
648,5269214758,bramwell2010 (38/150),0,202.2,DST Titans  FLEX Travis Kelce QB Tyler Shough RB Jahmyr Gibbs RB Jaylen Warren TE Kenyon Sadiq WR Chris Olave WR Garrett Wilson WR Ladd McConkey,,LeQuint Allen Jr.,RB,0.00%,2.9
648,5270378879,vrs815 (38/150),0,202.2,DST Jaguars  FLEX Juwan Johnson QB Tyler Shough RB Jahmyr Gibbs RB Jaylen Warren TE Travis Kelce WR Chris Olave WR Garrett Wilson WR Jalen Coker,,Justin Joly,TE,0.00%,0
648,5272350715,kjcoleman22 (5/6),0,202.2,DST Titans  FLEX Khalil Shakir QB Geno Smith RB Jahmyr Gibbs RB Jaylen Warren TE Kenyon Sadiq WR Jaxon Smith-Njigba WR Garrett Wilson WR Xavier Worthy,,Brycen Tremayne,FLEX,0.00%,12.3
652,5271302278,SaltTruck2 (127/150),0,202.18,DST Titans  FLEX Kenyon Sadiq QB Brock Purdy RB Christian McCaffrey RB James Cook III TE George Kittle WR Garrett Wilson WR Ladd McConkey WR Michael Wilson,,DJ Herman,FLEX,0.00%,0
653,5270134839,TwoHearted (44/150),0,202.12001,DST Commanders  FLEX Juwan Johnson QB Sam Darnold RB Jahmyr Gibbs RB Kenneth Walker III TE George Kittle WR Jaxon Smith-Njigba WR Jalen Coker WR Isaiah Williams,,Ollie Gordon II,FLEX,0.00%,14.5
653,5271311327,ndizzle77 (71/150),0,202.12,DST Titans  FLEX Garrett Wilson QB Sam Darnold RB Jahmyr Gibbs RB Breece Hall TE Kenyon Sadiq WR Jaxon Smith-Njigba WR Devaughn Vele WR Malik Washington,,Demarcus Robinson,FLEX,0.00%,0
655,5265350179,Tuomi1 (143/150),0,202.1,DST Jaguars  FLEX Chris Olave QB Tyler Shough RB Jahmyr Gibbs RB Bhayshul Tuten TE Juwan Johnson WR Garrett Wilson WR Ladd McConkey WR Tre' Harris,,Jalen Milroe,QB,0.00%,0
655,5266872324,100rings (23/150),0,202.1,DST Titans  FLEX Jahmyr Gibbs QB Tyler Shough RB Kenneth Walker III RB Jaylen Warren TE Kenyon Sadiq WR Chris Olave WR Garrett Wilson WR Isaiah Williams,,Joe Flacco,QB,0.00%,0
655,5271170814,Cookoo (138/150),0,202.1,DST Jaguars  FLEX Juwan Johnson QB Tyler Shough RB Jahmyr Gibbs RB James Cook III TE Trey McBride WR Garrett Wilson WR Rashod Bateman WR Keenan Allen,,Gary Jennings,WR,0.00%,0
655,5272151854,luckie1710 (31/36),0,202.1,DST Jaguars  FLEX Jaylen Warren QB Tyler Shough RB Jahmyr Gibbs RB Kenneth Walker III TE Juwan Johnson WR Garrett Wilson WR DK Metcalf WR Devaughn Vele,,Eric Gray,RB,0.00%,0
655,5272884558,Billythekid1701 (146/150),0,202.09999,DST Titans  FLEX Jaylen Warren QB Tyler Shough RB Jahmyr Gibbs RB Kenneth Walker III TE Kenyon Sadiq WR Chris Olave WR Michael Wilson WR Devaughn Vele,,Ko Kieft,FLEX,0.00%,0
660,5271219987,EmceeDusty44 (125/150),0,202.07999,DST Giants  FLEX George Kittle QB Brock Purdy RB Jahmyr Gibbs RB Jaylen Warren TE Kenyon Sadiq WR Chris Olave WR Deebo Samuel Sr. WR Marvin Harrison Jr.,,Tanner Hudson,FLEX,0.00%,3.3
661,5266129530,jfasch (70/150),0,202.05998,DST Titans  FLEX Juwan Johnson QB Tyler Shough RB Jahmyr Gibbs RB Derrick Henry TE Kenyon Sadiq WR Jaxon Smith-Njigba WR Jameson Williams WR Devaughn Vele,,Al-Jay Henderson,RB,0.00%,0
662,5270338451,mzebbie (7/20),0,202.04,DST Titans  FLEX Kenyon Sadiq QB Geno Smith RB Jahmyr Gibbs RB Jaylen Warren TE Dalton Schultz WR Ja'Marr Chase WR Garrett Wilson WR Parker Washington,,Alec Pierce,FLEX,0.00%,0
663,5267145739,Szentiger (99/150),0,202.01999,DST Jaguars  FLEX George Kittle QB Sam Darnold RB Kenneth Walker III RB Bhayshul Tuten TE AJ Barner WR Jaxon Smith-Njigba WR Garrett Wilson WR Jameson Williams,,Braxton Berrios,FLEX,0.00%,0
664,5270809828,ReturnOfTheMack14 (2/150),0,202.00002,DST Buccaneers  FLEX Kenyon Sadiq QB Geno Smith RB Jahmyr Gibbs RB Derrick Henry TE Dalton Schultz WR Jaxon Smith-Njigba WR Garrett Wilson WR Isaiah Williams,,Jacardia Wright,RB,0.00%,0
664,5271314307,the_Dean221 (27/150),0,202,DST Jets  FLEX Kenneth Walker III QB Geno Smith RB James Cook III RB Jaylen Warren TE Kenyon Sadiq WR Jaxon Smith-Njigba WR Garrett Wilson WR Denzel Boston,,Jaret Patterson,RB,0.00%,0
664,5271317132,the_Dean221 (90/150),0,202,DST Jets  FLEX Kenneth Walker III QB Geno Smith RB James Cook III RB Jaylen Warren TE Kenyon Sadiq WR Jaxon Smith-Njigba WR Garrett Wilson WR Denzel Boston,,Luke Basso,TE,0.00%,0
664,5271396392,jskelly (58/150),0,202,DST Titans  FLEX Juwan Johnson QB Tyler Shough RB Jahmyr Gibbs RB Jaylen Warren TE Travis Kelce WR CeeDee Lamb WR Garrett Wilson WR DK Metcalf,,Mo Alie-Cox,FLEX,0.00%,2.6
664,5272303409,thatkiddoug (122/150),0,202.00002,DST Steelers  FLEX Dalton Schultz QB Geno Smith RB Jahmyr Gibbs RB Derrick Henry TE Kenyon Sadiq WR Jaxon Smith-Njigba WR Garrett Wilson WR Isaiah Williams,,Nico Collins,FLEX,0.00%,0
664,5272445346,warrior133 (7/7),0,202,DST Titans  FLEX Juwan Johnson QB Tyler Shough RB Jahmyr Gibbs RB Kenneth Walker III TE George Kittle WR Chris Olave WR Garrett Wilson WR Jalen Nailor,,Evan Svoboda,FLEX,0.00%,0
670,5270845337,Schilly23 (28/150),0,201.98,DST Buccaneers  FLEX George Kittle QB Brock Purdy RB Jahmyr Gibbs RB Chuba Hubbard TE Trey McBride WR Garrett Wilson WR Michael Wilson WR Ted Hurst III,,Jalen Moreno-Cropper,WR,0.00%,0
671,5267017574,rzaroch36 (37/65),0,201.94,DST Bengals  FLEX James Cook III QB Geno Smith RB Jahmyr Gibbs RB Jeremiyah Love TE Kenyon Sadiq WR Garrett Wilson WR Ladd McConkey WR Deebo Samuel Sr.,,Luke McCaffrey,WR,0.00%,0
671,5270615768,sbcousle (143/150),0,201.93999,DST Jaguars  FLEX Kenyon Sadiq QB Geno Smith RB Jahmyr Gibbs RB Jaylen Warren TE Travis Kelce WR Amon-Ra St. Brown WR Garrett Wilson WR Jameson Williams,,Trayvon Rudolph,WR,0.00%,0
671,5271675633,gojaysgo12 (7/14),0,201.94,DST Browns  FLEX Quinshon Judkins QB Geno Smith RB Jahmyr Gibbs RB Jaylen Warren TE Kenyon Sadiq WR Chris Olave WR Garrett Wilson WR DK Metcalf,,Dillon Gabriel,QB,0.00%,0
674,5271492340,ajimithing (149/150),0,201.9,DST Jaguars  FLEX Tre Tucker QB Tyler Shough RB Jahmyr Gibbs RB Jaylen Warren TE Kenyon Sadiq WR Chris Olave WR Garrett Wilson WR Devaughn Vele,,Xavier Legette,FLEX,0.00%,0
674,5272079154,Cody2191 (44/150),0,201.9,DST Titans  FLEX Juwan Johnson QB Tyler Shough RB Jahmyr Gibbs RB Jaylen Warren TE Mark Andrews WR Chris Olave WR Garrett Wilson WR Tee Higgins,,Ronnie Bell,WR,0.00%,0
676,5270399137,UIGEA (22/150),0,201.88,DST Vikings  FLEX Juwan Johnson QB Joe Burrow RB Jahmyr Gibbs RB Chuba Hubbard TE Harold Fannin Jr. WR Ja'Marr Chase WR Tee Higgins WR Chris Bell,,Brenden Bates,TE,0.00%,0
677,5271350447,dgtidwell33 (32/150),0,201.86,DST Browns  FLEX Juwan Johnson QB Tyler Shough RB Jahmyr Gibbs RB Jaylen Warren TE Dalton Schultz WR Jaxon Smith-Njigba WR Garrett Wilson WR Rashod Bateman,,Zamir White,FLEX,0.00%,0
678,5266093070,RjIII21 (26/40),0,201.83998,DST Titans  FLEX James Cook III QB Geno Smith RB Jahmyr Gibbs RB Jaylen Warren TE Mark Andrews WR Garrett Wilson WR Deebo Samuel Sr. WR Michael Wilson,,Gary Jennings,FLEX,0.00%,0
678,5269050802,Bougie10 (49/150),0,201.84001,DST Titans  FLEX CeeDee Lamb QB Geno Smith RB Jahmyr Gibbs RB James Cook III TE Kenyon Sadiq WR Garrett Wilson WR DK Metcalf WR Xavier Hutchinson,,Brashard Smith,FLEX,0.00%,1.4
678,5269205791,DaSnipers (6/70),0,201.84,DST Titans  FLEX Michael Wilson QB Geno Smith RB Jahmyr Gibbs RB Christian McCaffrey TE Kenyon Sadiq WR Garrett Wilson WR Josh Downs WR Quentin Johnston,,Kenny Fletcher Jr.,TE,0.00%,0
681,5271811952,WOW318 (96/150),0,201.8,DST Browns  FLEX CeeDee Lamb QB Geno Smith RB Kenneth Walker III RB Jaylen Warren TE Kenyon Sadiq WR Jaxon Smith-Njigba WR Garrett Wilson WR Isaiah Williams,,Myles Montgomery,RB,0.00%,0
681,5272029647,ZLewy (132/150),0,201.8,DST Vikings  FLEX Harold Fannin Jr. QB Tyler Shough RB Jahmyr Gibbs RB Christian McCaffrey TE George Kittle WR Garrett Wilson WR Denzel Boston WR Devaughn Vele,,Grant Finley,FLEX,0.00%,0
683,5267782962,SpeedRacer101 (108/150),0,201.77998,DST Steelers  FLEX George Kittle QB Brock Purdy RB Jahmyr Gibbs RB Jeremiyah Love TE Travis Kelce WR Garrett Wilson WR Parker Washington WR Jakobi Meyers,,Skyler Bell,FLEX,0.00%,0
684,5267694196,acdrake2337 (22/79),0,201.74,DST Texans  FLEX Jeremiyah Love QB Geno Smith RB Jahmyr Gibbs RB Kenneth Walker III TE Kenyon Sadiq WR Garrett Wilson WR Parker Washington WR Devaughn Vele,,Kameron Johnson,FLEX,0.00%,0
684,5269971841,chase2kill (56/150),0,201.74,DST Vikings  FLEX Jeremiyah Love QB Geno Smith RB Jahmyr Gibbs RB James Cook III TE George Kittle WR Garrett Wilson WR DK Metcalf WR Adonai Mitchell,,Montorie Foster Jr.,WR,0.00%,0
684,5272726249,jjfmumusc (28/150),0,201.73999,DST Titans  FLEX Dalton Schultz QB Geno Smith RB Jahmyr Gibbs RB Jaylen Warren TE Kenyon Sadiq WR Ja'Marr Chase WR Garrett Wilson WR Josh Downs,,Gavin Bartholomew,TE,0.00%,0
687,5271733304,KingdomJax (115/150),0,201.71999,DST Browns  FLEX AJ Barner QB Sam Darnold RB Jahmyr Gibbs RB Jaylen Warren TE Dalton Schultz WR Jaxon Smith-Njigba WR Garrett Wilson WR DK Metcalf,,Efton Chism III,FLEX,0.00%,1.74
687,5272764815,tcs26 (47/121),0,201.71999,DST Titans  FLEX AJ Barner QB Sam Darnold RB Jahmyr Gibbs RB Chuba Hubbard TE Dalton Schultz WR Jaxon Smith-Njigba WR Garrett Wilson WR Terry McLaurin,,Seydou Traore,TE,0.00%,0
689,5271526946,tranche (1/3),0,201.64,DST Titans  FLEX Jaylen Warren QB Geno Smith RB Jahmyr Gibbs RB Kenneth Walker III TE Kenyon Sadiq WR George Pickens WR Garrett Wilson WR Devaughn Vele,,Treylon Burks,FLEX,0.00%,9.3
689,5271682916,ilovethakush (36/150),0,201.64001,DST Raiders  FLEX Jahmyr Gibbs QB Geno Smith RB Derrick Henry RB Breece Hall TE George Kittle WR Garrett Wilson WR Keenan Allen WR Tre' Harris,,Tylan Wallace,FLEX,0.00%,0
689,5271772840,goners (36/42),0,201.64,DST Bengals  FLEX Christian McCaffrey QB Geno Smith RB Jahmyr Gibbs RB Chuba Hubbard TE Kenyon Sadiq WR Garrett Wilson WR Michael Wilson WR Xavier Hutchinson,,Ben VanSumeren,RB,0.00%,0
692,5271520752,niquisition (82/150),0,201.62,DST Titans  FLEX Devaughn Vele QB Sam Darnold RB Jahmyr Gibbs RB Derrick Henry TE Mike Gesicki WR Jaxon Smith-Njigba WR Garrett Wilson WR Ted Hurst III,,Chris Manhertz,FLEX,0.00%,0
693,5269210534,thegreenguy1 (21/150),0,201.6,DST Steelers  FLEX Pat Freiermuth QB Geno Smith RB Jahmyr Gibbs RB Kenneth Walker III TE Kenyon Sadiq WR Jaxon Smith-Njigba WR Garrett Wilson WR Ryan Flournoy,,Jordan James,FLEX,0.00%,0
694,5269429978,SIVASAI320768 (28/150),0,201.54001,DST Chargers  FLEX Jaylen Warren QB Geno Smith RB Jahmyr Gibbs RB Kenneth Walker III TE Kenyon Sadiq WR Amon-Ra St. Brown WR Garrett Wilson WR Isaiah Williams,,Anthony Gould,FLEX,0.00%,0
694,5269653087,Gootse28 (121/150),0,201.54001,DST Raiders  FLEX Jahmyr Gibbs QB Geno Smith RB Chuba Hubbard RB Jaylen Warren TE Kenyon Sadiq WR Garrett Wilson WR Ladd McConkey WR DJ Moore,,Riley Nowakowski,FLEX,0.00%,0
694,5269809442,peltifreeze89 (55/150),0,201.54001,DST Chargers  FLEX Jaylen Warren QB Geno Smith RB Jahmyr Gibbs RB Kenneth Walker III TE Kenyon Sadiq WR Amon-Ra St. Brown WR Garrett Wilson WR Isaiah Williams,,Keleki Latu,FLEX,0.00%,0
694,5271281158,salatso22 (78/80),0,201.54001,DST Chargers  FLEX Jaylen Warren QB Geno Smith RB Jahmyr Gibbs RB Kenneth Walker III TE Kenyon Sadiq WR Amon-Ra St. Brown WR Garrett Wilson WR Isaiah Williams,,Ke'Shawn Williams,FLEX,0.00%,-1
694,5271421950,KBader0101 (122/150),0,201.54001,DST Chargers  FLEX Jaylen Warren QB Geno Smith RB Jahmyr Gibbs RB Kenneth Walker III TE Kenyon Sadiq WR Amon-Ra St. Brown WR Garrett Wilson WR Isaiah Williams,,Spencer Rattler,QB,0.00%,0
699,5265441040,dbarnes34 (2/8),0,201.50002,DST Saints  FLEX Kenyon Sadiq QB Geno Smith RB Jahmyr Gibbs RB James Cook III TE Oronde Gadsden II WR Jaxon Smith-Njigba WR Garrett Wilson WR Malik Washington,,Corey Kiner,RB,0.00%,3.7
699,5265517806,duplerc (76/150),0,201.50002,DST Titans  FLEX Derrick Henry QB Geno Smith RB Kenneth Walker III RB Jaylen Warren TE Kenyon Sadiq WR Jaxon Smith-Njigba WR Garrett Wilson WR Isaiah Williams,,Brady Russell,FLEX,0.00%,3
699,5271506282,lche420 (75/150),0,201.49998,DST Titans  FLEX George Kittle QB Jacoby Brissett RB Jahmyr Gibbs RB Jaylen Warren TE Travis Kelce WR Chris Olave WR George Pickens WR Michael Wilson,,Ty Chandler,RB,0.00%,0
702,5271691687,infam0u5p (28/130),0,201.45999,DST Steelers  FLEX Juwan Johnson QB Tyler Shough RB Jahmyr Gibbs RB Jaylen Warren TE Mark Andrews WR Jaxon Smith-Njigba WR Garrett Wilson WR Devaughn Vele,,Audric Estime,RB,0.00%,0
702,5271767157,Profreshional10 (55/150),0,201.45999,DST Steelers  FLEX Mark Andrews QB Tyler Shough RB Jahmyr Gibbs RB Jaylen Warren TE Juwan Johnson WR Jaxon Smith-Njigba WR Garrett Wilson WR Devaughn Vele,,Kylen Granson,TE,0.00%,0
704,5267013102,AverageTuesday (147/150),0,201.44,DST Chiefs  FLEX Jake Ferguson QB Geno Smith RB Jahmyr Gibbs RB Jaylen Warren TE Kenyon Sadiq WR Amon-Ra St. Brown WR Garrett Wilson WR Jordan Addison,,Patrick Ricard,RB,0.00%,0
704,5271463250,willymoneymaker (11/20),0,201.44002,DST Vikings  FLEX Jaylen Warren QB Geno Smith RB Jahmyr Gibbs RB Kenneth Walker III TE Kenyon Sadiq WR Garrett Wilson WR Jalen Coker WR Denzel Boston,,Cade Stover,TE,0.00%,0
704,5271949111,kevinroach (128/150),0,201.44,DST Panthers  FLEX Juwan Johnson QB Geno Smith RB Derrick Henry RB Kenneth Walker III TE Kenyon Sadiq WR Chris Olave WR Garrett Wilson WR Tee Higgins,,Simi Fehoko,WR,0.00%,0
704,5272814500,bmeza44 (122/150),0,201.44,DST Titans  FLEX George Kittle QB Brock Purdy RB Jahmyr Gibbs RB Jaylen Warren TE AJ Barner WR Jaxon Smith-Njigba WR Ladd McConkey WR Malik Washington,,Treyton Welch,FLEX,0.00%,0
708,5270311123,jakearver (60/83),0,201.42001,DST Vikings  FLEX Foster Moreau QB Deshaun Watson RB Jahmyr Gibbs RB Kenneth Walker III TE Kenyon Sadiq WR Jaxon Smith-Njigba WR Ja'Marr Chase WR Isaiah Williams,,Jaylin Lane,FLEX,0.00%,3.1
708,5272582115,ScreaminPony1 (112/150),0,201.42001,DST Chargers  FLEX Brock Bowers QB Kirk Cousins RB Jahmyr Gibbs RB Ashton Jeanty TE Juwan Johnson WR Chris Olave WR Garrett Wilson WR Tyquan Thornton,,David Martin-Robinson,TE,0.00%,0
710,5266150936,Faithful13 (39/150),0,201.40001,DST Titans  FLEX Jaylen Warren QB Geno Smith RB Jahmyr Gibbs RB De'Von Achane TE Kenyon Sadiq WR Jaxon Smith-Njigba WR Garrett Wilson WR Isaiah Williams,,Jerome Ford,RB,0.00%,0
710,5266151721,Hunchdrunk (111/150),0,201.40001,DST Titans  FLEX Jaylen Warren QB Geno Smith RB Jahmyr Gibbs RB De'Von Achane TE Kenyon Sadiq WR Jaxon Smith-Njigba WR Garrett Wilson WR Isaiah Williams,,J'Mari Taylor,RB,0.00%,0
710,5267045718,brandon841 (18/150),0,201.40001,DST Titans  FLEX Jaylen Warren QB Geno Smith RB Jahmyr Gibbs RB De'Von Achane TE Kenyon Sadiq WR Jaxon Smith-Njigba WR Garrett Wilson WR Isaiah Williams,,Jack Stoll,TE,0.00%,0
710,5268081513,jay2tharoc (9/150),0,201.40001,DST Titans  FLEX Jaylen Warren QB Geno Smith RB Jahmyr Gibbs RB De'Von Achane TE Kenyon Sadiq WR Jaxon Smith-Njigba WR Garrett Wilson WR Isaiah Williams,,Trey Lance,QB,0.00%,0
710,5269071347,MD416 (48/150),0,201.40001,DST Titans  FLEX Jaylen Warren QB Geno Smith RB Jahmyr Gibbs RB De'Von Achane TE Kenyon Sadiq WR Jaxon Smith-Njigba WR Garrett Wilson WR Isaiah Williams,,Rico Dowdle,FLEX,0.00%,0
710,5269670121,Celticsnc (98/150),0,201.4,DST Raiders  FLEX Cade Otton QB Geno Smith RB Jahmyr Gibbs RB Jaylen Warren TE Travis Kelce WR Jaxon Smith-Njigba WR Garrett Wilson WR Jalen Coker,,Dylan Sampson,RB,0.00%,0
710,5270666766,ChimpShot (30/150),0,201.4,DST Steelers  FLEX Kenyon Sadiq QB Geno Smith RB Kenneth Walker III RB Jaylen Warren TE Travis Kelce WR Jaxon Smith-Njigba WR Garrett Wilson WR Parker Washington,,Omar Cooper Jr.,WR,0.00%,0
710,5270968179,mries14 (41/150),0,201.40001,DST Titans  FLEX Xavier Worthy QB Geno Smith RB Jahmyr Gibbs RB Kenneth Walker III TE Kenyon Sadiq WR Jaxon Smith-Njigba WR Garrett Wilson WR Isaiah Williams,,Chig Okonkwo,TE,0.00%,0
710,5271348074,BrandonB55 (103/150),0,201.40002,DST Bengals  FLEX Jaxon Smith-Njigba QB Geno Smith RB Jahmyr Gibbs RB James Cook III TE Juwan Johnson WR Garrett Wilson WR Denzel Boston WR Isaiah Williams,,Andrei Iosivas,WR,0.00%,0
710,5271643823,visionary31 (22/150),0,201.4,DST Chargers  FLEX Ashton Jeanty QB Jacoby Brissett RB Jahmyr Gibbs RB Kenneth Walker III TE Juwan Johnson WR Garrett Wilson WR Michael Wilson WR Devaughn Vele,,Jonathon Brooks,RB,0.00%,0
710,5271810889,Velllo (96/150),0,201.40001,DST Titans  FLEX Jaylen Warren QB Geno Smith RB Jahmyr Gibbs RB De'Von Achane TE Kenyon Sadiq WR Jaxon Smith-Njigba WR Garrett Wilson WR Isaiah Williams,,Deion Burks,FLEX,0.00%,0
710,5272090530,dmoney2211 (1/150),0,201.40001,DST Titans  FLEX Jaylen Warren QB Geno Smith RB Jahmyr Gibbs RB De'Von Achane TE Kenyon Sadiq WR Jaxon Smith-Njigba WR Garrett Wilson WR Isaiah Williams,,Tanner Koziol,TE,0.00%,0
710,5272129094,AbeyBaby88 (133/150),0,201.40001,DST Titans  FLEX Jaylen Warren QB Geno Smith RB Jahmyr Gibbs RB De'Von Achane TE Kenyon Sadiq WR Jaxon Smith-Njigba WR Garrett Wilson WR Isaiah Williams,,Velus Jones Jr.,RB,0.00%,0
710,5272243236,izzyf10 (25/120),0,201.40001,DST Titans  FLEX Jaylen Warren QB Geno Smith RB Jahmyr Gibbs RB De'Von Achane TE Kenyon Sadiq WR Jaxon Smith-Njigba WR Garrett Wilson WR Isaiah Williams,,Payne Durham,FLEX,0.00%,0
710,5272648629,rzombie44 (50/96),0,201.4,DST Vikings  FLEX Michael Wilson QB Jacoby Brissett RB Jahmyr Gibbs RB James Cook III TE George Kittle WR Garrett Wilson WR Tetairoa McMillan WR Xavier Hutchinson,,Michael Carter,RB,0.00%,0
725,5268901458,steveschloop (43/150),0,201.36,DST Titans  FLEX Juwan Johnson QB Tyler Shough RB Chuba Hubbard RB Jaylen Warren TE Travis Kelce WR Jaxon Smith-Njigba WR Chris Olave WR Garrett Wilson,,Jaylen Wright,RB,0.00%,0
725,5272370643,clags22 (149/150),0,201.36,DST Jaguars  FLEX Juwan Johnson QB Tyler Shough RB Jahmyr Gibbs RB Kenneth Walker III TE Travis Kelce WR Jaxon Smith-Njigba WR Rashod Bateman WR Tre' Harris,,Ja'Tavion Sanders,FLEX,0.00%,0
727,5271767194,Profreshional10 (92/150),0,201.34001,DST Texans  FLEX Trey McBride QB Geno Smith RB Jahmyr Gibbs RB Jaylen Warren TE Kenyon Sadiq WR Garrett Wilson WR Tee Higgins WR Khalil Shakir,,Israel Abanikanda,RB,0.00%,0
728,5271443530,bionicknee (27/150),0,201.32,DST Cowboys  FLEX Harold Fannin Jr. QB Deshaun Watson RB Jahmyr Gibbs RB Jaylen Warren TE AJ Barner WR Jaxon Smith-Njigba WR Garrett Wilson WR Parker Washington,,Julian Hicks,WR,0.00%,0
728,5271553589,cmalas (113/150),0,201.31998,DST Patriots  FLEX Mark Andrews QB Sam Darnold RB Jahmyr Gibbs RB Jaylen Warren TE Juwan Johnson WR Jaxon Smith-Njigba WR Garrett Wilson WR Devaughn Vele,,Jackson Meeks,TE,0.00%,1.8
730,5271298538,Neilcatermole (112/150),0,201.3,DST Vikings  FLEX Jaylen Warren QB Geno Smith RB Jahmyr Gibbs RB Chuba Hubbard TE T.J. Hockenson WR Jaxon Smith-Njigba WR Garrett Wilson WR Isaiah Williams,,Marquez Valdes-Scantling,FLEX,0.00%,0
731,5270676737,TreSuede (45/150),0,201.27998,DST Titans  FLEX T.J. Hockenson QB Brock Purdy RB Jahmyr Gibbs RB Kenneth Walker III TE George Kittle WR Garrett Wilson WR Deebo Samuel Sr. WR Michael Wilson,,Carsen Ryan,FLEX,0.00%,0
731,5271104030,cagea65 (98/150),0,201.27998,DST Titans  FLEX T.J. Hockenson QB Brock Purdy RB Jahmyr Gibbs RB Kenneth Walker III TE George Kittle WR Garrett Wilson WR Deebo Samuel Sr. WR Michael Wilson,,Rasheen Ali,FLEX,0.00%,0
731,5271199793,casey2884 (64/75),0,201.27998,DST Titans  FLEX George Kittle QB Brock Purdy RB Jahmyr Gibbs RB Kenneth Walker III TE T.J. Hockenson WR Garrett Wilson WR Deebo Samuel Sr. WR Michael Wilson,,Casey Washington,WR,0.00%,0
731,5271475055,vizago40 (134/150),0,201.27998,DST Raiders  FLEX Jahmyr Gibbs QB Brock Purdy RB Kenneth Walker III RB Jaylen Warren TE George Kittle WR Deebo Samuel Sr. WR Michael Wilson WR Kendrick Bourne,,Teagan Quitoriano,TE,0.00%,0
735,5269953814,jboy520 (2/3),0,201.26,DST Titans  FLEX George Kittle QB Tyler Shough RB Jahmyr Gibbs RB James Cook III TE Juwan Johnson WR Jaxon Smith-Njigba WR Rashod Bateman WR Denzel Boston,,Robert Henry Jr.,RB,0.00%,0
736,5269888544,trustbaby218 (142/150),0,201.24002,DST Titans  FLEX James Cook III QB Geno Smith RB Jahmyr Gibbs RB Kenneth Walker III TE Kenyon Sadiq WR Garrett Wilson WR Stefon Diggs WR Cooper Kupp,,Thomas Gordon,TE,0.00%,0
737,5266175658,tlynch0 (131/150),0,201.22,DST Titans  FLEX Mark Andrews QB Sam Darnold RB Jahmyr Gibbs RB Bucky Irving TE Juwan Johnson WR Jaxon Smith-Njigba WR Garrett Wilson WR Cooper Kupp,,Athan Kaliakmanis,QB,0.00%,0
737,5267121726,venus44 (40/150),0,201.22002,DST Titans  FLEX Ted Hurst III QB Deshaun Watson RB Jahmyr Gibbs RB Kenneth Walker III TE Harold Fannin Jr. WR Jaxon Smith-Njigba WR Garrett Wilson WR Denzel Boston,,Robert Tonyan,FLEX,0.00%,1.2
737,5271001983,hinson35 (124/150),0,201.22002,DST Titans  FLEX Juwan Johnson QB Deshaun Watson RB Jahmyr Gibbs RB Chuba Hubbard TE Harold Fannin Jr. WR Jaxon Smith-Njigba WR Chris Olave WR Denzel Boston,,Tanner Arkin,TE,0.00%,0