Rank,EntryId,EntryName,TimeRemaining,Points,Lineup,,Player,Roster Position,%Drafted,FPTS
1,5238934593,UsedRugs (11/27),0,265.63995,DST Raiders  FLEX Jahmyr Gibbs QB Bryce Young RB Ashton Jeanty RB D'Andre Swift TE Darren Waller WR Justin Jefferson WR Christian Watson WR Jalen Coker,,Jahmyr Gibbs,RB,40.83%,37.6
2,5244240880,Weseywes (132/150),0,261.97998,DST Raiders  FLEX Ashton Jeanty QB Jordan Love RB Jahmyr Gibbs RB Derrick Henry TE Michael Mayer WR Chris Olave WR Christian Watson WR Jalen Coker,,Ja'Marr Chase,WR,30.74%,3.2
3,5248201353,cashyobe (77/150),0,261.13998,DST Cardinals  FLEX Derrick Henry QB Bryce Young RB Jahmyr Gibbs RB Bijan Robinson TE Darren Waller WR Chris Olave WR Christian Watson WR Jalen Coker,,Chris Olave,WR,22.69%,31.2
4,5253333903,Jflas (71/150),0,259.3,DST Steelers  FLEX David Montgomery QB Trevor Lawrence RB Derrick Henry RB Breece Hall TE Dallas Goedert WR Zay Flowers WR Christian Watson WR Jalen Coker,,Michael Mayer,TE,20.88%,9.2
5,5249327729,NMRsports (100/150),0,259.14,DST Steelers  FLEX Ashton Jeanty QB Bryce Young RB Jonathan Taylor RB D'Andre Swift TE Darren Waller WR Chris Olave WR Christian Watson WR Jalen Coker,,Amon-Ra St. Brown,WR,20.07%,28.7
6,5250517399,currypower (129/150),0,258.43997,DST Steelers  FLEX Ashton Jeanty QB Bryce Young RB Jahmyr Gibbs RB D'Andre Swift TE Juwan Johnson WR Chris Olave WR Garrett Wilson WR Jalen Coker,,Bijan Robinson,RB,17.30%,31.3
7,5228365578,tigolebitties91 (19/80),0,258.09998,DST Jaguars  FLEX D'Andre Swift QB Tyler Shough RB Jahmyr Gibbs RB Bijan Robinson TE Dallas Goedert WR Chris Olave WR Jalen Coker WR Devaughn Vele,,Jaguars ,DST,15.20%,13
8,5251987930,langleyc (78/150),0,255.84,DST Steelers  FLEX Christian Watson QB Bryce Young RB Jahmyr Gibbs RB D'Andre Swift TE Juwan Johnson WR Chris Olave WR Emeka Egbuka WR Jalen Coker,,Jonathan Taylor,RB,14.35%,26.1
9,5228365570,tigolebitties91 (11/80),0,255.5,DST Jaguars  FLEX Jalen Coker QB Tyler Shough RB Jahmyr Gibbs RB D'Andre Swift TE Dallas Goedert WR Amon-Ra St. Brown WR Chris Olave WR Devaughn Vele,,De'Von Achane,RB,13.48%,10.6
10,5248635587,Sacob (2/2),0,254.76,DST Steelers  FLEX Jahmyr Gibbs QB Josh Allen RB D'Andre Swift RB Bucky Irving TE Dallas Goedert WR DJ Moore WR Parker Washington WR Jalen Coker,,Garrett Wilson,WR,13.31%,13.9
11,5235311612,MiggyAdrian22 (1/15),0,253.63998,DST Jaguars  FLEX Jahmyr Gibbs QB Bryce Young RB D'Andre Swift RB Bucky Irving TE Dallas Goedert WR Chris Olave WR Ladd McConkey WR Jalen Coker,,Juwan Johnson,TE,12.71%,14.4
12,5247500793,cashyobe (28/150),0,252.84,DST Jets  FLEX Derrick Henry QB Bryce Young RB Jahmyr Gibbs RB Bijan Robinson TE Michael Mayer WR Chris Olave WR DJ Moore WR Jalen Coker,,Jets ,DST,12.54%,9
13,5228365575,tigolebitties91 (16/80),0,251.7,DST Jaguars  FLEX Derrick Henry QB Tyler Shough RB Jahmyr Gibbs RB Bijan Robinson TE Juwan Johnson WR Chris Olave WR Jalen Coker WR Devaughn Vele,,Saquon Barkley,RB,12.38%,9
13,5228365576,tigolebitties91 (17/80),0,251.7,DST Jaguars  FLEX Zay Flowers QB Tyler Shough RB Jahmyr Gibbs RB Bijan Robinson TE Dallas Goedert WR Chris Olave WR Jalen Coker WR Devaughn Vele,,Zay Flowers,WR,12.37%,29
13,5228368983,tigolebitties91 (23/80),0,251.7,DST Jaguars  FLEX Zay Flowers QB Tyler Shough RB Jahmyr Gibbs RB Bijan Robinson TE Dallas Goedert WR Chris Olave WR Jalen Coker WR Devaughn Vele,,Tre Tucker,WR,12.31%,4.7
13,5251945257,mikemcd810 (118/150),0,251.7,DST Jaguars  FLEX Bijan Robinson QB Tyler Shough RB Jahmyr Gibbs RB Derrick Henry TE Juwan Johnson WR Chris Olave WR Jalen Coker WR Devaughn Vele,,Ladd McConkey,WR,12.03%,19.2
17,5250629760,protectmyhouse22 (13/49),0,251.65999,DST Steelers  FLEX Ashton Jeanty QB Caleb Williams RB Jahmyr Gibbs RB D'Andre Swift TE Michael Mayer WR Chris Olave WR Luther Burden III WR Jalen Coker,,Omarion Hampton,RB,12.00%,9.3
18,5250042691,oclay357 (74/150),0,251.63998,DST Jaguars  FLEX Derrick Henry QB Bryce Young RB Jahmyr Gibbs RB David Montgomery TE Juwan Johnson WR Tetairoa McMillan WR Christian Watson WR Jalen Coker,,Tee Higgins,WR,11.45%,8.9
19,5252808793,ravens68 (34/150),0,250.76,DST Jets  FLEX Devaughn Vele QB Josh Allen RB Jahmyr Gibbs RB D'Andre Swift TE Dalton Kincaid WR Nico Collins WR Chris Olave WR Jalen Coker,,Luther Burden III,WR,11.16%,10.5
20,5250587786,brandonelite350 (38/150),0,250.73999,DST Steelers  FLEX Ladd McConkey QB Bryce Young RB Jahmyr Gibbs RB Derrick Henry TE Dallas Goedert WR Chris Olave WR Luther Burden III WR Jalen Coker,,Justin Herbert,QB,11.10%,14.26
21,5251408671,tswift98 (124/150),0,250.70001,DST Bengals  FLEX Jahmyr Gibbs QB Tyler Shough RB D'Andre Swift RB Chuba Hubbard TE Sam LaPorta WR Chris Olave WR Zay Flowers WR Jalen Coker,,Michael Mayer,FLEX,11.04%,9.2
22,5239976504,kdndbd (1/23),0,250.43999,DST Steelers  FLEX Jahmyr Gibbs QB Bryce Young RB Derrick Henry RB D'Andre Swift TE Dallas Goedert WR Emeka Egbuka WR Garrett Wilson WR Jalen Coker,,Derrick Henry,RB,10.48%,38.3
23,5252303195,blastfurnace867 (97/150),0,250.28,DST Steelers  FLEX Ashton Jeanty QB Jordan Love RB Derrick Henry RB Breece Hall TE Tucker Kraft WR Zay Flowers WR Christian Watson WR Jalen Coker,,Browns ,DST,10.40%,0
24,5252607212,holdmhigh707 (1/12),0,250,DST Steelers  FLEX Ashton Jeanty QB Tyler Shough RB D'Andre Swift RB Jaylen Warren TE Dallas Goedert WR Amon-Ra St. Brown WR Chris Olave WR Jalen Coker,,Devaughn Vele,WR,10.36%,19.9
25,5239755876,AshtonDupreez (112/150),0,249.95999,DST Steelers  FLEX Ashton Jeanty QB Caleb Williams RB Jahmyr Gibbs RB D'Andre Swift TE Sam LaPorta WR Christian Watson WR Quentin Johnston WR Jalen Coker,,Tetairoa McMillan,WR,10.17%,11.5
26,5248201201,cashyobe (75/150),0,249.44,DST Cardinals  FLEX Derrick Henry QB Bryce Young RB Jahmyr Gibbs RB Bijan Robinson TE Darren Waller WR Chris Olave WR DJ Moore WR Jalen Coker,,Justin Jefferson,WR,10.04%,31.2
27,5242531702,bigchris67 (25/40),0,249.20001,DST Steelers  FLEX Jalen Coker QB Tyler Shough RB Jahmyr Gibbs RB D'Andre Swift TE Dallas Goedert WR Chris Olave WR Zay Flowers WR Chris Godwin Jr.,,Joe Burrow,QB,10.01%,15.16
28,5239449491,Ofenomeno (81/150),0,249.09999,DST Jaguars  FLEX Amon-Ra St. Brown QB Tyler Shough RB Jahmyr Gibbs RB Derrick Henry TE Juwan Johnson WR Chris Olave WR Jalen Coker WR Devaughn Vele,,Quentin Johnston,WR,9.85%,3.7
29,5228365641,tigolebitties91 (20/80),0,249,DST Jaguars  FLEX Jalen Coker QB Tyler Shough RB Jahmyr Gibbs RB David Montgomery TE Dallas Goedert WR Amon-Ra St. Brown WR Chris Olave WR Devaughn Vele,,Bucky Irving,RB,9.62%,21.3
30,5250955073,mikewein (85/150),0,248.46,DST Bengals  FLEX D'Andre Swift QB Caleb Williams RB Jahmyr Gibbs RB Chuba Hubbard TE Colston Loveland WR Christian Watson WR DJ Moore WR Jalen Coker,,Colston Loveland,TE,9.46%,0
31,5252026302,tcarv4 (76/150),0,247.84,DST Bengals  FLEX Ashton Jeanty QB Bryce Young RB Jonathan Taylor RB Derrick Henry TE Tyler Warren WR Tetairoa McMillan WR Christian Watson WR Jalen Coker,,Travis Etienne Jr.,RB,9.36%,14.8
32,5252978111,Mciampa98 (62/150),0,247.54,DST Buccaneers  FLEX Ashton Jeanty QB Bryce Young RB Jahmyr Gibbs RB Derrick Henry TE Juwan Johnson WR Zay Flowers WR Emeka Egbuka WR Jalen Coker,,Chase Brown,RB,9.21%,18.8
33,5250042638,oclay357 (21/150),0,247.49998,DST Texans  FLEX Ashton Jeanty QB Tyler Shough RB Jahmyr Gibbs RB David Montgomery TE Juwan Johnson WR Chris Olave WR Christian Watson WR Jalen Coker,,DeVonta Smith,WR,8.86%,8.3
34,5241594444,TheNutz33 (103/150),0,247.33998,DST Browns  FLEX D'Andre Swift QB Bryce Young RB Jahmyr Gibbs RB Ashton Jeanty TE Dallas Goedert WR Chris Olave WR Tetairoa McMillan WR Jalen Coker,,Tyler Shough,QB,8.84%,29.2
35,5252376734,X_Obese (59/150),0,247.19998,DST Bengals  FLEX Jahmyr Gibbs QB Tyler Shough RB Derrick Henry RB D'Andre Swift TE Juwan Johnson WR Amon-Ra St. Brown WR Chris Olave WR Caleb Douglas,,Jared Goff,QB,8.82%,16.44
36,5253563661,ORGORCS (68/150),0,247.14,DST Jets  FLEX Ashton Jeanty QB Bryce Young RB Jonathan Taylor RB Derrick Henry TE Cade Otton WR Chris Olave WR Zay Flowers WR Jalen Coker,,Steelers ,DST,8.51%,18
37,5252693831,dshot12 (124/150),0,246.95999,DST Jaguars  FLEX Jahmyr Gibbs QB Josh Allen RB Derrick Henry RB D'Andre Swift TE Michael Mayer WR Zay Flowers WR Khalil Shakir WR Jalen Coker,,Sam LaPorta,TE,8.11%,9.8
38,5245241311,The.One (127/150),0,246.62,DST Raiders  FLEX Zay Flowers QB Jalen Hurts RB Derrick Henry RB Ashton Jeanty TE Dallas Goedert WR Chris Olave WR Christian Watson WR Dontayvion Wicks,,Parker Washington,WR,8.05%,19.3
39,5252722076,Rog57 (105/150),0,246.43999,DST Bengals  FLEX D'Andre Swift QB Bryce Young RB Jahmyr Gibbs RB Bijan Robinson TE Michael Mayer WR Chris Olave WR Tetairoa McMillan WR Jalen Coker,,Kyler Murray,QB,7.85%,0.62
40,5253684416,txbeezy10 (11/12),0,246.4,DST Steelers  FLEX Breece Hall QB Tyler Shough RB Ashton Jeanty RB D'Andre Swift TE Juwan Johnson WR Chris Olave WR Christian Watson WR DJ Moore,,Breece Hall,RB,7.72%,22.8
41,5252375520,otrain83 (63/150),0,246.23999,DST Steelers  FLEX Jahmyr Gibbs QB Bryce Young RB Derrick Henry RB Breece Hall TE Juwan Johnson WR Zay Flowers WR Garrett Wilson WR Jalen Coker,,Chris Godwin Jr.,WR,7.26%,8.3
42,5250218765,xrxk030 (81/150),0,246.14,DST Buccaneers  FLEX Ashton Jeanty QB Bryce Young RB Derrick Henry RB Travis Etienne Jr. TE Dallas Goedert WR Justin Jefferson WR Nico Collins WR Jalen Coker,,Jameson Williams,WR,7.23%,8.5
43,5241882723,shotgun205 (91/150),0,246.09999,DST Dolphins  FLEX Jahmyr Gibbs QB Tyler Shough RB Derrick Henry RB D'Andre Swift TE Juwan Johnson WR Chris Olave WR Ladd McConkey WR Jalen Coker,,Ashton Jeanty,RB,7.19%,35.7
44,5207796096,afcgreen27 (44/150),0,246.04,DST Jaguars  FLEX Sam LaPorta QB Bryce Young RB Bijan Robinson RB Derrick Henry TE Dallas Goedert WR Amon-Ra St. Brown WR Zay Flowers WR Jalen Coker,,D'Andre Swift,RB,7.13%,35.4
45,5250042703,oclay357 (86/150),0,246,DST Vikings  FLEX Derrick Henry QB Tyler Shough RB Jahmyr Gibbs RB Travis Etienne Jr. TE Juwan Johnson WR Chris Olave WR Christian Watson WR Jalen Coker,,Jalen Hurts,QB,6.72%,24.72
46,5248910222,timothyandstacy (98/150),0,245.94,DST Raiders  FLEX Ashton Jeanty QB Bryce Young RB Derrick Henry RB Breece Hall TE Dallas Goedert WR Amon-Ra St. Brown WR Tetairoa McMillan WR Jalen Coker,,Nico Collins,WR,6.70%,21.2
47,5250272570,rob316 (145/150),0,245.69998,DST Raiders  FLEX Christian Watson QB Tyler Shough RB Jahmyr Gibbs RB Ashton Jeanty TE Juwan Johnson WR Chris Olave WR Zay Flowers WR Devaughn Vele,,Titans ,DST,6.50%,0
48,5252992622,djonesemb (107/150),0,245.42,DST Jaguars  FLEX Ashton Jeanty QB Jalen Hurts RB Jahmyr Gibbs RB Breece Hall TE Dallas Goedert WR Chris Olave WR Jalen Coker WR Devaughn Vele,,Tyler Warren,TE,6.29%,10.3
49,5250313221,AprilTraynham (4/4),0,245.24,DST Steelers  FLEX Parker Washington QB Bryce Young RB Bijan Robinson RB D'Andre Swift TE Trey McBride WR Christian Watson WR Wan'Dale Robinson WR Jalen Coker,,Lamar Jackson,QB,6.06%,28.96
50,5250413854,ChiefST (2/150),0,245.09999,DST Steelers  FLEX Ashton Jeanty QB Tyler Shough RB Jahmyr Gibbs RB David Montgomery TE Tyler Warren WR Amon-Ra St. Brown WR Jalen Coker WR Devaughn Vele,,Dallas Goedert,TE,5.90%,23.7
51,5229024949,jtmartin3 (22/150),0,245,DST Steelers  FLEX Jahmyr Gibbs QB Tyler Shough RB Bijan Robinson RB D'Andre Swift TE Cade Otton WR Justin Jefferson WR Jalen Coker WR Devaughn Vele,,Emeka Egbuka,WR,5.78%,11.3
52,5248192136,cashyobe (71/150),0,244.64,DST Cardinals  FLEX Derrick Henry QB Bryce Young RB Jahmyr Gibbs RB Bijan Robinson TE Darren Waller WR Chris Olave WR Ladd McConkey WR Jalen Coker,,Jalen Coker,WR,5.76%,36.8
53,5250773765,Byronn5 (135/150),0,244.59999,DST Jaguars  FLEX Ashton Jeanty QB Trevor Lawrence RB Jahmyr Gibbs RB Derrick Henry TE Michael Mayer WR Christian Watson WR Jakobi Meyers WR Jalen Coker,,De'Von Achane,FLEX,5.72%,10.6
54,5252083329,sploush (130/150),0,244.49998,DST Jaguars  FLEX Jahmyr Gibbs QB Trevor Lawrence RB Derrick Henry RB D'Andre Swift TE Dallas Goedert WR Chris Olave WR Parker Washington WR Devaughn Vele,,Trevor Lawrence,QB,5.69%,26.1
55,5247930930,m4ch1n3m4n (51/150),0,244.43999,DST Bengals  FLEX Jahmyr Gibbs QB Bryce Young RB Bijan Robinson RB D'Andre Swift TE Darren Waller WR Chris Olave WR Garrett Wilson WR Jalen Coker,,Mark Andrews,TE,5.67%,8.9
56,5251919210,dairon83 (104/150),0,244.4,DST Jets  FLEX Derrick Henry QB Tyler Shough RB Jahmyr Gibbs RB Bijan Robinson TE Juwan Johnson WR Zay Flowers WR Christian Watson WR Devaughn Vele,,Raiders ,DST,5.64%,13
57,5251600441,georgestr (62/150),0,244.26,DST Jets  FLEX Jahmyr Gibbs QB Caleb Williams RB Breece Hall RB D'Andre Swift TE Dallas Goedert WR Chris Olave WR Luther Burden III WR Jalen Coker,,Eagles ,DST,5.40%,3
58,5245301609,DieHardBucs05 (16/20),0,244.24,DST Buccaneers  FLEX Jonathan Taylor QB Bryce Young RB Jahmyr Gibbs RB Bijan Robinson TE Dallas Goedert WR Zay Flowers WR Jalen Coker WR Dontayvion Wicks,,Caleb Williams,QB,5.16%,37.26
59,5252025580,jjwattup (47/150),0,244.13998,DST Jaguars  FLEX Ashton Jeanty QB Bryce Young RB Jahmyr Gibbs RB Derrick Henry TE Dallas Goedert WR Zay Flowers WR Tetairoa McMillan WR Devaughn Vele,,Saquon Barkley,FLEX,5.15%,9
60,5252303564,JackHoffmen (79/150),0,244.06,DST Steelers  FLEX Dallas Goedert QB Caleb Williams RB Jahmyr Gibbs RB Ashton Jeanty TE Colston Loveland WR Christian Watson WR Parker Washington WR Jalen Coker,,Chargers ,DST,5.12%,1
60,5250628713,philip214 (95/150),0,244.05998,DST Cardinals  FLEX Ashton Jeanty QB Lamar Jackson RB Jahmyr Gibbs RB Derrick Henry TE Mark Andrews WR Zay Flowers WR Christian Watson WR Devaughn Vele,,Baker Mayfield,QB,5.00%,14.64
62,5250047418,bentman013 (71/150),0,243.93999,DST Jets  FLEX Jahmyr Gibbs QB Bryce Young RB Derrick Henry RB D'Andre Swift TE Mark Andrews WR Chris Olave WR Emeka Egbuka WR Jalen Coker,,Omarion Hampton,FLEX,4.71%,9.3
63,5252200635,IronM1ke53 (46/150),0,243.84,DST Bengals  FLEX Amon-Ra St. Brown QB Bryce Young RB Jahmyr Gibbs RB D'Andre Swift TE Michael Mayer WR Chris Olave WR Tetairoa McMillan WR Jalen Coker,,James Cook III,RB,4.56%,9.9
64,5253164254,tevans2016 (46/46),0,243.65999,DST Jaguars  FLEX Devaughn Vele QB Lamar Jackson RB Jahmyr Gibbs RB Derrick Henry TE Mark Andrews WR Chris Olave WR Zay Flowers WR Jalen Coker,,DK Metcalf,WR,4.18%,8
65,5252887994,socrdave (57/150),0,243.43999,DST Bills  FLEX D'Andre Swift QB Bryce Young RB Jahmyr Gibbs RB Breece Hall TE Michael Mayer WR Justin Jefferson WR Zay Flowers WR Jalen Coker,,Texans ,DST,4.08%,-2
66,5251882429,Boxcar23 (111/150),0,243.37999,DST Vikings  FLEX Ashton Jeanty QB Jacoby Brissett RB Jahmyr Gibbs RB D'Andre Swift TE Trey McBride WR Zay Flowers WR Jalen Coker WR Devaughn Vele,,Christian Watson,WR,3.91%,35.7
67,5253930367,PhantomNYC (104/150),0,243.04,DST Raiders  FLEX Ashton Jeanty QB Bryce Young RB Jahmyr Gibbs RB Jonathan Taylor TE Sam LaPorta WR Amon-Ra St. Brown WR Jalen Coker WR Devaughn Vele,,Jahmyr Gibbs,FLEX,3.88%,37.6
68,5251639075,lfryo (73/150),0,242.99998,DST Steelers  FLEX Christian Watson QB Tyler Shough RB Jahmyr Gibbs RB Ashton Jeanty TE Michael Mayer WR Amon-Ra St. Brown WR Zay Flowers WR Devaughn Vele,,Jaylen Warren,RB,3.72%,11.3
69,5253764244,muskrat2 (60/150),0,242.95999,DST Jets  FLEX D'Andre Swift QB Caleb Williams RB Jahmyr Gibbs RB Bijan Robinson TE Colston Loveland WR Christian Watson WR Jalen Coker WR Devaughn Vele,,Wan'Dale Robinson,WR,3.71%,8.8
70,5236074567,kickalicious3 (18/57),0,242.93999,DST Steelers  FLEX D'Andre Swift QB Bryce Young RB Jahmyr Gibbs RB Ashton Jeanty TE Darren Waller WR Amon-Ra St. Brown WR Luther Burden III WR Jalen Coker,,Bryce Young,QB,3.55%,35.44
71,5253013854,WuDreamz (100/150),0,242.79999,DST Raiders  FLEX Ashton Jeanty QB Tyler Shough RB Jahmyr Gibbs RB Bijan Robinson TE Michael Mayer WR Chris Olave WR Christian Watson WR Devaughn Vele,,Brenton Strange,TE,3.55%,10.3
72,5251369310,niques33 (6/150),0,242.7,DST Bengals  FLEX D'Andre Swift QB Tyler Shough RB Jahmyr Gibbs RB Bijan Robinson TE Juwan Johnson WR Chris Olave WR Michael Pittman Jr. WR Jalen Coker,,MarShawn Lloyd,RB,3.54%,3.7
73,5251285594,giantbeer (23/150),0,242.64,DST Bengals  FLEX D'Andre Swift QB Bryce Young RB Jahmyr Gibbs RB Derrick Henry TE Tyler Warren WR Tetairoa McMillan WR Parker Washington WR Jalen Coker,,Vikings ,DST,3.44%,8
74,5212240409,bigcjay (123/150),0,242.6,DST Jets  FLEX Dallas Goedert QB Tyler Shough RB Jahmyr Gibbs RB D'Andre Swift TE Mike Gesicki WR Amon-Ra St. Brown WR Chris Olave WR Zay Flowers,,Dalton Schultz,TE,3.31%,7.5
74,5246474792,NikeFukijamas (105/150),0,242.59999,DST Raiders  FLEX Ashton Jeanty QB Tyler Shough RB Derrick Henry RB Breece Hall TE Juwan Johnson WR Nico Collins WR Chris Olave WR Jalen Coker,,Tucker Kraft,TE,3.24%,9.5
76,5250413998,ChiefST (146/150),0,242.49998,DST Raiders  FLEX Ashton Jeanty QB Tyler Shough RB Derrick Henry RB Breece Hall TE Dallas Goedert WR Amon-Ra St. Brown WR Chris Olave WR Devaughn Vele,,Ashton Jeanty,FLEX,3.21%,35.7
77,5250312085,booradley5 (92/100),0,242.34,DST Raiders  FLEX Derrick Henry QB Bryce Young RB Jahmyr Gibbs RB Bijan Robinson TE Dallas Goedert WR Nico Collins WR Jalen Coker WR Tre' Harris,,Trey McBride,TE,3.21%,24.5
78,5231955767,bearhawk69 (34/56),0,242.23999,DST Steelers  FLEX Dallas Goedert QB Jared Goff RB Jahmyr Gibbs RB D'Andre Swift TE Juwan Johnson WR Amon-Ra St. Brown WR Chris Olave WR Jalen Coker,,David Montgomery,RB,3.20%,28.9
79,5251725077,incgonzalez (96/150),0,242.19998,DST Steelers  FLEX Ashton Jeanty QB Tyler Shough RB Jahmyr Gibbs RB D'Andre Swift TE Dallas Goedert WR Chris Olave WR Tetairoa McMillan WR Devaughn Vele,,Malik Willis,QB,3.17%,17.7
80,5241882719,shotgun205 (87/150),0,242.14,DST Bengals  FLEX Jahmyr Gibbs QB Bryce Young RB Bijan Robinson RB Breece Hall TE Charlie Kolar WR Chris Olave WR Zay Flowers WR Jalen Coker,,Drake London,WR,3.08%,5.5
81,5252873534,mcsqueeb (14/14),0,241.99998,DST Jets  FLEX Jahmyr Gibbs QB Tyler Shough RB Ashton Jeanty RB David Montgomery TE Juwan Johnson WR Chris Olave WR Ladd McConkey WR Jalen Coker,,Marvin Harrison Jr.,WR,3.08%,4.3
82,5252618628,Hunter4ever89 (94/150),0,241.79999,DST Bills  FLEX Ashton Jeanty QB Tyler Shough RB Jahmyr Gibbs RB Breece Hall TE Dallas Goedert WR Chris Olave WR Christian Watson WR Devaughn Vele,,Tre Tucker,FLEX,3.01%,4.7
83,5250818630,nmj4786 (36/150),0,241.73999,DST Jets  FLEX Derrick Henry QB Bryce Young RB Jahmyr Gibbs RB D'Andre Swift TE Harold Fannin Jr. WR Chris Olave WR Garrett Wilson WR Jalen Coker,,Josh Downs,WR,3.01%,5.7
84,5240914570,bsokol0107 (81/150),0,241.7,DST Jets  FLEX Dallas Goedert QB Tyler Shough RB Jahmyr Gibbs RB Ashton Jeanty TE Sam LaPorta WR Amon-Ra St. Brown WR Chris Olave WR Jalen Coker,,Michael Pittman Jr.,WR,3.00%,8.8
84,5252194230,scarecrow68 (93/150),0,241.7,DST Jaguars  FLEX Bijan Robinson QB Tyler Shough RB Derrick Henry RB D'Andre Swift TE Juwan Johnson WR Chris Olave WR Zay Flowers WR Devaughn Vele,,DJ Moore,WR,2.86%,24
86,5252827737,Anthonykorobellis (135/150),0,241.64,DST Jets  FLEX D'Andre Swift QB Bryce Young RB Jahmyr Gibbs RB Bijan Robinson TE Pat Freiermuth WR Zay Flowers WR Tetairoa McMillan WR Jalen Coker,,Ladd McConkey,FLEX,2.79%,19.2
86,5252946195,leroytheman (16/20),0,241.63998,DST Jaguars  FLEX Jahmyr Gibbs QB Bryce Young RB D'Andre Swift RB David Montgomery TE Juwan Johnson WR Chris Olave WR Tee Higgins WR Jalen Coker,,Cade Otton,TE,2.75%,5.6
88,5252386931,niques33 (120/150),0,241.59999,DST Jaguars  FLEX D'Andre Swift QB Tyler Shough RB Jahmyr Gibbs RB Derrick Henry TE Juwan Johnson WR Chris Olave WR Josh Downs WR Jalen Coker,,Jayden Reed,WR,2.71%,5
89,5204627696,SoulChild (147/150),0,241.56,DST Jaguars  FLEX D'Andre Swift QB Caleb Williams RB Jahmyr Gibbs RB Jonathan Taylor TE Michael Mayer WR Christian Watson WR Luther Burden III WR Jalen Coker,,Lions ,DST,2.68%,10
90,5252391943,Mistermer (141/150),0,241.49998,DST Jets  FLEX D'Andre Swift QB Tyler Shough RB Jahmyr Gibbs RB Derrick Henry TE Juwan Johnson WR Amon-Ra St. Brown WR Zay Flowers WR Devaughn Vele,,Michael Wilson,WR,2.67%,10.6
90,5253701393,jcstream (14/34),0,241.49998,DST Bengals  FLEX Ashton Jeanty QB Tyler Shough RB Bijan Robinson RB Derrick Henry TE Michael Mayer WR Amon-Ra St. Brown WR Chris Olave WR Devaughn Vele,,Josh Allen,QB,2.62%,38.66
92,5251798645,nckydymnds22 (144/150),0,241.44,DST Dolphins  FLEX Trey McBride QB Bryce Young RB Jahmyr Gibbs RB D'Andre Swift TE Dallas Goedert WR Amon-Ra St. Brown WR Jalen Coker WR Dontayvion Wicks,,Daniel Jones,QB,2.60%,10.04
93,5247496527,hootiehightower32 (73/150),0,241.34,DST Cardinals  FLEX Derrick Henry QB Bryce Young RB Jahmyr Gibbs RB Bijan Robinson TE Michael Mayer WR Chris Olave WR Tetairoa McMillan WR Jalen Coker,,Harold Fannin Jr.,TE,2.58%,4.1
93,5252767772,MStorz316 (86/93),0,241.34,DST Raiders  FLEX Justin Jefferson QB Bryce Young RB Jahmyr Gibbs RB D'Andre Swift TE Michael Mayer WR Chris Olave WR Tetairoa McMillan WR Jalen Coker,,Quentin Johnston,FLEX,2.49%,3.7
93,5222224813,rseid12345 (65/150),0,241.33998,DST Raiders  FLEX Christian Watson QB Bryce Young RB Jahmyr Gibbs RB Ashton Jeanty TE Juwan Johnson WR Nico Collins WR Tetairoa McMillan WR Jalen Coker,,Bengals ,DST,2.44%,18
96,5250939757,kamdaddy000 (110/150),0,241.29999,DST Jets  FLEX Ashton Jeanty QB Tyler Shough RB Jahmyr Gibbs RB Derrick Henry TE Michael Mayer WR Justin Jefferson WR Chris Olave WR Devaughn Vele,,Bears ,DST,2.44%,6
97,5251982358,justin_seybuck (17/18),0,241.26,DST Steelers  FLEX Jahmyr Gibbs QB Caleb Williams RB Breece Hall RB D'Andre Swift TE Dallas Goedert WR Ladd McConkey WR Luther Burden III WR Jalen Coker,,Terry McLaurin,WR,2.42%,3.4
98,5242042208,Jamendola0404 (65/150),0,241.24,DST Steelers  FLEX Christian Watson QB Bryce Young RB James Cook III RB D'Andre Swift TE Sam LaPorta WR Chris Olave WR Zay Flowers WR Jalen Coker,,T.J. Hockenson,TE,2.39%,13.6
98,5250383663,mamandus (143/150),0,241.23999,DST Jets  FLEX Ashton Jeanty QB Bryce Young RB Jahmyr Gibbs RB D'Andre Swift TE Trey McBride WR Tetairoa McMillan WR Jalen Coker WR Dontayvion Wicks,,Tony Pollard,RB,2.36%,4.4
100,5253357569,vthrill (65/150),0,241.06,DST Steelers  FLEX Ashton Jeanty QB Caleb Williams RB Jonathan Taylor RB Derrick Henry TE Colston Loveland WR Zay Flowers WR Jalen Coker WR Devaughn Vele,,Dallas Goedert,FLEX,2.34%,23.7
100,5252787237,Rol1crazymex (72/150),0,241.05998,DST Jaguars  FLEX Jalen Coker QB Lamar Jackson RB Jahmyr Gibbs RB Ashton Jeanty TE Mark Andrews WR Chris Olave WR Zay Flowers WR Devaughn Vele,,Juwan Johnson,FLEX,2.24%,14.4
100,5253558919,a25smith (124/150),0,241.05998,DST Jets  FLEX Ashton Jeanty QB Caleb Williams RB Jahmyr Gibbs RB D'Andre Swift TE Michael Mayer WR Chris Olave WR Tee Higgins WR Jalen Coker,,Dolphins ,DST,2.17%,4
103,5208230694,Nobodyshero2727 (56/150),0,240.8,DST Steelers  FLEX Jahmyr Gibbs QB Tyler Shough RB Derrick Henry RB David Montgomery TE Brenton Strange WR Chris Olave WR Luther Burden III WR Jalen Coker,,Jordan Love,QB,2.14%,24.48
103,5253112674,WillCut66 (2/150),0,240.79999,DST Bengals  FLEX Jahmyr Gibbs QB Tyler Shough RB Bijan Robinson RB D'Andre Swift TE Michael Mayer WR Chris Olave WR Zay Flowers WR Devaughn Vele,,Caleb Douglas,WR,2.13%,14.4
105,5232898470,shakenbakeog (40/150),0,240.76,DST Jets  FLEX Justin Jefferson QB Caleb Williams RB Derrick Henry RB Breece Hall TE Dallas Goedert WR Chris Olave WR Luther Burden III WR Jalen Coker,,Cardinals ,DST,2.06%,10
106,5250237555,dfwtsx08 (41/150),0,240.73999,DST Raiders  FLEX Jalen Coker QB Bryce Young RB Jahmyr Gibbs RB Derrick Henry TE Michael Mayer WR Amon-Ra St. Brown WR Chris Olave WR Luther Burden III,,MarShawn Lloyd,FLEX,2.06%,3.7
107,5252372641,shadyTD (115/150),0,240.63998,DST Lions  FLEX Christian Watson QB Bryce Young RB Jahmyr Gibbs RB Ashton Jeanty TE Michael Mayer WR Amon-Ra St. Brown WR Tetairoa McMillan WR Jalen Coker,,Geno Smith,QB,2.04%,9.3
108,5251877378,MESSIAH717 (17/28),0,240.62,DST Raiders  FLEX Michael Mayer QB Jalen Hurts RB Jahmyr Gibbs RB Ashton Jeanty TE Dallas Goedert WR Amon-Ra St. Brown WR Chris Olave WR Jalen Coker,,Justin Jefferson,FLEX,2.01%,31.2
109,5252833829,deznutz58 (6/8),0,240.43999,DST Steelers  FLEX Jonathan Taylor QB Bryce Young RB Jahmyr Gibbs RB D'Andre Swift TE Colston Loveland WR Chris Olave WR Jalen Coker WR Devaughn Vele,,Colts ,DST,1.97%,0
110,5239502596,OKWishbone (38/60),0,240.37999,DST Raiders  FLEX Derrick Henry QB Jordan Love RB Jahmyr Gibbs RB Jonathan Taylor TE Michael Mayer WR Christian Watson WR Ladd McConkey WR Jalen Coker,,Rico Dowdle,RB,1.95%,4.1
111,5252824453,Nfass1010 (71/150),0,240.26,DST Bengals  FLEX Sam LaPorta QB Caleb Williams RB Derrick Henry RB Ashton Jeanty TE Colston Loveland WR Amon-Ra St. Brown WR Christian Watson WR Jalen Coker,,Kyle Pitts Sr.,TE,1.84%,0
112,5252803614,miguelra3939 (120/150),0,240.19998,DST Jaguars  FLEX Jahmyr Gibbs QB Tyler Shough RB Jonathan Taylor RB Derrick Henry TE Michael Mayer WR Chris Olave WR Christian Watson WR Devaughn Vele,,Alec Pierce,WR,1.82%,10.1
113,5239300848,tonyp2424 (118/150),0,239.93999,DST Jets  FLEX Ashton Jeanty QB Bryce Young RB Jahmyr Gibbs RB D'Andre Swift TE Tucker Kraft WR Zay Flowers WR Tetairoa McMillan WR Jalen Coker,,C.J. Stroud,QB,1.79%,18.46
114,5249195025,rufusjonz (85/150),0,239.62,DST Jets  FLEX Dallas Goedert QB Jalen Hurts RB Jahmyr Gibbs RB Ashton Jeanty TE Juwan Johnson WR Amon-Ra St. Brown WR Zay Flowers WR Jalen Coker,,Colston Loveland,FLEX,1.74%,0
115,5252393459,Loughy (113/150),0,239.54,DST Cardinals  FLEX D'Andre Swift QB Bryce Young RB Jahmyr Gibbs RB Bijan Robinson TE Brenton Strange WR Chris Olave WR Tetairoa McMillan WR Jalen Coker,,Ravens ,DST,1.72%,6
116,5244913686,tccharleston (8/10),0,239.5,DST Raiders  FLEX Jonathan Taylor QB Tyler Shough RB Jahmyr Gibbs RB Bijan Robinson TE Juwan Johnson WR Chris Olave WR Jalen Coker WR Devaughn Vele,,DeVonta Smith,FLEX,1.64%,8.3
117,5248187994,cashyobe (63/150),0,239.44,DST Cardinals  FLEX Derrick Henry QB Bryce Young RB Jahmyr Gibbs RB Bijan Robinson TE Darren Waller WR Nico Collins WR DJ Moore WR Jalen Coker,,Tucker Kraft,FLEX,1.61%,9.5
117,5248201145,cashyobe (74/150),0,239.44,DST Browns  FLEX Derrick Henry QB Bryce Young RB Jahmyr Gibbs RB Bijan Robinson TE Darren Waller WR Chris Olave WR DJ Moore WR Jalen Coker,,Falcons ,DST,1.60%,5
119,5253044114,kyleboneski (66/76),0,239.35999,DST Raiders  FLEX Ashton Jeanty QB Caleb Williams RB Derrick Henry RB Bucky Irving TE Juwan Johnson WR Amon-Ra St. Brown WR Garrett Wilson WR Jalen Coker,,Rome Odunze,WR,1.60%,7.2
120,5233164070,hurst1393 (78/150),0,239.23999,DST Steelers  FLEX Ladd McConkey QB Bryce Young RB Jahmyr Gibbs RB Breece Hall TE Michael Mayer WR Justin Jefferson WR Zay Flowers WR Jalen Coker,,Sam LaPorta,FLEX,1.59%,9.8
121,5249898746,COLTSwLuCKeOline (61/150),0,239.19998,DST Cardinals  FLEX D'Andre Swift QB Tyler Shough RB Jahmyr Gibbs RB Derrick Henry TE Mark Andrews WR Amon-Ra St. Brown WR Chris Olave WR Devaughn Vele,,Chuba Hubbard,RB,1.56%,23.7
122,5250831984,nmj4786 (63/150),0,239.13998,DST Jets  FLEX Ashton Jeanty QB Bryce Young RB Jahmyr Gibbs RB D'Andre Swift TE Harold Fannin Jr. WR Chris Olave WR Garrett Wilson WR Jalen Coker,,Jonathan Taylor,FLEX,1.52%,26.1
123,5251419336,acertainben (23/150),0,239.09999,DST Jaguars  FLEX Caleb Douglas QB Tyler Shough RB Jahmyr Gibbs RB Bijan Robinson TE Juwan Johnson WR Justin Jefferson WR Chris Olave WR Jalen Coker,,Ja'Marr Chase,FLEX,1.48%,3.2
124,5253357524,vthrill (20/150),0,239.06,DST Jets  FLEX Chris Olave QB Caleb Williams RB Jahmyr Gibbs RB Derrick Henry TE Colston Loveland WR Zay Flowers WR Jalen Coker WR Devaughn Vele,,Kirk Cousins,QB,1.47%,15.8
125,5253762833,Bailey0213 (78/150),0,239.04,DST Jets  FLEX Bijan Robinson QB Bryce Young RB Derrick Henry RB Breece Hall TE Dallas Goedert WR Justin Jefferson WR Luther Burden III WR Jalen Coker,,Jordan Addison,WR,1.46%,0
126,5251120246,screamingeagle01 (147/150),0,238.83998,DST Steelers  FLEX Quentin Johnston QB Bryce Young RB Jahmyr Gibbs RB Ashton Jeanty TE Michael Mayer WR Justin Jefferson WR Chris Olave WR Jalen Coker,,Stefon Diggs,WR,1.45%,15.5
127,5248558833,henryrj4 (15/150),0,238.79999,DST Jets  FLEX Jahmyr Gibbs QB Tyler Shough RB Derrick Henry RB Ashton Jeanty TE Michael Mayer WR Amon-Ra St. Brown WR Chris Olave WR Devaughn Vele,,Jacoby Brissett,QB,1.44%,16.48
127,5251994236,tcs26 (6/141),0,238.79999,DST Jets  FLEX Jahmyr Gibbs QB Tyler Shough RB Derrick Henry RB Ashton Jeanty TE Michael Mayer WR Amon-Ra St. Brown WR Chris Olave WR Devaughn Vele,,Bucky Irving,FLEX,1.43%,21.3
127,5252453142,mtrogers (2/25),0,238.79999,DST Jets  FLEX Ashton Jeanty QB Tyler Shough RB Jahmyr Gibbs RB Derrick Henry TE Michael Mayer WR Amon-Ra St. Brown WR Chris Olave WR Devaughn Vele,,Jalen Nailor,WR,1.42%,5.7
127,5253847347,bballmoney100 (65/123),0,238.79999,DST Jets  FLEX Jahmyr Gibbs QB Tyler Shough RB Derrick Henry RB Ashton Jeanty TE Michael Mayer WR Amon-Ra St. Brown WR Chris Olave WR Devaughn Vele,,Commanders ,DST,1.37%,3
131,5253696869,JEverett661 (29/150),0,238.73999,DST Cardinals  FLEX Ashton Jeanty QB Bryce Young RB Jahmyr Gibbs RB Bijan Robinson TE Michael Mayer WR Chris Olave WR Tetairoa McMillan WR Jalen Coker,,Bhayshul Tuten,RB,1.35%,9.8
132,5252773793,jeffylube (74/150),0,238.7,DST Steelers  FLEX Jahmyr Gibbs QB Tyler Shough RB Derrick Henry RB D'Andre Swift TE Sam LaPorta WR Chris Olave WR Parker Washington WR Devaughn Vele,,Kenny Gainwell,RB,1.34%,2.8
132,5248905857,j11five (142/150),0,238.69998,DST Raiders  FLEX Justin Jefferson QB Tyler Shough RB Ashton Jeanty RB D'Andre Swift TE Juwan Johnson WR Amon-Ra St. Brown WR Chris Olave WR Devaughn Vele,,Bijan Robinson,FLEX,1.33%,31.3
134,5250322861,tektoniks (94/150),0,238.59999,DST Raiders  FLEX Ashton Jeanty QB Tyler Shough RB Jahmyr Gibbs RB Derrick Henry TE Juwan Johnson WR Chris Olave WR Parker Washington WR Devaughn Vele,,Tyler Warren,FLEX,1.30%,10.3
134,5252868252,Skullduggery (8/150),0,238.59999,DST Raiders  FLEX Ashton Jeanty QB Tyler Shough RB Jahmyr Gibbs RB Derrick Henry TE Juwan Johnson WR Chris Olave WR Parker Washington WR Devaughn Vele,,Jakobi Meyers,WR,1.27%,12.2
136,5252249210,smithdereck012 (45/147),0,238.54001,DST Titans  FLEX Ashton Jeanty QB Bryce Young RB Jonathan Taylor RB D'Andre Swift TE Michael Mayer WR Amon-Ra St. Brown WR Chris Olave WR Jalen Coker,,Brian Thomas Jr.,WR,1.25%,7
137,5238771667,TONYBLUE8 (99/150),0,238.5,DST Bengals  FLEX Tyler Warren QB Trevor Lawrence RB Jahmyr Gibbs RB D'Andre Swift TE Juwan Johnson WR Amon-Ra St. Brown WR Chris Olave WR Jalen Coker,,Khalil Shakir,WR,1.25%,9
138,5252787029,rotomwash (63/149),0,238.45999,DST Steelers  FLEX Greg Dulcich QB Caleb Williams RB Jahmyr Gibbs RB Derrick Henry TE Dallas Goedert WR Amon-Ra St. Brown WR Chris Olave WR Devaughn Vele,,Dalton Kincaid,TE,1.23%,21
139,5251118344,christal17 (11/150),0,238.4,DST Browns  FLEX Chris Olave QB Tyler Shough RB Jahmyr Gibbs RB Bijan Robinson TE Dallas Goedert WR Amon-Ra St. Brown WR Jalen Coker WR Devaughn Vele,,Matthew Golden,WR,1.23%,15.5
140,5208230680,Nobodyshero2727 (42/150),0,238.35999,DST Steelers  FLEX Ashton Jeanty QB Caleb Williams RB Jahmyr Gibbs RB David Montgomery TE Juwan Johnson WR Ladd McConkey WR Luther Burden III WR Jalen Coker,,Travis Etienne Jr.,FLEX,1.19%,14.8
141,5252586289,kurve (95/150),0,238.24,DST Steelers  FLEX Jaylen Warren QB Bryce Young RB Jahmyr Gibbs RB D'Andre Swift TE Dalton Kincaid WR Chris Olave WR Tetairoa McMillan WR Jalen Coker,,Derrick Henry,FLEX,1.10%,38.3
141,5245495069,Lingweenie (115/150),0,238.23999,DST Steelers  FLEX Chris Olave QB Bryce Young RB Jahmyr Gibbs RB Derrick Henry TE Michael Mayer WR Nico Collins WR Luther Burden III WR Jalen Coker,,Malik Washington,WR,1.09%,7.3
141,5250469036,Tubesteakbuffet (128/150),0,238.23999,DST Falcons  FLEX Ashton Jeanty QB Bryce Young RB Jahmyr Gibbs RB Jonathan Taylor TE Juwan Johnson WR Tetairoa McMillan WR Christian Watson WR Jalen Coker,,Jayden Daniels,QB,1.07%,17.66
144,5242042171,Jamendola0404 (28/150),0,238.13998,DST Jaguars  FLEX Breece Hall QB Bryce Young RB Jahmyr Gibbs RB D'Andre Swift TE Juwan Johnson WR Chris Olave WR Tetairoa McMillan WR Jalen Coker,,T.J. Hockenson,FLEX,1.06%,13.6
145,5249219023,SuburbanDaddy (5/150),0,238.09999,DST Steelers  FLEX Jahmyr Gibbs QB Tyler Shough RB D'Andre Swift RB Chuba Hubbard TE Juwan Johnson WR Amon-Ra St. Brown WR Chris Olave WR Devaughn Vele,,D'Andre Swift,FLEX,1.05%,35.4
145,5252258837,bjhblitz (4/4),0,238.09999,DST Steelers  FLEX D'Andre Swift QB Tyler Shough RB Jahmyr Gibbs RB Chuba Hubbard TE Juwan Johnson WR Amon-Ra St. Brown WR Chris Olave WR Devaughn Vele,,Mark Andrews,FLEX,1.05%,8.9
145,5252535899,Sajohnson98 (3/150),0,238.09999,DST Jets  FLEX Chris Olave QB Tyler Shough RB Jahmyr Gibbs RB Bijan Robinson TE Juwan Johnson WR Amon-Ra St. Brown WR Jalen Coker WR Devaughn Vele,,Breece Hall,FLEX,1.05%,22.8
145,5253719244,Ramazen (37/147),0,238.09999,DST Jets  FLEX Amon-Ra St. Brown QB Tyler Shough RB Jahmyr Gibbs RB Bijan Robinson TE Juwan Johnson WR Chris Olave WR Jalen Coker WR Devaughn Vele,,Trey McBride,FLEX,1.04%,24.5
149,5248585279,trustbaby218 (66/150),0,238.04,DST Jaguars  FLEX Bijan Robinson QB Bryce Young RB Jahmyr Gibbs RB Jonathan Taylor TE Mark Andrews WR Zay Flowers WR Jalen Coker WR Devaughn Vele,,Bills ,DST,1.04%,6
150,5228758247,AtillaTH (129/150),0,237.99998,DST Cardinals  FLEX D'Andre Swift QB Tyler Shough RB Jahmyr Gibbs RB Bijan Robinson TE Juwan Johnson WR Chris Olave WR Zay Flowers WR Devaughn Vele,,Quinshon Judkins,RB,1.01%,7
150,5253013830,WuDreamz (76/150),0,237.99998,DST Eagles  FLEX D'Andre Swift QB Tyler Shough RB Jahmyr Gibbs RB Derrick Henry TE Juwan Johnson WR Chris Olave WR Zay Flowers WR Devaughn Vele,,Carnell Tate,WR,1.00%,7.8
152,5222505675,tlynch0 (68/150),0,237.95999,DST Steelers  FLEX Michael Mayer QB Lamar Jackson RB Jahmyr Gibbs RB Derrick Henry TE Mark Andrews WR Justin Jefferson WR Zay Flowers WR Jalen Coker,,Aaron Rodgers,QB,0.98%,12.54
153,5250505888,artdz95 (3/150),0,237.93999,DST Jaguars  FLEX Jahmyr Gibbs QB Bryce Young RB Bijan Robinson RB D'Andre Swift TE Michael Mayer WR Chris Olave WR DK Metcalf WR Jalen Coker,,Amon-Ra St. Brown,FLEX,0.98%,28.7
154,5205610361,DaBigBowski (18/49),0,237.9,DST Steelers  FLEX Mike Washington Jr. QB Tyler Shough RB Jahmyr Gibbs RB D'Andre Swift TE Juwan Johnson WR Justin Jefferson WR Chris Olave WR Jalen Coker,,Panthers ,DST,0.97%,0
154,5228363657,tigolebitties91 (7/80),0,237.9,DST Jaguars  FLEX Trey McBride QB Tyler Shough RB Jahmyr Gibbs RB Bijan Robinson TE Juwan Johnson WR Chris Olave WR Jalen Coker WR Devaughn Vele,,Dontayvion Wicks,WR,0.96%,15.3
154,5228365577,tigolebitties91 (18/80),0,237.9,DST Jaguars  FLEX Trey McBride QB Tyler Shough RB Jahmyr Gibbs RB Bijan Robinson TE Juwan Johnson WR Chris Olave WR Jalen Coker WR Devaughn Vele,,Ja'Kobi Lane,WR,0.95%,2.1
154,5251358436,DeboYoMoney (54/150),0,237.9,DST Ravens  FLEX Ashton Jeanty QB Tyler Shough RB Jahmyr Gibbs RB Derrick Henry TE Sam LaPorta WR Chris Olave WR Christian Watson WR Caleb Douglas,,Packers ,DST,0.94%,1
154,5241334664,wearandtear1014 (37/150),0,237.89998,DST Raiders  FLEX Christian Watson QB Tyler Shough RB Jahmyr Gibbs RB Ashton Jeanty TE Juwan Johnson WR Nico Collins WR Chris Olave WR Devaughn Vele,,Saints ,DST,0.94%,2
159,5244856154,Nazvb07 (69/150),0,237.86,DST Jaguars  FLEX Ashton Jeanty QB Caleb Williams RB Jahmyr Gibbs RB Derrick Henry TE Colston Loveland WR Parker Washington WR Jalen Coker WR Devaughn Vele,,Chase Brown,FLEX,0.93%,18.8
160,5250773724,Byronn5 (94/150),0,237.8,DST Vikings  FLEX Zay Flowers QB Tyler Shough RB Jahmyr Gibbs RB D'Andre Swift TE Mike Gesicki WR Amon-Ra St. Brown WR Chris Olave WR Devaughn Vele,,Devaughn Vele,FLEX,0.93%,19.9
161,5252233717,Camcarre16 (81/150),0,237.75998,DST Jaguars  FLEX Michael Mayer QB Josh Allen RB Jahmyr Gibbs RB Ashton Jeanty TE Trey McBride WR Zay Flowers WR Christian Watson WR Caleb Douglas,,Adonai Mitchell,WR,0.90%,9
162,5231716778,award1434 (11/11),0,237.64,DST Jaguars  FLEX Bijan Robinson QB Bryce Young RB Jahmyr Gibbs RB D'Andre Swift TE Brenton Strange WR Zay Flowers WR Wan'Dale Robinson WR Jalen Coker,,Mike Gesicki,TE,0.89%,18.8
162,5252057100,willi55 (16/150),0,237.63998,DST Jets  FLEX Justin Jefferson QB Bryce Young RB Jahmyr Gibbs RB Ashton Jeanty TE Michael Mayer WR Chris Olave WR Tetairoa McMillan WR Jalen Coker,,KC Concepcion,WR,0.84%,8.8
164,5252391931,Mistermer (129/150),0,237.59999,DST Jaguars  FLEX Ashton Jeanty QB Tyler Shough RB Jahmyr Gibbs RB Jonathan Taylor TE Michael Mayer WR Chris Olave WR Christian Watson WR Devaughn Vele,,Cam Ward,QB,0.78%,11.7
164,5252806824,Nathan4140 (56/100),0,237.59999,DST Jaguars  FLEX Ashton Jeanty QB Tyler Shough RB Jahmyr Gibbs RB Jonathan Taylor TE Michael Mayer WR Chris Olave WR Christian Watson WR Devaughn Vele,,Chris Olave,FLEX,0.77%,31.2
166,5249947478,jhreal (91/150),0,237.54001,DST Bengals  FLEX Trey McBride QB Bryce Young RB Jahmyr Gibbs RB David Montgomery TE T.J. Hockenson WR Justin Jefferson WR Tetairoa McMillan WR Jalen Coker,,Keenan Allen,WR,0.77%,9.2
166,5250185031,jrevelle3 (109/150),0,237.54,DST Jaguars  FLEX Caleb Douglas QB Jared Goff RB Jahmyr Gibbs RB Ashton Jeanty TE Dallas Goedert WR Amon-Ra St. Brown WR Chris Olave WR Jalen Coker,,Rashod Bateman,WR,0.73%,0
166,5253812326,Nola2728 (2/10),0,237.54,DST Commanders  FLEX Ladd McConkey QB Bryce Young RB Jahmyr Gibbs RB Derrick Henry TE Darren Waller WR Justin Jefferson WR Chris Olave WR Jalen Coker,,Christian Watson,FLEX,0.72%,35.7
169,5252549525,hollacity (123/150),0,237.46,DST Steelers  FLEX Jahmyr Gibbs QB Lamar Jackson RB Derrick Henry RB D'Andre Swift TE Michael Mayer WR Garrett Wilson WR Parker Washington WR Jalen Coker,,Jayden Reed,FLEX,0.72%,5
169,5251603359,iDROPDAHAMMER (108/150),0,237.45999,DST Jaguars  FLEX Ashton Jeanty QB Caleb Williams RB Jahmyr Gibbs RB D'Andre Swift TE Juwan Johnson WR Parker Washington WR DK Metcalf WR Jalen Coker,,Pat Freiermuth,TE,0.71%,15.6
171,5245495060,Lingweenie (106/150),0,237.44,DST Jaguars  FLEX Derrick Henry QB Bryce Young RB D'Andre Swift RB Travis Etienne Jr. TE Dallas Goedert WR Amon-Ra St. Brown WR Emeka Egbuka WR Jalen Coker,,Buccaneers ,DST,0.70%,9
171,5251850781,NEBaller24 (55/150),0,237.43999,DST Jets  FLEX D'Andre Swift QB Bryce Young RB Jahmyr Gibbs RB Bijan Robinson TE Michael Mayer WR Chris Olave WR Tetairoa McMillan WR Jalen Coker,,Brenton Strange,FLEX,0.68%,10.3
171,5252036129,BigDBoss (30/150),0,237.43999,DST Jets  FLEX D'Andre Swift QB Bryce Young RB Jahmyr Gibbs RB Bijan Robinson TE Michael Mayer WR Chris Olave WR Tetairoa McMillan WR Jalen Coker,,Charlie Kolar,TE,0.68%,0
171,5252249172,smithdereck012 (7/147),0,237.43999,DST Jets  FLEX D'Andre Swift QB Bryce Young RB Jahmyr Gibbs RB Bijan Robinson TE Michael Mayer WR Chris Olave WR Tetairoa McMillan WR Jalen Coker,,Jaylen Warren,FLEX,0.66%,11.3
171,5252932047,kevinroach (35/150),0,237.43999,DST Jets  FLEX D'Andre Swift QB Bryce Young RB Jahmyr Gibbs RB Bijan Robinson TE Michael Mayer WR Chris Olave WR Tetairoa McMillan WR Jalen Coker,,Marvin Harrison Jr.,FLEX,0.66%,4.3
176,5252174086,fballjunkiee (56/150),0,237.4,DST Jets  FLEX Bijan Robinson QB Tyler Shough RB Derrick Henry RB D'Andre Swift TE Juwan Johnson WR Amon-Ra St. Brown WR Chris Olave WR Devaughn Vele,,Greg Dulcich,TE,0.65%,3.8
177,5252645708,doublejays (135/150),0,237.34,DST Jaguars  FLEX Derrick Henry QB Bryce Young RB Bijan Robinson RB Jonathan Taylor TE Michael Mayer WR Tetairoa McMillan WR Christian Watson WR Jalen Coker,,Jauan Jennings,WR,0.61%,0
178,5252069512,GrymReaper7 (83/150),0,237.3,DST Raiders  FLEX Chase Brown QB Tyler Shough RB Jahmyr Gibbs RB Derrick Henry TE T.J. Hockenson WR Chris Olave WR Christian Watson WR Devaughn Vele,,Zay Flowers,FLEX,0.61%,29
179,5251684454,SpeedRacer101 (21/150),0,237.23999,DST Steelers  FLEX Jalen Coker QB Bryce Young RB Jahmyr Gibbs RB Jaylen Warren TE Michael Mayer WR Amon-Ra St. Brown WR Chris Olave WR Zay Flowers,,Harold Fannin Jr.,FLEX,0.61%,4.1
180,5250705691,ADH6676 (94/150),0,237.2,DST Steelers  FLEX Ashton Jeanty QB Tyler Shough RB Derrick Henry RB D'Andre Swift TE Michael Mayer WR Justin Jefferson WR Chris Olave WR Adonai Mitchell,,Tee Higgins,FLEX,0.60%,8.9
181,5249534534,digdugol (2/2),0,237.13998,DST Jets  FLEX Derrick Henry QB Bryce Young RB Jahmyr Gibbs RB De'Von Achane TE Michael Mayer WR Chris Olave WR Zay Flowers WR Jalen Coker,,Dalton Schultz,FLEX,0.58%,7.5
182,5253076694,Lamoosh2332 (140/150),0,237.04001,DST Steelers  FLEX Zay Flowers QB Bryce Young RB Ashton Jeanty RB D'Andre Swift TE Harold Fannin Jr. WR Amon-Ra St. Brown WR Garrett Wilson WR Jalen Coker,,Luther Burden III,FLEX,0.58%,10.5
183,5253262575,dewittDFS (135/150),0,236.95999,DST Bengals  FLEX Ashton Jeanty QB Lamar Jackson RB Jahmyr Gibbs RB D'Andre Swift TE Michael Mayer WR Amon-Ra St. Brown WR Zay Flowers WR Caleb Douglas,,Tetairoa McMillan,FLEX,0.58%,11.5
184,5212577206,graham777 (26/150),0,236.93999,DST Jaguars  FLEX Ashton Jeanty QB Bryce Young RB Jahmyr Gibbs RB Bucky Irving TE Juwan Johnson WR Chris Olave WR Tetairoa McMillan WR Jalen Coker,,Caleb Douglas,FLEX,0.57%,14.4
184,5213613718,graham777 (131/150),0,236.93999,DST Jaguars  FLEX Ashton Jeanty QB Bryce Young RB Jahmyr Gibbs RB Bucky Irving TE Juwan Johnson WR Chris Olave WR Tetairoa McMillan WR Jalen Coker,,Mason Taylor,TE,0.56%,1.8
184,5236803485,rik03666 (76/150),0,236.93999,DST Jets  FLEX Devaughn Vele QB Bryce Young RB Jahmyr Gibbs RB Derrick Henry TE Colston Loveland WR Amon-Ra St. Brown WR Chris Olave WR Jalen Coker,,Tre' Harris,WR,0.56%,5
187,5250680109,jwochner (24/24),0,236.9,DST Jaguars  FLEX Jalen Coker QB Tyler Shough RB Jahmyr Gibbs RB Bijan Robinson TE Michael Mayer WR Amon-Ra St. Brown WR Chris Olave WR Devaughn Vele,,Jordan Mason,RB,0.56%,11.9
187,5253652742,Weskat (44/150),0,236.9,DST Eagles  FLEX Jahmyr Gibbs QB Tyler Shough RB Bijan Robinson RB D'Andre Swift TE T.J. Hockenson WR Chris Olave WR Christian Watson WR Devaughn Vele,,Garrett Wilson,FLEX,0.56%,13.9
189,5230073966,jkudla1027,0,236.85999,DST Dolphins  FLEX Bucky Irving QB Josh Allen RB Jahmyr Gibbs RB David Montgomery TE Juwan Johnson WR Chris Olave WR DJ Moore WR Jalen Coker,,Cooper Rush,QB,0.55%,7.72
190,5252411653,tadavisii (73/150),0,236.84,DST Steelers  FLEX Jahmyr Gibbs QB Bryce Young RB Derrick Henry RB Bucky Irving TE Michael Mayer WR Amon-Ra St. Brown WR Tetairoa McMillan WR Jalen Coker,,Michael Wilson,FLEX,0.54%,10.6
191,5204627616,SoulChild (67/150),0,236.8,DST Steelers  FLEX Breece Hall QB Trevor Lawrence RB Jahmyr Gibbs RB Bijan Robinson TE Michael Mayer WR Christian Watson WR Parker Washington WR Jalen Coker,,David Montgomery,FLEX,0.54%,28.9
192,5244640177,Anoka2009 (100/150),0,236.7,DST Jets  FLEX Ashton Jeanty QB Trevor Lawrence RB Jahmyr Gibbs RB Derrick Henry TE Brenton Strange WR Zay Flowers WR Garrett Wilson WR Jalen Coker,,Oronde Gadsden II,TE,0.54%,5.2
192,5250072449,rzaroch36 (9/135),0,236.69998,DST Raiders  FLEX D'Andre Swift QB Tyler Shough RB Jahmyr Gibbs RB Ashton Jeanty TE Juwan Johnson WR Chris Olave WR Terry McLaurin WR Jalen Coker,,Chris Godwin Jr.,FLEX,0.53%,8.3
194,5249898773,COLTSwLuCKeOline (88/150),0,236.6,DST Jets  FLEX David Montgomery QB Tyler Shough RB Jonathan Taylor RB Derrick Henry TE Michael Mayer WR Chris Olave WR Zay Flowers WR Christian Watson,,Darren Waller,TE,0.53%,4.8
195,5252606765,emluna713 (32/150),0,236.53998,DST Raiders  FLEX Justin Jefferson QB Bryce Young RB Jahmyr Gibbs RB Ashton Jeanty TE Dallas Goedert WR Ja'Marr Chase WR Jalen Coker WR Devaughn Vele,,Jalen Coker,FLEX,0.52%,36.8
195,5253756241,vargas_63 (56/150),0,236.53998,DST Raiders  FLEX Justin Jefferson QB Bryce Young RB Jahmyr Gibbs RB Ashton Jeanty TE Dallas Goedert WR Ja'Marr Chase WR Jalen Coker WR Devaughn Vele,,Chig Okonkwo,TE,0.50%,3.6
197,5250801527,xwmw (2/150),0,236.5,DST Raiders  FLEX Derrick Henry QB Tyler Shough RB Jahmyr Gibbs RB Bijan Robinson TE Juwan Johnson WR Chris Olave WR Jalen Coker WR Tre Tucker,,James Cook III,FLEX,0.50%,9.9
197,5253780682,nepats1345 (77/150),0,236.49998,DST Raiders  FLEX Ashton Jeanty QB Tyler Shough RB Bijan Robinson RB Jonathan Taylor TE Juwan Johnson WR Chris Olave WR Christian Watson WR Devaughn Vele,,Makai Lemon,WR,0.50%,2.5
199,5250097806,BucNasty27 (17/150),0,236.46,DST Jets  FLEX D'Andre Swift QB Caleb Williams RB Bijan Robinson RB Derrick Henry TE Michael Mayer WR Amon-Ra St. Brown WR Luther Burden III WR Jalen Coker,,Tony Pollard,FLEX,0.47%,4.4
199,5252893351,kaysizzle (15/150),0,236.45999,DST Raiders  FLEX Ashton Jeanty QB Caleb Williams RB Jahmyr Gibbs RB Derrick Henry TE Dallas Goedert WR Christian Watson WR Luther Burden III WR Tre Tucker,,Aaron Jones Sr.,RB,0.46%,10
201,5250481824,BlackHaze11 (15/150),0,236.4,DST Steelers  FLEX Ashton Jeanty QB Trevor Lawrence RB Chase Brown RB Derrick Henry TE Juwan Johnson WR Zay Flowers WR Parker Washington WR Jalen Coker,,Gunnar Helm,TE,0.46%,6.8
202,5252557926,Celticsnc (69/150),0,236.38,DST Raiders  FLEX Bucky Irving QB Jordan Love RB Jonathan Taylor RB Derrick Henry TE Tucker Kraft WR Chris Olave WR Christian Watson WR Jalen Coker,,Chris Bell,WR,0.45%,3.5
203,5252769695,jmaurilus (18/50),0,236.34,DST Eagles  FLEX D'Andre Swift QB Bryce Young RB Bijan Robinson RB Breece Hall TE Michael Mayer WR Justin Jefferson WR Chris Olave WR Jalen Coker,,Jerry Jeudy,WR,0.44%,4.6
204,5245003846,TY54321 (139/150),0,236.29999,DST Steelers  FLEX Christian Watson QB Tyler Shough RB Jahmyr Gibbs RB Ashton Jeanty TE Sam LaPorta WR Chris Olave WR Ladd McConkey WR Devaughn Vele,,Terry McLaurin,FLEX,0.44%,3.4
205,5249950093,ejm030 (9/10),0,236.25998,DST Jaguars  FLEX Kendrick Bourne QB Lamar Jackson RB Derrick Henry RB Ashton Jeanty TE Mark Andrews WR Chris Olave WR Zay Flowers WR Christian Watson,,Ted Hurst III,WR,0.44%,6.6
205,5252912886,cameronhart23 (40/150),0,236.25998,DST Jets  FLEX Michael Mayer QB Lamar Jackson RB Derrick Henry RB Ashton Jeanty TE Dallas Goedert WR Justin Jefferson WR Chris Olave WR Zay Flowers,,Parker Washington,FLEX,0.43%,19.3
207,5246040409,Cody2191 (108/150),0,236.23999,DST Jets  FLEX Derrick Henry QB Bryce Young RB Jahmyr Gibbs RB Bijan Robinson TE Juwan Johnson WR Amon-Ra St. Brown WR Jalen Coker WR Tre Tucker,,Kayshon Boutte,WR,0.43%,3.1
208,5246395573,npal09 (100/150),0,236.15999,DST Jaguars  FLEX Justin Jefferson QB Lamar Jackson RB Derrick Henry RB D'Andre Swift TE Michael Mayer WR Chris Olave WR Zay Flowers WR Devaughn Vele,,Jameson Williams,FLEX,0.41%,8.5
209,5249937863,jroc0320 (108/150),0,236.14,DST Buccaneers  FLEX Ashton Jeanty QB Bryce Young RB Bijan Robinson RB D'Andre Swift TE Sam LaPorta WR Chris Olave WR Tetairoa McMillan WR Jalen Coker,,Jalen Nailor,FLEX,0.40%,5.7
209,5252025682,jjwattup (149/150),0,236.14,DST Lions  FLEX Justin Jefferson QB Bryce Young RB Jahmyr Gibbs RB D'Andre Swift TE Michael Mayer WR Zay Flowers WR Tetairoa McMillan WR Jalen Coker,,Cade Otton,FLEX,0.38%,5.6
211,5253752964,stevena86 (11/150),0,236.1,DST Bengals  FLEX Jahmyr Gibbs QB Tyler Shough RB D'Andre Swift RB Chuba Hubbard TE Tyler Warren WR Chris Olave WR Garrett Wilson WR Jalen Coker,,David Njoku,TE,0.38%,10.8
211,5245495000,Lingweenie (46/150),0,236.09999,DST Steelers  FLEX Jahmyr Gibbs QB Trevor Lawrence RB Derrick Henry RB D'Andre Swift TE Brenton Strange WR Justin Jefferson WR Parker Washington WR Devaughn Vele,,Rico Dowdle,FLEX,0.36%,4.1
213,5250413927,ChiefST (75/150),0,236.01999,DST Steelers  FLEX Dallas Goedert QB Jalen Hurts RB Jahmyr Gibbs RB Ashton Jeanty TE Juwan Johnson WR Justin Jefferson WR Garrett Wilson WR Jalen Coker,,Wan'Dale Robinson,FLEX,0.36%,8.8
214,5252786993,rotomwash (27/149),0,235.99998,DST Jaguars  FLEX Dallas Goedert QB Tyler Shough RB Jahmyr Gibbs RB Derrick Henry TE Juwan Johnson WR Amon-Ra St. Brown WR Chris Olave WR Devaughn Vele,,Jeremiyah Love,RB,0.36%,13
215,5252786997,rotomwash (31/149),0,235.95998,DST Steelers  FLEX Juwan Johnson QB Josh Allen RB Jahmyr Gibbs RB Derrick Henry TE Michael Mayer WR Amon-Ra St. Brown WR Justin Jefferson WR Devaughn Vele,,Deshaun Watson,QB,0.34%,15
216,5248826589,bthig (98/120),0,235.93999,DST Steelers  FLEX Jahmyr Gibbs QB Bryce Young RB Derrick Henry RB D'Andre Swift TE Juwan Johnson WR Tetairoa McMillan WR Jameson Williams WR Jalen Coker,,Tyler Allgeier,RB,0.34%,9
216,5250517420,currypower (150/150),0,235.93999,DST Vikings  FLEX Ashton Jeanty QB Bryce Young RB Jahmyr Gibbs RB D'Andre Swift TE Dalton Schultz WR Chris Olave WR DeVonta Smith WR Jalen Coker,,Matthew Golden,FLEX,0.32%,15.5
216,5252785531,cawilson88 (100/150),0,235.93999,DST Raiders  FLEX Jalen Coker QB Bryce Young RB Jahmyr Gibbs RB Ashton Jeanty TE Michael Mayer WR Amon-Ra St. Brown WR Zay Flowers WR Luther Burden III,,Jonathon Brooks,RB,0.30%,7.2
219,5247485639,jay2tharoc (68/100),0,235.84,DST Jets  FLEX Ashton Jeanty QB Bryce Young RB Bijan Robinson RB D'Andre Swift TE Tucker Kraft WR Chris Olave WR Tetairoa McMillan WR Jalen Coker,,Emeka Egbuka,FLEX,0.30%,11.3
219,5251508778,alanjmr29 (108/150),0,235.84,DST Jaguars  FLEX Jalen Coker QB Bryce Young RB Jahmyr Gibbs RB Derrick Henry TE Dallas Goedert WR Zay Flowers WR Tetairoa McMillan WR Luther Burden III,,Drake London,FLEX,0.30%,5.5
221,5251788410,matthewwalsh (84/150),0,235.69998,DST Cardinals  FLEX Zay Flowers QB Tyler Shough RB Jahmyr Gibbs RB Ashton Jeanty TE Juwan Johnson WR Amon-Ra St. Brown WR Chris Olave WR Devaughn Vele,,Jordan Addison,FLEX,0.30%,0
222,5238455474,sbrahm22 (32/150),0,235.63998,DST Titans  FLEX Jahmyr Gibbs QB Bryce Young RB Jonathan Taylor RB Derrick Henry TE Tyler Warren WR Chris Olave WR Jalen Coker WR Devaughn Vele,,Nico Collins,FLEX,0.29%,21.2
223,5252088735,jimmyb01938 (15/29),0,235.6,DST Steelers  FLEX Jahmyr Gibbs QB Tyler Shough RB D'Andre Swift RB Bhayshul Tuten TE Dallas Goedert WR Chris Olave WR Garrett Wilson WR Jalen Coker,,Woody Marks,RB,0.29%,5
223,5248817201,jablo9398 (60/150),0,235.59999,DST Dolphins  FLEX Justin Jefferson QB Tyler Shough RB Jahmyr Gibbs RB Bijan Robinson TE Juwan Johnson WR Chris Olave WR Jalen Coker WR Devaughn Vele,,Kenny Gainwell,FLEX,0.29%,2.8
225,5247501659,cashyobe (30/150),0,235.54001,DST Cardinals  FLEX Derrick Henry QB Bryce Young RB Jahmyr Gibbs RB Bijan Robinson TE Darren Waller WR Chris Olave WR Alec Pierce WR Jalen Coker,,Michael Pittman Jr.,FLEX,0.29%,8.8
225,5249990267,jparker470 (20/98),0,235.54,DST Jets  FLEX Ashton Jeanty QB Bryce Young RB Jahmyr Gibbs RB Bijan Robinson TE Michael Mayer WR Zay Flowers WR Tetairoa McMillan WR Jalen Coker,,DK Metcalf,FLEX,0.27%,8
225,5250177409,Hawl589 (24/150),0,235.54,DST Jets  FLEX Ashton Jeanty QB Bryce Young RB Jahmyr Gibbs RB Bijan Robinson TE Michael Mayer WR Zay Flowers WR Tetairoa McMillan WR Jalen Coker,,Kyle Pitts Sr.,FLEX,0.26%,0
225,5251756357,MaxTheMin (97/150),0,235.54,DST Jets  FLEX Jalen Coker QB Bryce Young RB Jahmyr Gibbs RB Derrick Henry TE Michael Mayer WR Amon-Ra St. Brown WR Zay Flowers WR Tetairoa McMillan,,Mike Washington Jr.,RB,0.26%,4.1
225,5252577032,jskelly (11/150),0,235.54,DST Jets  FLEX Ashton Jeanty QB Bryce Young RB Jahmyr Gibbs RB Bijan Robinson TE Michael Mayer WR Zay Flowers WR Tetairoa McMillan WR Jalen Coker,,Jacory Croskey-Merritt,RB,0.26%,12.6
230,5252938925,Quindaro_kid (16/20),0,235.44,DST Jaguars  FLEX Jahmyr Gibbs QB Bryce Young RB D'Andre Swift RB David Montgomery TE Cade Otton WR Chris Olave WR Tetairoa McMillan WR Jalen Coker,,Chris Rodriguez Jr.,RB,0.25%,2.3
230,5253269753,Delzercode (135/150),0,235.44,DST Jaguars  FLEX Dallas Goedert QB Bryce Young RB Jonathan Taylor RB D'Andre Swift TE Trey McBride WR Zay Flowers WR Tetairoa McMillan WR Jalen Coker,,Bhayshul Tuten,FLEX,0.25%,9.8
230,5252259439,knows1 (12/150),0,235.43999,DST Bengals  FLEX Jahmyr Gibbs QB Bryce Young RB Bijan Robinson RB Derrick Henry TE Juwan Johnson WR Zay Flowers WR Tetairoa McMillan WR Devaughn Vele,,Quinshon Judkins,FLEX,0.24%,7
230,5252372636,shadyTD (110/150),0,235.43999,DST Titans  FLEX D'Andre Swift QB Bryce Young RB Jahmyr Gibbs RB Derrick Henry TE Michael Mayer WR Justin Jefferson WR Tetairoa McMillan WR Jalen Coker,,Charlie Kolar,FLEX,0.24%,0
234,5250488940,clintjr8195 (146/150),0,235.42,DST Titans  FLEX Jahmyr Gibbs QB Jalen Hurts RB Jonathan Taylor RB D'Andre Swift TE Dallas Goedert WR Chris Olave WR Jalen Coker WR Devaughn Vele,,Malik Washington,FLEX,0.23%,7.3
235,5250239701,OrangeCowboyFan44 (101/150),0,235.39998,DST Colts  FLEX Christian Watson QB Tyler Shough RB Bijan Robinson RB Ashton Jeanty TE Dallas Goedert WR Amon-Ra St. Brown WR Chris Olave WR Devaughn Vele,,Aaron Jones Sr.,FLEX,0.23%,10
236,5253416983,bigredjim3030 (4/9),0,235.35999,DST Steelers  FLEX Jahmyr Gibbs QB Josh Allen RB D'Andre Swift RB David Montgomery TE Dalton Kincaid WR Justin Jefferson WR Tre Tucker WR Devaughn Vele,,Calvin Ridley,WR,0.23%,0
237,5253225342,comac,0,235.26,DST Steelers  FLEX Zay Flowers QB Lamar Jackson RB Bijan Robinson RB Derrick Henry TE Cole Kmet WR Christian Watson WR Josh Downs WR Jalen Coker,,Dontayvion Wicks,FLEX,0.23%,15.3
238,5253569454,jpfreed (85/150),0,235.23999,DST Steelers  FLEX Michael Mayer QB Bryce Young RB Jahmyr Gibbs RB Saquon Barkley TE Trey McBride WR Zay Flowers WR Christian Watson WR Jalen Coker,,Stefon Diggs,FLEX,0.23%,15.5
239,5249969733,kreller17 (133/150),0,235.18,DST Bengals  FLEX Christian Watson QB Jordan Love RB Jahmyr Gibbs RB Derrick Henry TE Michael Mayer WR Nico Collins WR Garrett Wilson WR Jalen Coker,,Chuba Hubbard,FLEX,0.23%,23.7
239,5252690688,JabronieNuclear (87/150),0,235.18,DST Steelers  FLEX Christian Watson QB Jordan Love RB Derrick Henry RB D'Andre Swift TE Dallas Goedert WR Zay Flowers WR Emeka Egbuka WR Parker Washington,,Andrei Iosivas,WR,0.23%,3.2
241,5250593046,CrYpTo_Cowboy (11/150),0,235.13998,DST Jets  FLEX Derrick Henry QB Bryce Young RB Jahmyr Gibbs RB Jonathan Taylor TE Michael Mayer WR Chris Olave WR Tetairoa McMillan WR Jalen Coker,,Dalton Kincaid,FLEX,0.21%,21
241,5252306611,CJCashing (16/150),0,235.13998,DST Jets  FLEX Derrick Henry QB Bryce Young RB Jahmyr Gibbs RB Jonathan Taylor TE Michael Mayer WR Chris Olave WR Tetairoa McMillan WR Jalen Coker,,DJ Moore,FLEX,0.20%,24
241,5253397665,BallHawk2345 (39/150),0,235.13998,DST Jets  FLEX Derrick Henry QB Bryce Young RB Jahmyr Gibbs RB Jonathan Taylor TE Michael Mayer WR Chris Olave WR Tetairoa McMillan WR Jalen Coker,,Travis Hunter,WR,0.20%,2.1
244,5251183793,drmcpool (140/150),0,235.1,DST Jaguars  FLEX Tre Tucker QB Tyler Shough RB Jahmyr Gibbs RB Derrick Henry TE Pat Freiermuth WR Amon-Ra St. Brown WR Chris Olave WR Jalen Coker,,Josh Downs,FLEX,0.20%,5.7
245,5250866361,pokerkid7j (120/150),0,235.04,DST Raiders  FLEX James Cook III QB Bryce Young RB Jahmyr Gibbs RB Chuba Hubbard TE Dallas Goedert WR Christian Watson WR Ladd McConkey WR Jalen Coker,,Xavier Hutchinson,WR,0.20%,6.2
245,5253391645,DaCookieMonster31 (39/150),0,235.03998,DST Bengals  FLEX D'Andre Swift QB Bryce Young RB Jahmyr Gibbs RB Ashton Jeanty TE Tyler Warren WR Chris Olave WR Tetairoa McMillan WR Devaughn Vele,,Isaac TeSlaa,WR,0.19%,0
247,5252549940,NYJETS96 (1/9),0,235,DST Jaguars  FLEX Derrick Henry QB Tyler Shough RB Jahmyr Gibbs RB Breece Hall TE Dallas Goedert WR Chris Olave WR Parker Washington WR Devaughn Vele,,Tre' Harris,FLEX,0.18%,5
247,5252482124,woodreb5 (4/25),0,234.99998,DST Browns  FLEX Ashton Jeanty QB Tyler Shough RB Jahmyr Gibbs RB Bijan Robinson TE Juwan Johnson WR Chris Olave WR Christian Watson WR Devaughn Vele,,Jordan Mason,FLEX,0.18%,11.9
247,5252945936,Zahbree93 (65/150),0,234.99998,DST Cardinals  FLEX D'Andre Swift QB Tyler Shough RB Jahmyr Gibbs RB Bijan Robinson TE Michael Mayer WR Justin Jefferson WR Chris Olave WR Devaughn Vele,,Jeremiyah Love,FLEX,0.17%,13
250,5207289287,ProfitProphet29 (43/150),0,234.98,DST Raiders  FLEX Jaylen Warren QB Jordan Love RB Jahmyr Gibbs RB Ashton Jeanty TE Michael Mayer WR Justin Jefferson WR Christian Watson WR Jalen Coker,,Ja'Kobi Lane,FLEX,0.17%,2.1
251,5250575484,turibes (146/150),0,234.9,DST Titans  FLEX Jahmyr Gibbs QB Tyler Shough RB D'Andre Swift RB Bucky Irving TE Juwan Johnson WR Chris Olave WR Zay Flowers WR Jalen Coker,,Kyle Monangai,RB,0.16%,23.4
251,5252422033,amarlls (8/30),0,234.9,DST Browns  FLEX Christian Watson QB Tyler Shough RB Jahmyr Gibbs RB Bucky Irving TE Juwan Johnson WR Amon-Ra St. Brown WR Chris Olave WR Jalen Coker,,Jauan Jennings,FLEX,0.16%,0
253,5250628721,philip214 (103/150),0,234.84,DST Jets  FLEX Ashton Jeanty QB Bryce Young RB Jahmyr Gibbs RB Breece Hall TE Tyler Warren WR Tetairoa McMillan WR Christian Watson WR Jalen Coker,,Mike Gesicki,FLEX,0.16%,18.8
254,5246127807,RegalDeagle (13/150),0,234.79999,DST Buccaneers  FLEX Ashton Jeanty QB Tyler Shough RB Bijan Robinson RB D'Andre Swift TE Juwan Johnson WR Amon-Ra St. Brown WR Chris Olave WR Devaughn Vele,,Kenyon Sadiq,TE,0.16%,11.4
254,5249958742,peltifreeze89 (77/150),0,234.79999,DST Jets  FLEX Ashton Jeanty QB Tyler Shough RB Bijan Robinson RB D'Andre Swift TE Juwan Johnson WR Amon-Ra St. Brown WR Chris Olave WR Devaughn Vele,,Tyler Allgeier,FLEX,0.15%,9
256,5206776728,kcelite13 (29/150),0,234.76,DST Steelers  FLEX David Montgomery QB Lamar Jackson RB Jahmyr Gibbs RB Derrick Henry TE Juwan Johnson WR DJ Moore WR Carnell Tate WR Jalen Coker,,Hollywood Brown,WR,0.15%,0
257,5250504000,billy11199 (100/150),0,234.73999,DST Jets  FLEX Justin Jefferson QB Bryce Young RB Jahmyr Gibbs RB D'Andre Swift TE Michael Mayer WR Chris Olave WR Tee Higgins WR Jalen Coker,,Denzel Boston,WR,0.14%,13.9
258,5252728361,csvt2354 (20/20),0,234.7,DST Jets  FLEX Jahmyr Gibbs QB Tyler Shough RB Bijan Robinson RB Derrick Henry TE Michael Mayer WR Chris Olave WR Zay Flowers WR Devaughn Vele,,Zavion Thomas,WR,0.14%,0
258,5253268950,pokergod18 (87/100),0,234.7,DST Jets  FLEX Derrick Henry QB Tyler Shough RB Jahmyr Gibbs RB Bijan Robinson TE Michael Mayer WR Chris Olave WR Zay Flowers WR Devaughn Vele,,Greg Dulcich,FLEX,0.14%,3.8
260,5250481821,BlackHaze11 (12/150),0,234.66,DST Steelers  FLEX D'Andre Swift QB C.J. Stroud RB Jahmyr Gibbs RB Bijan Robinson TE Dalton Schultz WR Christian Watson WR Garrett Wilson WR Jalen Coker,,Mike Washington Jr.,FLEX,0.14%,4.1
260,5252199446,dstokes88 (23/150),0,234.65999,DST Steelers  FLEX Zay Flowers QB Lamar Jackson RB Jonathan Taylor RB Derrick Henry TE Mark Andrews WR Amon-Ra St. Brown WR Jalen Coker WR Devaughn Vele,,Tyjae Spears,RB,0.14%,4.4
260,5252900507,tiptoe06 (31/43),0,234.65999,DST Steelers  FLEX Devaughn Vele QB Lamar Jackson RB Jonathan Taylor RB Derrick Henry TE Mark Andrews WR Amon-Ra St. Brown WR Zay Flowers WR Jalen Coker,,Rome Odunze,FLEX,0.13%,7.2
263,5250871317,White3agle (39/150),0,234.64,DST Steelers  FLEX Breece Hall QB Bryce Young RB Jahmyr Gibbs RB Derrick Henry TE Dallas Goedert WR Tetairoa McMillan WR Luther Burden III WR Jalen Coker,,Keon Coleman,WR,0.13%,1.1
264,5239853573,Abe_Binkin (120/150),0,234.56001,DST Raiders  FLEX Ashton Jeanty QB Caleb Williams RB Derrick Henry RB D'Andre Swift TE Trey McBride WR Luther Burden III WR Jalen Coker WR Kayshon Boutte,,Bryce Lance,WR,0.13%,7.2
264,5253531446,easykane (15/24),0,234.56,DST Jets  FLEX Derrick Henry QB Lamar Jackson RB Jonathan Taylor RB Ashton Jeanty TE Michael Mayer WR Chris Olave WR Parker Washington WR Jalen Coker,,Rachaad White,RB,0.13%,4.7
266,5250399099,milligolf (1/150),0,234.49998,DST Jaguars  FLEX Ashton Jeanty QB Tyler Shough RB Derrick Henry RB Travis Etienne Jr. TE Dallas Goedert WR Amon-Ra St. Brown WR Chris Olave WR Devaughn Vele,,Alec Pierce,FLEX,0.13%,10.1
267,5247008524,thetfont (2/2),0,234.48,DST Jaguars  FLEX Dallas Goedert QB Jacoby Brissett RB Jahmyr Gibbs RB Bijan Robinson TE Trey McBride WR Chris Olave WR Jalen Coker WR Devaughn Vele,,Chris Bell,FLEX,0.13%,3.5
268,5252785019,Boondada (47/80),0,234.4,DST Raiders  FLEX Ashton Jeanty QB Tyler Shough RB Jahmyr Gibbs RB Derrick Henry TE Brenton Strange WR Chris Olave WR Ladd McConkey WR Devaughn Vele,,Pat Freiermuth,FLEX,0.12%,15.6
269,5253166210,Johnb95 (98/150),0,234.29999,DST Jaguars  FLEX Derrick Henry QB Tyler Shough RB Jahmyr Gibbs RB De'Von Achane TE Mike Gesicki WR Chris Olave WR Christian Watson WR Devaughn Vele,,Jakobi Meyers,FLEX,0.12%,12.2
270,5252686290,Sechrist_ryan (140/150),0,234.24,DST Commanders  FLEX Omarion Hampton QB Bryce Young RB Jahmyr Gibbs RB Derrick Henry TE T.J. Hockenson WR Chris Olave WR Zay Flowers WR Jalen Coker,,Khalil Shakir,FLEX,0.12%,9
271,5247556066,supercharger23 (1/10),0,234.2,DST Steelers  FLEX Breece Hall QB Tyler Shough RB Jahmyr Gibbs RB D'Andre Swift TE Juwan Johnson WR Justin Jefferson WR Chris Olave WR Caleb Douglas,,Jacory Croskey-Merritt,FLEX,0.11%,12.6
271,5252918845,Bosoxer (78/150),0,234.2,DST Jets  FLEX Sam LaPorta QB Tyler Shough RB Jahmyr Gibbs RB Derrick Henry TE Juwan Johnson WR Chris Olave WR Zay Flowers WR Christian Watson,,Darren Waller,FLEX,0.11%,4.8
271,5204533630,huntaamorgan (37/150),0,234.19998,DST Bengals  FLEX Derrick Henry QB Tyler Shough RB Jahmyr Gibbs RB James Cook III TE Juwan Johnson WR Chris Olave WR Christian Watson WR Devaughn Vele,,Adonai Mitchell,FLEX,0.11%,9
274,5252983859,Egarknowsbest (109/150),0,234.13998,DST Browns  FLEX Amon-Ra St. Brown QB Bryce Young RB Jonathan Taylor RB Derrick Henry TE Dallas Goedert WR Chris Olave WR Garrett Wilson WR Jalen Coker,,Carnell Tate,FLEX,0.10%,7.8
274,5252069305,wkeicher (46/150),0,234.13997,DST Raiders  FLEX Ashton Jeanty QB Bryce Young RB Jahmyr Gibbs RB Chuba Hubbard TE Mark Andrews WR Amon-Ra St. Brown WR Chris Olave WR Devaughn Vele,,Brian Thomas Jr.,FLEX,0.10%,7
276,5250517374,currypower (104/150),0,234.06,DST Steelers  FLEX Ashton Jeanty QB Lamar Jackson RB Jahmyr Gibbs RB D'Andre Swift TE Pat Freiermuth WR Zay Flowers WR Garrett Wilson WR Devaughn Vele,,Xavier Legette,WR,0.10%,0
277,5248826553,bthig (62/120),0,234.04,DST Jaguars  FLEX Ashton Jeanty QB Bryce Young RB Bijan Robinson RB D'Andre Swift TE Mark Andrews WR Zay Flowers WR Jameson Williams WR Jalen Coker,,Olamide Zaccheaus,WR,0.10%,1.5
277,5252411672,tadavisii (92/150),0,234.04,DST Jaguars  FLEX Jahmyr Gibbs QB Bryce Young RB Jonathan Taylor RB D'Andre Swift TE Michael Mayer WR Zay Flowers WR Tetairoa McMillan WR Jalen Coker,,KC Concepcion,FLEX,0.10%,8.8
279,5248586304,afcgreen27 (90/150),0,234,DST Bengals  FLEX Mike Gesicki QB Trevor Lawrence RB Jahmyr Gibbs RB Jonathan Taylor TE Dallas Goedert WR Amon-Ra St. Brown WR Christian Watson WR Parker Washington,,Chig Okonkwo,FLEX,0.10%,3.6
279,5249954513,afcgreen27 (106/150),0,234,DST Bengals  FLEX Ashton Jeanty QB Trevor Lawrence RB Derrick Henry RB D'Andre Swift TE Dallas Goedert WR Amon-Ra St. Brown WR Parker Washington WR Wan'Dale Robinson,,Makai Lemon,FLEX,0.09%,2.5
279,5252993459,hgh13 (14/18),0,234,DST Jaguars  FLEX Bijan Robinson QB Tyler Shough RB Jahmyr Gibbs RB Jonathan Taylor TE Juwan Johnson WR Chris Olave WR Jalen Coker WR Caleb Douglas,,Mason Taylor,FLEX,0.09%,1.8
282,5250678814,Ale0626 (84/150),0,233.95999,DST Browns  FLEX Bijan Robinson QB Caleb Williams RB Jahmyr Gibbs RB D'Andre Swift TE Colston Loveland WR Christian Watson WR Jalen Coker WR Devaughn Vele,,Oronde Gadsden II,FLEX,0.09%,5.2
283,5245655402,BondJamesBond (115/150),0,233.93999,DST Jets  FLEX Jahmyr Gibbs QB Bryce Young RB Derrick Henry RB D'Andre Swift TE T.J. Hockenson WR Amon-Ra St. Brown WR Chris Olave WR Tre Tucker,,Kendrick Bourne,WR,0.09%,15.5
283,5251774912,brianstacia (78/100),0,233.93999,DST Jets  FLEX Zay Flowers QB Bryce Young RB Bijan Robinson RB Derrick Henry TE Mark Andrews WR Nico Collins WR DJ Moore WR Jalen Coker,,Woody Marks,FLEX,0.09%,5
285,5252259206,GGHOSTMANH (112/150),0,233.81998,DST Steelers  FLEX Jahmyr Gibbs QB Jalen Hurts RB Derrick Henry RB D'Andre Swift TE Dallas Goedert WR Chris Olave WR Luther Burden III WR Caleb Douglas,,Chris Rodriguez Jr.,FLEX,0.08%,2.3
286,5252623132,KOCANNON (10/15),0,233.76,DST Jets  FLEX Derrick Henry QB Josh Allen RB D'Andre Swift RB David Montgomery TE Dalton Kincaid WR Ladd McConkey WR DJ Moore WR Parker Washington,,Rashod Bateman,FLEX,0.08%,0
287,5244838334,wallywiseguy (9/10),0,233.74,DST Jaguars  FLEX Jahmyr Gibbs QB Bryce Young RB Chase Brown RB D'Andre Swift TE Cade Otton WR Justin Jefferson WR Jalen Coker WR Devaughn Vele,,Tez Johnson,WR,0.08%,-0.4
287,5252866465,ilanwor (86/150),0,233.74,DST Jets  FLEX Christian Watson QB Bryce Young RB Jahmyr Gibbs RB D'Andre Swift TE Chig Okonkwo WR Amon-Ra St. Brown WR Tetairoa McMillan WR Jalen Coker,,Cole Kmet,TE,0.08%,11.5
287,5250047412,bentman013 (65/150),0,233.73999,DST Vikings  FLEX Ashton Jeanty QB Bryce Young RB Jahmyr Gibbs RB Chase Brown TE Tyler Warren WR Justin Jefferson WR Jalen Coker WR Devaughn Vele,,Jerry Jeudy,FLEX,0.08%,4.6
290,5253353119,yungsamuel97 (9/150),0,233.71997,DST Jets  FLEX Jahmyr Gibbs QB Jalen Hurts RB Derrick Henry RB D'Andre Swift TE Dallas Goedert WR Chris Olave WR Garrett Wilson WR Devaughn Vele,,Dawson Knox,TE,0.07%,1.7
291,5252249208,smithdereck012 (43/147),0,233.7,DST Jets  FLEX Ashton Jeanty QB Tyler Shough RB Jonathan Taylor RB Derrick Henry TE Pat Freiermuth WR Amon-Ra St. Brown WR Chris Olave WR Devaughn Vele,,Darnell Washington,TE,0.07%,3.8
291,5252768269,CarlJungMC (112/150),0,233.7,DST Bengals  FLEX Jalen Coker QB Tyler Shough RB Jonathan Taylor RB D'Andre Swift TE Juwan Johnson WR Amon-Ra St. Brown WR Chris Olave WR Garrett Wilson,,Keaton Mitchell,RB,0.07%,0.9
291,5252953639,Dane0944 (97/150),0,233.69998,DST Bengals  FLEX Ashton Jeanty QB Tyler Shough RB Bijan Robinson RB Breece Hall TE Juwan Johnson WR Justin Jefferson WR Chris Olave WR Devaughn Vele,,Erick All Jr.,TE,0.07%,0
294,5238771678,TONYBLUE8 (110/150),0,233.66,DST Saints  FLEX Tyler Warren QB Caleb Williams RB Jahmyr Gibbs RB D'Andre Swift TE Juwan Johnson WR Amon-Ra St. Brown WR Chris Olave WR Jalen Coker,,Jack Bech,WR,0.07%,11.3
294,5250047409,bentman013 (62/150),0,233.66,DST Eagles  FLEX Dallas Goedert QB Lamar Jackson RB Derrick Henry RB D'Andre Swift TE Sam LaPorta WR Amon-Ra St. Brown WR Zay Flowers WR Jalen Coker,,Omar Cooper Jr.,WR,0.07%,4
296,5252978117,Mciampa98 (68/150),0,233.64001,DST Titans  FLEX Ashton Jeanty QB Bryce Young RB Jonathan Taylor RB D'Andre Swift TE Dallas Goedert WR Zay Flowers WR Tetairoa McMillan WR Jalen Coker,,Keenan Allen,FLEX,0.07%,9.2
296,5249898740,COLTSwLuCKeOline (55/150),0,233.63998,DST Chargers  FLEX Breece Hall QB Bryce Young RB Jahmyr Gibbs RB Jonathan Taylor TE Michael Mayer WR Zay Flowers WR Christian Watson WR Jalen Coker,,Jonathon Brooks,FLEX,0.07%,7.2
296,5252865468,sheva76 (141/150),0,233.63998,DST Browns  FLEX D'Andre Swift QB Bryce Young RB Jahmyr Gibbs RB Bijan Robinson TE Michael Mayer WR Amon-Ra St. Brown WR Ladd McConkey WR Jalen Coker,,Ted Hurst III,FLEX,0.07%,6.6
299,5251658188,cquigs12 (66/150),0,233.59999,DST Jaguars  FLEX Bijan Robinson QB Tyler Shough RB Ashton Jeanty RB D'Andre Swift TE Michael Mayer WR Amon-Ra St. Brown WR Chris Olave WR Devaughn Vele,,Jahan Dotson,WR,0.06%,2.9
300,5250002853,ETeRNaL21 (20/150),0,233.56,DST Jaguars  FLEX Bucky Irving QB Lamar Jackson RB Jonathan Taylor RB D'Andre Swift TE Dallas Goedert WR Zay Flowers WR Parker Washington WR Jalen Coker,,Jaylin Noel,WR,0.06%,7.3
300,5252693300,kenu0878 (78/150),0,233.56,DST Eagles  FLEX Dallas Goedert QB Lamar Jackson RB Jahmyr Gibbs RB David Montgomery TE Juwan Johnson WR Chris Olave WR Zay Flowers WR Jalen Coker,,David Njoku,FLEX,0.06%,10.8
302,5252934284,foursons (132/150),0,233.5,DST Bengals  FLEX Chris Olave QB Tyler Shough RB Derrick Henry RB David Montgomery TE Tyler Warren WR Amon-Ra St. Brown WR Zay Flowers WR Devaughn Vele,,Kyle Monangai,FLEX,0.06%,23.4
303,5252200641,IronM1ke53 (52/150),0,233.43999,DST Browns  FLEX Ashton Jeanty QB Bryce Young RB Jahmyr Gibbs RB D'Andre Swift TE Sam LaPorta WR Chris Olave WR Tetairoa McMillan WR Jalen Coker,,Elic Ayomanor,WR,0.06%,8.1
304,5252998790,lelo2906 (16/20),0,233.40001,DST Bengals  FLEX Jahmyr Gibbs QB Tyler Shough RB Breece Hall RB D'Andre Swift TE Juwan Johnson WR Amon-Ra St. Brown WR Luther Burden III WR Jalen Coker,,Kayshon Boutte,FLEX,0.06%,3.1
304,5248244829,TEXSAN (52/150),0,233.4,DST Cardinals  FLEX Jahmyr Gibbs QB Tyler Shough RB Derrick Henry RB Travis Etienne Jr. TE Dallas Goedert WR Amon-Ra St. Brown WR Chris Olave WR Devaughn Vele,,Brock Bowers,TE,0.06%,0
304,5253566191,kawhittin (5/50),0,233.39998,DST Raiders  FLEX Ashton Jeanty QB Tyler Shough RB Jahmyr Gibbs RB Chuba Hubbard TE Juwan Johnson WR Amon-Ra St. Brown WR Chris Olave WR Devaughn Vele,,Kalif Raymond,WR,0.06%,16.4
307,5252491290,itsdougtastic (100/150),0,233.34001,DST Raiders  FLEX Ashton Jeanty QB Jared Goff RB Jahmyr Gibbs RB D'Andre Swift TE Sam LaPorta WR Amon-Ra St. Brown WR Jalen Coker WR Devaughn Vele,,Xavier Hutchinson,FLEX,0.05%,6.2
307,5252306682,CJCashing (87/150),0,233.34,DST Jaguars  FLEX Breece Hall QB Bryce Young RB Jahmyr Gibbs RB Bijan Robinson TE Michael Mayer WR Tetairoa McMillan WR Christian Watson WR Jalen Coker,,Gunnar Helm,FLEX,0.05%,6.8
309,5253580862,Cvhd (1/3),0,233.26,DST Jaguars  FLEX D'Andre Swift QB Lamar Jackson RB Jahmyr Gibbs RB Chuba Hubbard TE Mark Andrews WR Zay Flowers WR Jalen Coker WR Devaughn Vele,,Barion Brown,WR,0.05%,0.3
310,5250800858,pobrien11 (28/150),0,233.23999,DST Steelers  FLEX Ashton Jeanty QB Bryce Young RB Jahmyr Gibbs RB Travis Etienne Jr. TE Juwan Johnson WR Zay Flowers WR Tetairoa McMillan WR Jalen Coker,,Chris Brooks,RB,0.05%,2.9
311,5244673225,CapCleveland (52/150),0,233.2,DST Jaguars  FLEX Michael Mayer QB Tyler Shough RB Jahmyr Gibbs RB Bijan Robinson TE Dallas Goedert WR Nico Collins WR Chris Olave WR Jalen Coker,,Kimani Vidal,RB,0.05%,0
311,5251118439,christal17 (106/150),0,233.2,DST Browns  FLEX Chris Olave QB Tyler Shough RB Jahmyr Gibbs RB Jonathan Taylor TE Dallas Goedert WR Amon-Ra St. Brown WR Jalen Coker WR Devaughn Vele,,Antonio Williams,WR,0.05%,16.4
311,5253790826,abilkis97 (4/150),0,233.2,DST Raiders  FLEX Chris Olave QB Tyler Shough RB Jahmyr Gibbs RB D'Andre Swift TE Michael Mayer WR Amon-Ra St. Brown WR Zay Flowers WR Devaughn Vele,,Calvin Ridley,FLEX,0.05%,0
311,5227593805,sbslaughter (56/150),0,233.19998,DST Jaguars  FLEX Ashton Jeanty QB Tyler Shough RB Derrick Henry RB Breece Hall TE Juwan Johnson WR Amon-Ra St. Brown WR Chris Olave WR Devaughn Vele,,Travis Hunter,FLEX,0.05%,2.1
311,5250569178,TreSuede (129/150),0,233.19998,DST Jaguars  FLEX Ashton Jeanty QB Tyler Shough RB Jahmyr Gibbs RB Derrick Henry TE Juwan Johnson WR Chris Olave WR Garrett Wilson WR Devaughn Vele,,Tommy Tremble,TE,0.05%,5.5
311,5251658161,cquigs12 (39/150),0,233.19998,DST Jaguars  FLEX Derrick Henry QB Tyler Shough RB Jahmyr Gibbs RB Ashton Jeanty TE Juwan Johnson WR Chris Olave WR Garrett Wilson WR Devaughn Vele,,Chimere Dike,WR,0.05%,0.7
317,5252610991,kfish191 (56/150),0,233.09999,DST Dolphins  FLEX Chris Olave QB Tyler Shough RB Jahmyr Gibbs RB Bijan Robinson TE Juwan Johnson WR Amon-Ra St. Brown WR Jalen Coker WR Devaughn Vele,,Zachariah Branch,WR,0.05%,0
318,5252094586,tylerrowe2 (35/50),0,232.94,DST Steelers  FLEX David Montgomery QB Bryce Young RB Ashton Jeanty RB D'Andre Swift TE Colston Loveland WR Chris Olave WR Tetairoa McMillan WR Jalen Coker,,Theo Wease Jr.,WR,0.05%,0
319,5211076187,7HvyMetal7 (138/150),0,232.9,DST Bengals  FLEX Christian Watson QB Tyler Shough RB Jahmyr Gibbs RB Bijan Robinson TE Dallas Goedert WR Amon-Ra St. Brown WR Michael Pittman Jr. WR Devaughn Vele,,Rachaad White,FLEX,0.05%,4.7
319,5251419232,Draconfire (76/150),0,232.9,DST Browns  FLEX Dallas Goedert QB Tyler Shough RB Jahmyr Gibbs RB Bijan Robinson TE Juwan Johnson WR Amon-Ra St. Brown WR Chris Olave WR Jalen Coker,,Tyjae Spears,FLEX,0.04%,4.4
321,5208201441,PopFlyBoy (53/150),0,232.84,DST Raiders  FLEX Saquon Barkley QB Bryce Young RB Derrick Henry RB Ashton Jeanty TE Juwan Johnson WR Nico Collins WR Zay Flowers WR Jalen Coker,,Germie Bernard,WR,0.04%,0
321,5251218795,Randyc2115 (81/150),0,232.84,DST Jets  FLEX Ashton Jeanty QB Bryce Young RB Jahmyr Gibbs RB Bijan Robinson TE Dalton Schultz WR Zay Flowers WR Luther Burden III WR Jalen Coker,,Jalen Tolbert,WR,0.04%,0
321,5253483415,scrpt1995 (87/150),0,232.84,DST Jaguars  FLEX Jordan Mason QB Bryce Young RB Jahmyr Gibbs RB D'Andre Swift TE Brenton Strange WR Nico Collins WR Chris Olave WR Jalen Coker,,Andrei Iosivas,FLEX,0.04%,3.2
321,5250084908,ATL05 (120/150),0,232.83998,DST Jaguars  FLEX Jahmyr Gibbs QB Bryce Young RB Breece Hall RB D'Andre Swift TE Michael Mayer WR Amon-Ra St. Brown WR Garrett Wilson WR Jalen Coker,,Justice Hill,RB,0.04%,3.8
325,5251861775,TheDogSays (37/150),0,232.81999,DST Bengals  FLEX Ashton Jeanty QB Jalen Hurts RB Jahmyr Gibbs RB Derrick Henry TE T.J. Hockenson WR Christian Watson WR Garrett Wilson WR Dontayvion Wicks,,Hollywood Brown,FLEX,0.04%,0
326,5214099452,BaconBits88 (4/150),0,232.79999,DST Steelers  FLEX D'Andre Swift QB Tyler Shough RB Jahmyr Gibbs RB Bucky Irving TE Juwan Johnson WR Chris Olave WR Tee Higgins WR Jalen Coker,,Noah Fant,TE,0.04%,13.3
326,5250296250,ryderloc (27/120),0,232.79999,DST Steelers  FLEX D'Andre Swift QB Tyler Shough RB Jahmyr Gibbs RB Bucky Irving TE Juwan Johnson WR Chris Olave WR Tee Higgins WR Jalen Coker,,Keaton Mitchell,FLEX,0.04%,0.9
326,5252060822,niques33 (70/150),0,232.79999,DST Steelers  FLEX Bucky Irving QB Tyler Shough RB Jahmyr Gibbs RB D'Andre Swift TE Juwan Johnson WR Chris Olave WR Tee Higgins WR Jalen Coker,,Isaac TeSlaa,FLEX,0.04%,0
326,5252787018,rotomwash (52/149),0,232.79999,DST Steelers  FLEX Ashton Jeanty QB Trevor Lawrence RB Jahmyr Gibbs RB Derrick Henry TE Michael Mayer WR Amon-Ra St. Brown WR Parker Washington WR Devaughn Vele,,Jahan Dotson,FLEX,0.03%,2.9
330,5248577346,kennnyy (68/150),0,232.69998,DST Eagles  FLEX Amon-Ra St. Brown QB Tyler Shough RB Jahmyr Gibbs RB Chuba Hubbard TE Dallas Goedert WR Chris Olave WR Christian Watson WR Devaughn Vele,,Joshua Palmer,WR,0.03%,10.4
331,5253216802,tylerstanton04 (133/150),0,232.68,DST Vikings  FLEX D'Andre Swift QB Jordan Love RB Jahmyr Gibbs RB Bucky Irving TE Michael Mayer WR Amon-Ra St. Brown WR Chris Olave WR Jalen Coker,,Braelon Allen,RB,0.03%,4
332,5252953652,Dane0944 (110/150),0,232.64001,DST Jaguars  FLEX Ashton Jeanty QB Bryce Young RB Jonathan Taylor RB D'Andre Swift TE Dalton Schultz WR Justin Jefferson WR Tetairoa McMillan WR Jalen Coker,,Denzel Boston,FLEX,0.03%,13.9
332,5220362826,jeffcross13 (15/23),0,232.64,DST Chargers  FLEX Justin Jefferson QB Bryce Young RB Ashton Jeanty RB D'Andre Swift TE Juwan Johnson WR Chris Olave WR Tetairoa McMillan WR Jalen Coker,,Dylan Sampson,RB,0.03%,0
332,5252157547,AndyZonneveld (115/150),0,232.64,DST Jets  FLEX Amon-Ra St. Brown QB Bryce Young RB Jahmyr Gibbs RB D'Andre Swift TE Michael Mayer WR Zay Flowers WR Tetairoa McMillan WR Jalen Coker,,Bub Means,WR,0.03%,0
332,5223434200,Macdre40 (2/3),0,232.63998,DST Panthers  FLEX Derrick Henry QB Bryce Young RB D'Andre Swift RB David Montgomery TE Dalton Kincaid WR Zay Flowers WR Tee Higgins WR Christian Watson,,Ray Davis,RB,0.03%,0.3
332,5250587812,brandonelite350 (64/150),0,232.63998,DST Steelers  FLEX Christian Watson QB Bryce Young RB Omarion Hampton RB Derrick Henry TE Michael Mayer WR Amon-Ra St. Brown WR Nico Collins WR Jalen Coker,,Samaje Perine,RB,0.03%,8
337,5232844253,AdamShulman (50/150),0,232.6,DST Bengals  FLEX Juwan Johnson QB Tyler Shough RB Jahmyr Gibbs RB Jonathan Taylor TE Tyler Warren WR Chris Olave WR Zay Flowers WR Jalen Coker,,Brian Robinson Jr.,RB,0.03%,3.1
337,5251419233,Draconfire (77/150),0,232.59999,DST Jets  FLEX Caleb Douglas QB Tyler Shough RB Jahmyr Gibbs RB Bijan Robinson TE Juwan Johnson WR Amon-Ra St. Brown WR Chris Olave WR Jalen Coker,,Tank Bigsby,RB,0.03%,0.3
337,5252202610,maxpeers5 (84/150),0,232.59998,DST Bears  FLEX Ashton Jeanty QB Tyler Shough RB Jahmyr Gibbs RB D'Andre Swift TE Juwan Johnson WR Amon-Ra St. Brown WR Chris Olave WR Caleb Douglas,,Roman Wilson,WR,0.03%,5.6
337,5252724718,cowboyfan42 (32/150),0,232.59998,DST Vikings  FLEX Ashton Jeanty QB Tyler Shough RB Jahmyr Gibbs RB D'Andre Swift TE Juwan Johnson WR Nico Collins WR Chris Olave WR Devaughn Vele,,Nick Westbrook-Ikhine,WR,0.03%,0
341,5253539740,emifaith9 (11/14),0,232.55998,DST Bengals  FLEX Breece Hall QB Caleb Williams RB Jahmyr Gibbs RB D'Andre Swift TE Michael Mayer WR Justin Jefferson WR Nico Collins WR Devaughn Vele,,Zavion Thomas,FLEX,0.02%,0
342,5253034251,eball123 (2/2),0,232.54001,DST Jaguars  FLEX Jahmyr Gibbs QB Jared Goff RB D'Andre Swift RB Bucky Irving TE Dallas Goedert WR Zay Flowers WR Parker Washington WR Jalen Coker,,Kimani Vidal,FLEX,0.02%,0
342,5251370544,Yankeeblue1315 (95/150),0,232.54,DST Jaguars  FLEX Zay Flowers QB Bryce Young RB Jahmyr Gibbs RB Derrick Henry TE Dallas Goedert WR Tetairoa McMillan WR Rome Odunze WR Jalen Coker,,Jack Bech,FLEX,0.02%,11.3
344,5253851037,Beanball711 (2/2),0,232.5,DST Steelers  FLEX Jalen Coker QB Malik Willis RB Omarion Hampton RB David Montgomery TE Dallas Goedert WR Justin Jefferson WR Chris Olave WR Christian Watson,,Chimere Dike,FLEX,0.02%,0.7
344,5243428952,Profreshional10 (73/150),0,232.49998,DST Cardinals  FLEX Jahmyr Gibbs QB Tyler Shough RB Bijan Robinson RB D'Andre Swift TE Michael Mayer WR Amon-Ra St. Brown WR Chris Olave WR Devaughn Vele,,Kendre Miller,RB,0.02%,9
344,5244435450,upthevilla (110/150),0,232.49998,DST Cardinals  FLEX D'Andre Swift QB Tyler Shough RB Jahmyr Gibbs RB Bijan Robinson TE Michael Mayer WR Amon-Ra St. Brown WR Chris Olave WR Devaughn Vele,,Jaylin Noel,FLEX,0.02%,7.3
344,5250827126,jtmac1999 (132/150),0,232.49998,DST Cardinals  FLEX D'Andre Swift QB Tyler Shough RB Jahmyr Gibbs RB Bijan Robinson TE Michael Mayer WR Amon-Ra St. Brown WR Chris Olave WR Devaughn Vele,,Tez Johnson,FLEX,0.02%,-0.4
344,5252315527,Jantzens (42/98),0,232.49998,DST Cardinals  FLEX D'Andre Swift QB Tyler Shough RB Jahmyr Gibbs RB Bijan Robinson TE Michael Mayer WR Amon-Ra St. Brown WR Chris Olave WR Devaughn Vele,,Erick All Jr.,FLEX,0.02%,0
344,5252555008,RamblinWreck (64/150),0,232.49998,DST Cardinals  FLEX D'Andre Swift QB Tyler Shough RB Jahmyr Gibbs RB Bijan Robinson TE Michael Mayer WR Amon-Ra St. Brown WR Chris Olave WR Devaughn Vele,,Olamide Zaccheaus,FLEX,0.02%,1.5
344,5252722042,Rog57 (71/150),0,232.49998,DST Cardinals  FLEX D'Andre Swift QB Tyler Shough RB Jahmyr Gibbs RB Bijan Robinson TE Michael Mayer WR Amon-Ra St. Brown WR Chris Olave WR Devaughn Vele,,Kenyon Sadiq,FLEX,0.02%,11.4
344,5253411713,AbeyBaby88 (104/150),0,232.49998,DST Cardinals  FLEX D'Andre Swift QB Tyler Shough RB Jahmyr Gibbs RB Bijan Robinson TE Michael Mayer WR Amon-Ra St. Brown WR Chris Olave WR Devaughn Vele,,Jonnu Smith,TE,0.02%,7
352,5251669958,PaStillers24 (94/150),0,232.44,DST Vikings  FLEX Chase Brown QB Bryce Young RB D'Andre Swift RB David Montgomery TE Michael Mayer WR Amon-Ra St. Brown WR Justin Jefferson WR Jalen Coker,,Bryce Lance,FLEX,0.02%,7.2
353,5241423718,mnelson214 (58/150),0,232.4,DST Vikings  FLEX Zay Flowers QB Tyler Shough RB Jahmyr Gibbs RB Ashton Jeanty TE Juwan Johnson WR Chris Olave WR Luther Burden III WR Jalen Coker,,Jack Strand,QB,0.02%,0
353,5251333484,AverageTuesday (106/150),0,232.39998,DST Titans  FLEX Ashton Jeanty QB Tyler Shough RB Jahmyr Gibbs RB D'Andre Swift TE Juwan Johnson WR Chris Olave WR Zay Flowers WR Devaughn Vele,,Justice Hill,FLEX,0.02%,3.8
355,5251876050,Notadaygoesby (43/150),0,232.36,DST Jets  FLEX Chris Olave QB Caleb Williams RB Jahmyr Gibbs RB D'Andre Swift TE Michael Mayer WR Amon-Ra St. Brown WR Rome Odunze WR Jalen Coker,,Dawson Knox,FLEX,0.02%,1.7
355,5252927286,kacktrey7 (74/150),0,232.36,DST Raiders  FLEX Colston Loveland QB Caleb Williams RB Ashton Jeanty RB D'Andre Swift TE Sam LaPorta WR Amon-Ra St. Brown WR Christian Watson WR Jalen Coker,,Kalif Raymond,FLEX,0.02%,16.4
357,5246409074,W1zK1d (119/150),0,232.34,DST Jets  FLEX Ashton Jeanty QB Bryce Young RB Jahmyr Gibbs RB Jonathan Taylor TE Michael Mayer WR Chris Olave WR Emeka Egbuka WR Jalen Coker,,Kendrick Bourne,FLEX,0.02%,15.5
357,5247128403,cashyobe (15/150),0,232.34,DST Cardinals  FLEX DJ Moore QB Bryce Young RB Jahmyr Gibbs RB Bijan Robinson TE Darren Waller WR Nico Collins WR Chris Olave WR Jalen Coker,,Xavier Legette,FLEX,0.02%,0
359,5251718659,smccarty (141/150),0,232.29999,DST Browns  FLEX Jahmyr Gibbs QB Tyler Shough RB Derrick Henry RB Chuba Hubbard TE Dallas Goedert WR Amon-Ra St. Brown WR Chris Olave WR Devaughn Vele,,Greg Dortch,WR,0.02%,0
359,5253131703,ewingoakley (7/150),0,232.29999,DST Bengals  FLEX D'Andre Swift QB Tyler Shough RB Jahmyr Gibbs RB Jonathan Taylor TE Juwan Johnson WR Chris Olave WR Christian Watson WR Tre Tucker,,Chris Brooks,FLEX,0.02%,2.9
361,5251732809,cw1tt (108/150),0,232.24,DST Raiders  FLEX Jahmyr Gibbs QB Bryce Young RB Bijan Robinson RB Bucky Irving TE Tyler Warren WR Chris Olave WR Jalen Coker WR Dontayvion Wicks,,Cole Kmet,FLEX,0.02%,11.5
361,5217985408,philsgood (4/12),0,232.23999,DST Steelers  FLEX Jahmyr Gibbs QB Bryce Young RB Ashton Jeanty RB Chuba Hubbard TE Darren Waller WR Amon-Ra St. Brown WR Tetairoa McMillan WR Jalen Coker,,Daniel Bellinger,TE,0.02%,1.7
361,5250516919,edallen71 (3/29),0,232.23999,DST Jets  FLEX D'Andre Swift QB Bryce Young RB Jahmyr Gibbs RB Jonathan Taylor TE Michael Mayer WR Chris Olave WR Tetairoa McMillan WR Jalen Coker,,Brock Wright,TE,0.02%,1.5
361,5253137051,clintwood83 (16/150),0,232.23999,DST Jets  FLEX D'Andre Swift QB Bryce Young RB Jahmyr Gibbs RB Jonathan Taylor TE Michael Mayer WR Justin Jefferson WR Tetairoa McMillan WR Jalen Coker,,Ian Thomas,TE,0.02%,0
365,5251506655,ksc333 (20/150),0,232.2,DST Raiders  FLEX Ashton Jeanty QB Tyler Shough RB Jahmyr Gibbs RB Bucky Irving TE Pat Freiermuth WR Amon-Ra St. Brown WR Chris Olave WR Devaughn Vele,,Josh Oliver,TE,0.02%,4.2
366,5240278233,pjcharlotte11 (6/10),0,232.16,DST Jaguars  FLEX Jahmyr Gibbs QB Caleb Williams RB Breece Hall RB Travis Etienne Jr. TE Dallas Goedert WR Christian Watson WR Luther Burden III WR Jalen Coker,,Daniel Bellinger,FLEX,0.02%,1.7
367,5252268008,loveshaq79 (105/150),0,232.14,DST Commanders  FLEX Jahmyr Gibbs QB Bryce Young RB Bijan Robinson RB Derrick Henry TE Michael Mayer WR Zay Flowers WR Tetairoa McMillan WR Jalen Coker,,Jalen McMillan,WR,0.02%,0
367,5242096891,hammer58 (141/150),0,232.13998,DST Bengals  FLEX Ashton Jeanty QB Bryce Young RB Bijan Robinson RB Chase Brown TE Mark Andrews WR Tetairoa McMillan WR Christian Watson WR Jalen Coker,,Jahdae Walker,WR,0.02%,7.1
369,5244543315,843FantasySports (106/150),0,232.1,DST Bengals  FLEX Ashton Jeanty QB Trevor Lawrence RB Jahmyr Gibbs RB Derrick Henry TE Sam LaPorta WR Parker Washington WR Luther Burden III WR Jalen Coker,,Isaiah Bond,WR,0.01%,0
369,5252103232,oohpeppa (132/150),0,232.09999,DST Jets  FLEX Devaughn Vele QB Tyler Shough RB Jahmyr Gibbs RB Derrick Henry TE Michael Mayer WR Amon-Ra St. Brown WR Chris Olave WR Zay Flowers,,Jacob Saylors,RB,0.01%,0
369,5252490288,twism21 (2/2),0,232.09999,DST Steelers  FLEX Ashton Jeanty QB Tyler Shough RB D'Andre Swift RB Chuba Hubbard TE Tyler Warren WR Amon-Ra St. Brown WR Chris Olave WR Devaughn Vele,,Brock Bowers,FLEX,0.01%,0
369,5252587345,cmalas (53/150),0,232.09999,DST Jets  FLEX Ashton Jeanty QB Tyler Shough RB Jahmyr Gibbs RB Bijan Robinson TE Michael Mayer WR Chris Olave WR Zay Flowers WR Devaughn Vele,,Jaylin Lane,WR,0.01%,1.4
369,5252598529,MNLJackson (46/150),0,232.09999,DST Jets  FLEX Ashton Jeanty QB Tyler Shough RB Jahmyr Gibbs RB Bijan Robinson TE Michael Mayer WR Chris Olave WR Zay Flowers WR Devaughn Vele,,Elic Ayomanor,FLEX,0.01%,8.1
369,5252603706,VonTheDon (18/75),0,232.09999,DST Jets  FLEX Ashton Jeanty QB Tyler Shough RB Jahmyr Gibbs RB Bijan Robinson TE Michael Mayer WR Chris Olave WR Zay Flowers WR Devaughn Vele,,Drew Sample,TE,0.01%,4.9
369,5252660212,klinfluence (7/10),0,232.09999,DST Jaguars  FLEX Ashton Jeanty QB Tyler Shough RB Jahmyr Gibbs RB Derrick Henry TE Juwan Johnson WR DeVonta Smith WR Christian Watson WR Devaughn Vele,,Braelon Allen,FLEX,0.01%,4
369,5253020713,milehighryan311 (103/150),0,232.09999,DST Jets  FLEX Devaughn Vele QB Tyler Shough RB Jahmyr Gibbs RB Derrick Henry TE Michael Mayer WR Amon-Ra St. Brown WR Chris Olave WR Zay Flowers,,Theo Wease Jr.,FLEX,0.01%,0
377,5252808805,ravens68 (46/150),0,232.06,DST Steelers  FLEX Jalen Coker QB Josh Allen RB Derrick Henry RB D'Andre Swift TE Dalton Kincaid WR Nico Collins WR Garrett Wilson WR Wan'Dale Robinson,,Colbie Young,WR,0.01%,0
378,5244802000,MrAgony (119/150),0,232.04,DST Lions  FLEX Jahmyr Gibbs QB Bryce Young RB Bijan Robinson RB Derrick Henry TE Michael Mayer WR Amon-Ra St. Brown WR Jalen Coker WR Tre Tucker,,Alvin Kamara,RB,0.01%,0
378,5250332845,jermgolf24 (34/150),0,232.04,DST Lions  FLEX Breece Hall QB Bryce Young RB Jahmyr Gibbs RB Derrick Henry TE Colston Loveland WR Justin Jefferson WR Jalen Coker WR Devaughn Vele,,Tommy Tremble,FLEX,0.01%,5.5
378,5252482433,mjmart23 (49/150),0,232.04,DST Raiders  FLEX Tee Higgins QB Bryce Young RB Derrick Henry RB Ashton Jeanty TE Dallas Goedert WR Amon-Ra St. Brown WR Tetairoa McMillan WR Jalen Coker,,Josh Oliver,FLEX,0.01%,4.2
381,5253262552,dewittDFS (112/150),0,231.99998,DST Titans  FLEX D'Andre Swift QB Tyler Shough RB Jahmyr Gibbs RB Derrick Henry TE Michael Mayer WR Justin Jefferson WR Chris Olave WR Devaughn Vele,,Tank Bigsby,FLEX,0.01%,0.3
382,5253244311,Sillyhats (112/150),0,231.96,DST Bengals  FLEX Luther Burden III QB Caleb Williams RB Ashton Jeanty RB D'Andre Swift TE Tyler Warren WR Amon-Ra St. Brown WR Parker Washington WR Jalen Coker,,Ashton Dulin,WR,0.01%,0
383,5253558113,DebbieAnne (105/150),0,231.93999,DST Jaguars  FLEX Jonathan Taylor QB Bryce Young RB Bijan Robinson RB D'Andre Swift TE Juwan Johnson WR Zay Flowers WR Luther Burden III WR Jalen Coker,,Zachariah Branch,FLEX,0.01%,0
384,5251680334,Hey...HereWeGo1 (46/150),0,231.9,DST Vikings  FLEX Chris Olave QB Tyler Shough RB Jahmyr Gibbs RB Jonathan Taylor TE Juwan Johnson WR Amon-Ra St. Brown WR Jalen Coker WR Devaughn Vele,,Matt Hibner,TE,0.01%,2.3
385,5251197949,stupacjmu (148/150),0,231.86002,DST Commanders  FLEX Jalen Coker QB Caleb Williams RB Jahmyr Gibbs RB D'Andre Swift TE T.J. Hockenson WR Amon-Ra St. Brown WR Zay Flowers WR Luther Burden III,,Jaylen Wright,RB,0.01%,-0.1
385,5250795650,OhVa216 (120/150),0,231.86,DST Bengals  FLEX D'Andre Swift QB Lamar Jackson RB Chase Brown RB Travis Etienne Jr. TE Juwan Johnson WR Zay Flowers WR Christian Watson WR Jalen Coker,,Shedeur Sanders,QB,0.01%,0
387,5241594415,TheNutz33 (74/150),0,231.84,DST Steelers  FLEX Tyler Warren QB Bryce Young RB Jahmyr Gibbs RB Derrick Henry TE Dalton Schultz WR Amon-Ra St. Brown WR Ladd McConkey WR Jalen Coker,,Brian Robinson Jr.,FLEX,0.01%,3.1
387,5249977463,Trav101 (104/150),0,231.84,DST Bengals  FLEX Chris Olave QB Bryce Young RB Bijan Robinson RB D'Andre Swift TE Darren Waller WR Ja'Marr Chase WR Christian Watson WR Jalen Coker,,Cedric Tillman,WR,0.01%,0
387,5252953669,Dane0944 (127/150),0,231.84,DST Cardinals  FLEX Ashton Jeanty QB Bryce Young RB Jonathan Taylor RB Derrick Henry TE Trey McBride WR Parker Washington WR Josh Downs WR Jalen Coker,,Treylon Burks,WR,0.01%,0
390,5250042762,oclay357 (145/150),0,231.79999,DST Texans  FLEX Ashton Jeanty QB Tyler Shough RB Derrick Henry RB D'Andre Swift TE Juwan Johnson WR Chris Olave WR Christian Watson WR Garrett Wilson,,Nick Westbrook-Ikhine,FLEX,0.01%,0
391,5252407562,megalodon860 (109/150),0,231.73999,DST Steelers  FLEX Jonathan Taylor QB Bryce Young RB Jahmyr Gibbs RB David Montgomery TE Michael Mayer WR Chris Olave WR Jameson Williams WR Jalen Coker,,Keon Coleman,FLEX,0.01%,1.1
392,5253070389,BelizeRabbit (3/16),0,231.7,DST Packers  FLEX Christian Watson QB Tyler Shough RB Jahmyr Gibbs RB Ashton Jeanty TE Juwan Johnson WR Chris Olave WR Alec Pierce WR Jalen Coker,,Elijah Higgins,TE,0.01%,0
393,5232844225,AdamShulman (22/150),0,231.63998,DST Jets  FLEX D'Andre Swift QB Bryce Young RB Jahmyr Gibbs RB Breece Hall TE Juwan Johnson WR Amon-Ra St. Brown WR Tetairoa McMillan WR Jalen Coker,,Jawhar Jordan,FLEX,0.01%,0
393,5253756209,vargas_63 (24/150),0,231.63998,DST Browns  FLEX Dallas Goedert QB Bryce Young RB Jahmyr Gibbs RB Ashton Jeanty TE Colston Loveland WR Justin Jefferson WR Chris Olave WR Jalen Coker,,Mitchell Evans,TE,0.01%,1.9
395,5228364262,tigolebitties91 (8/80),0,231.59999,DST Jaguars  FLEX Tee Higgins QB Tyler Shough RB Jahmyr Gibbs RB Bijan Robinson TE Dallas Goedert WR Chris Olave WR Jalen Coker WR Devaughn Vele,,Malik Benson,WR,0.01%,0.8
395,5228365569,tigolebitties91 (10/80),0,231.59999,DST Jaguars  FLEX Tee Higgins QB Tyler Shough RB Jahmyr Gibbs RB Bijan Robinson TE Dallas Goedert WR Chris Olave WR Jalen Coker WR Devaughn Vele,,Omar Cooper Jr.,FLEX,0.01%,4
395,5251350373,Rowdog31 (92/150),0,231.59999,DST Jets  FLEX Dalton Schultz QB Tyler Shough RB Jahmyr Gibbs RB Derrick Henry TE Juwan Johnson WR Amon-Ra St. Brown WR Chris Olave WR Christian Watson,,Darnell Washington,FLEX,0.01%,3.8
398,5241604115,hammondc24 (55/150),0,231.54,DST Steelers  FLEX De'Von Achane QB Bryce Young RB Jahmyr Gibbs RB Derrick Henry TE Brenton Strange WR Zay Flowers WR Jalen Coker WR Stefon Diggs,,Damien Martinez,RB,0.01%,0
398,5249977392,Trav101 (33/150),0,231.54,DST Cardinals  FLEX Jahmyr Gibbs QB Bryce Young RB James Cook III RB D'Andre Swift TE Dallas Goedert WR Chris Olave WR Tetairoa McMillan WR Jalen Coker,,Fernando Mendoza,QB,0.01%,0
398,5251467175,topthat1 (1/150),0,231.54,DST Chargers  FLEX David Montgomery QB Baker Mayfield RB Derrick Henry RB Bucky Irving TE Dallas Goedert WR Justin Jefferson WR Christian Watson WR Jalen Coker,,John Metchie III,WR,0.01%,0
401,5228758147,AtillaTH (29/150),0,231.44,DST Jaguars  FLEX Bijan Robinson QB Bryce Young RB Saquon Barkley RB Ashton Jeanty TE Dallas Goedert WR Justin Jefferson WR Jalen Coker WR Dontayvion Wicks,,Brock Wright,FLEX,0.01%,1.5
401,5252668586,sting329 (41/50),0,231.43999,DST Steelers  FLEX Ladd McConkey QB Bryce Young RB Jahmyr Gibbs RB Breece Hall TE Michael Mayer WR Nico Collins WR Chris Olave WR Jalen Coker,,Drew Sample,FLEX,0.01%,4.9
403,5251285697,giantbeer (126/150),0,231.4,DST Jaguars  FLEX Dallas Goedert QB Tyler Shough RB Jahmyr Gibbs RB Derrick Henry TE Sam LaPorta WR Amon-Ra St. Brown WR Chris Olave WR Devaughn Vele,,Kaleb Johnson,RB,0.01%,0
403,5252390138,wustenfuchs (136/150),0,231.4,DST Jaguars  FLEX Ashton Jeanty QB Trevor Lawrence RB Jahmyr Gibbs RB Derrick Henry TE Brenton Strange WR Chris Olave WR Parker Washington WR Devaughn Vele,,Laquon Treadwell,WR,0.01%,0
405,5245389854,TTS1983 (130/150),0,231.34,DST Bengals  FLEX Omarion Hampton QB Bryce Young RB Bijan Robinson RB Ashton Jeanty TE Juwan Johnson WR Chris Olave WR Ladd McConkey WR Jalen Coker,,Joshua Palmer,FLEX,0.01%,10.4
405,5250091818,Parkerrr26 (18/150),0,231.34,DST Browns  FLEX Derrick Henry QB Bryce Young RB Jahmyr Gibbs RB Bijan Robinson TE Michael Mayer WR Chris Olave WR Tetairoa McMillan WR Jalen Coker,,Jalen Tolbert,FLEX,0.01%,0
405,5251737017,Unreal01 (132/150),0,231.34,DST Raiders  FLEX Justin Jefferson QB Bryce Young RB Jahmyr Gibbs RB Derrick Henry TE T.J. Hockenson WR Tetairoa McMillan WR Garrett Wilson WR Jalen Coker,,Barion Brown,FLEX,0.01%,0.3
405,5252000010,Vicjean5633 (17/150),0,231.34,DST Jaguars  FLEX Jahmyr Gibbs QB Bryce Young RB D'Andre Swift RB Chuba Hubbard TE Michael Mayer WR Amon-Ra St. Brown WR Tetairoa McMillan WR Jalen Coker,,Brenen Thompson,WR,0.01%,0
405,5252722071,Rog57 (100/150),0,231.34,DST Browns  FLEX Derrick Henry QB Bryce Young RB Jahmyr Gibbs RB Bijan Robinson TE Michael Mayer WR Chris Olave WR Tetairoa McMillan WR Jalen Coker,,Tanner Hudson,TE,0.01%,1.4
405,5253563655,ORGORCS (62/150),0,231.34,DST Jaguars  FLEX Michael Mayer QB Bryce Young RB Jahmyr Gibbs RB Bijan Robinson TE Cade Otton WR Justin Jefferson WR Chris Olave WR Jalen Coker,,Sione Vaki,RB,0.01%,2.8
405,5253792421,BulldogsCowboys (36/101),0,231.34,DST Browns  FLEX Derrick Henry QB Bryce Young RB Jahmyr Gibbs RB Bijan Robinson TE Michael Mayer WR Chris Olave WR Tetairoa McMillan WR Jalen Coker,,Jimmy Horn Jr.,WR,0.01%,-1
405,5251140398,tdemunbrun (85/150),0,231.33998,DST Commanders  FLEX Jahmyr Gibbs QB Bryce Young RB Bijan Robinson RB D'Andre Swift TE Mark Andrews WR Zay Flowers WR Garrett Wilson WR Jalen Coker,,Cedric Tillman,FLEX,0.01%,0
413,5246409034,W1zK1d (79/150),0,231.3,DST Bengals  FLEX Michael Mayer QB Tyler Shough RB Jahmyr Gibbs RB David Montgomery TE Tyler Warren WR Justin Jefferson WR Chris Olave WR Christian Watson,,Jonnu Smith,FLEX,0.01%,7
413,5244089336,paulyrocketballzzz (2/3),0,231.29999,DST Jaguars  FLEX Derrick Henry QB Tyler Shough RB Jahmyr Gibbs RB Jonathan Taylor TE Juwan Johnson WR Chris Olave WR Jalen Coker WR Tre Tucker,,Dyami Brown,WR,0.01%,0
415,5206811272,sportsfanatic89 (116/150),0,231.26,DST Jets  FLEX Zay Flowers QB Josh Allen RB Jahmyr Gibbs RB Ashton Jeanty TE Michael Mayer WR Emeka Egbuka WR DJ Moore WR Jalen Coker,,Isaiah Williams,WR,0.01%,1.7
416,5244616136,cwarno20 (12/150),0,231.24,DST Steelers  FLEX Ashton Jeanty QB Bryce Young RB Jahmyr Gibbs RB Derrick Henry TE Pat Freiermuth WR Chris Olave WR Michael Wilson WR Wan'Dale Robinson,,Luke McCaffrey,WR,0.01%,0
416,5250871324,White3agle (46/150),0,231.23999,DST Steelers  FLEX Christian Watson QB Bryce Young RB Jahmyr Gibbs RB Bijan Robinson TE Juwan Johnson WR Tetairoa McMillan WR Luther Burden III WR Jalen Coker,,Carter Runyon,FLEX,0.01%,0
418,5252282858,SamGarvs8 (146/150),0,231.2,DST Jaguars  FLEX Justin Jefferson QB Tyler Shough RB Jahmyr Gibbs RB Breece Hall TE Tucker Kraft WR Chris Olave WR Jalen Coker WR Devaughn Vele,,Dylan Sampson,FLEX,0.01%,0
418,5249936876,mga120 (46/150),0,231.19998,DST Commanders  FLEX Jahmyr Gibbs QB Tyler Shough RB Derrick Henry RB David Montgomery TE Juwan Johnson WR Amon-Ra St. Brown WR Chris Olave WR Devaughn Vele,,Mo Alie-Cox,TE,0.01%,0
420,5250911840,timmyj20 (7/25),0,231.09999,DST Jets  FLEX Breece Hall QB Tyler Shough RB Jahmyr Gibbs RB Jonathan Taylor TE Dalton Kincaid WR Amon-Ra St. Brown WR Jalen Coker WR Devaughn Vele,,Durham Smythe,TE,0.01%,1.4
420,5251338128,SpaceJam23 (15/150),0,231.09999,DST Jaguars  FLEX Chris Olave QB Tyler Shough RB Ashton Jeanty RB Breece Hall TE Juwan Johnson WR Amon-Ra St. Brown WR Parker Washington WR Jalen Coker,,Ray Davis,FLEX,0.01%,0.3
422,5251042777,wazzu24 (51/150),0,231,DST Jets  FLEX Zay Flowers QB Tyler Shough RB Derrick Henry RB D'Andre Swift TE Tyler Warren WR Amon-Ra St. Brown WR Chris Olave WR Devaughn Vele,,Samaje Perine,FLEX,0.01%,8
422,5251422926,jethro77 (57/72),0,231,DST Jets  FLEX Bucky Irving QB Tyler Shough RB Jahmyr Gibbs RB Derrick Henry TE Dallas Goedert WR Nico Collins WR Garrett Wilson WR Jalen Coker,,Isaiah Davis,RB,0.01%,0
422,5252834147,sublime7887 (68/130),0,230.99998,DST Commanders  FLEX D'Andre Swift QB Tyler Shough RB Jahmyr Gibbs RB Bijan Robinson TE Juwan Johnson WR Chris Olave WR Zay Flowers WR Devaughn Vele,,John Bates,TE,0.01%,3.3
425,5233353408,dadada234 (17/40),0,230.95999,DST Vikings  FLEX Ashton Jeanty QB Lamar Jackson RB Jahmyr Gibbs RB Jonathan Taylor TE Mark Andrews WR Zay Flowers WR Jalen Coker WR Devaughn Vele,,Noah Fant,FLEX,0.01%,13.3
425,5244339978,daywalker13 (135/150),0,230.95999,DST Jaguars  FLEX Dalton Kincaid QB Josh Allen RB Jahmyr Gibbs RB Derrick Henry TE Dallas Goedert WR Christian Watson WR Parker Washington WR Quentin Johnston,,Bam Knight,RB,0.01%,0
427,5249219052,SuburbanDaddy (34/150),0,230.93999,DST Jets  FLEX Jahmyr Gibbs QB Bryce Young RB Bijan Robinson RB Chuba Hubbard TE Juwan Johnson WR Chris Olave WR Tetairoa McMillan WR Jalen Coker,,Elijah Higgins,FLEX,0.01%,0
428,5250083191,Lemons50 (37/150),0,230.9,DST Raiders  FLEX Jonathan Taylor QB Tyler Shough RB Jahmyr Gibbs RB Ashton Jeanty TE Michael Mayer WR Chris Olave WR Zay Flowers WR Devaughn Vele,,Jackson Hawes,TE,0.01%,0
428,5250548063,Eidbanger (92/150),0,230.9,DST Raiders  FLEX Ashton Jeanty QB Tyler Shough RB Jahmyr Gibbs RB Jonathan Taylor TE Michael Mayer WR Chris Olave WR Zay Flowers WR Devaughn Vele,,Jahdae Walker,FLEX,0.01%,7.1
428,5251508338,gopats1253 (41/150),0,230.9,DST Steelers  FLEX Ashton Jeanty QB Malik Willis RB Jahmyr Gibbs RB D'Andre Swift TE Juwan Johnson WR Amon-Ra St. Brown WR Zay Flowers WR Caleb Douglas,,Jaylen Wright,FLEX,0.01%,-0.1
428,5253114024,mtmomoney (3/20),0,230.9,DST Steelers  FLEX Ashton Jeanty QB Tyler Shough RB Jahmyr Gibbs RB De'Von Achane TE Juwan Johnson WR Amon-Ra St. Brown WR Jalen Coker WR Devaughn Vele,,Roman Wilson,FLEX,0.01%,5.6
428,5251716845,mattlee3 (2/150),0,230.89998,DST Raiders  FLEX Michael Mayer QB Tyler Shough RB Derrick Henry RB Ashton Jeanty TE Juwan Johnson WR Amon-Ra St. Brown WR Justin Jefferson WR Chris Olave,,Tua Tagovailoa,QB,0.01%,0
433,5253332796,slop7 (113/150),0,230.85999,DST Cardinals  FLEX Jahmyr Gibbs QB Josh Allen RB Derrick Henry RB Breece Hall TE Michael Mayer WR Amon-Ra St. Brown WR Chris Olave WR Caleb Douglas,,Greg Dortch,FLEX,0.01%,0
434,5252622304,Dane0944 (39/150),0,230.84,DST Steelers  FLEX Ashton Jeanty QB Bryce Young RB Jahmyr Gibbs RB Derrick Henry TE Michael Mayer WR DeVonta Smith WR Tetairoa McMillan WR Jalen Coker,,Dohnte Meyers,WR,0.01%,3.8
435,5226363315,Kenwalk (21/98),0,230.76,DST Eagles  FLEX David Montgomery QB Josh Allen RB Jahmyr Gibbs RB D'Andre Swift TE Dalton Kincaid WR Garrett Wilson WR Matthew Golden WR Jalen Coker,,Carson Wentz,QB,0.01%,19.22
435,5252367140,nd_football (148/150),0,230.75998,DST Steelers  FLEX Justin Jefferson QB Josh Allen RB Jahmyr Gibbs RB Travis Etienne Jr. TE Michael Mayer WR Chris Olave WR Christian Watson WR Caleb Douglas,,Ian Thomas,FLEX,0.01%,0
437,5252944833,TeamTyson0404 (125/150),0,230.73999,DST Steelers  FLEX Jahmyr Gibbs QB Bryce Young RB Jonathan Taylor RB David Montgomery TE Michael Mayer WR Chris Olave WR Zay Flowers WR Dontayvion Wicks,,Dareke Young,WR,0.01%,0
438,5253296927,MarvelousMac-Man (104/150),0,230.7,DST Browns  FLEX Derrick Henry QB Tyler Shough RB Jahmyr Gibbs RB Bijan Robinson TE Dalton Schultz WR Chris Olave WR Christian Watson WR Devaughn Vele,,Kendre Miller,FLEX,0.01%,9
439,5252693845,dshot12 (138/150),0,230.66,DST Raiders  FLEX Sam LaPorta QB Josh Allen RB Derrick Henry RB Chuba Hubbard TE Dalton Kincaid WR Justin Jefferson WR Christian Watson WR Parker Washington,,Austin Hooper,TE,0.01%,0
439,5250660376,mosioatunya (95/150),0,230.65999,DST Raiders  FLEX Dallas Goedert QB Josh Allen RB Bijan Robinson RB Jonathan Taylor TE Michael Mayer WR Zay Flowers WR Christian Watson WR DJ Moore,,Marlin Klein,TE,0.01%,2.6
439,5252668211,MoneymakingVELL (84/150),0,230.65999,DST Eagles  FLEX Amon-Ra St. Brown QB Caleb Williams RB Derrick Henry RB Ashton Jeanty TE Michael Mayer WR Chris Olave WR Luther Burden III WR Jalen Coker,,Foster Moreau,FLEX,0.01%,3.5
442,5238029635,platchild41 (3/5),0,230.64,DST Jaguars  FLEX Bijan Robinson QB Bryce Young RB Jonathan Taylor RB Derrick Henry TE Gunnar Helm WR Christian Watson WR Rome Odunze WR Jalen Coker,,Roschon Johnson,RB,0.01%,0
442,5253391707,DaCookieMonster31 (101/150),0,230.64,DST Steelers  FLEX Jalen Coker QB Jared Goff RB D'Andre Swift RB Chuba Hubbard TE Michael Mayer WR Amon-Ra St. Brown WR Justin Jefferson WR Chris Olave,,Cade Stover,TE,0.01%,0.8
442,5252025561,jjwattup (28/150),0,230.63998,DST Jaguars  FLEX Jahmyr Gibbs QB Bryce Young RB James Cook III RB Derrick Henry TE Dallas Goedert WR Chris Olave WR Jalen Coker WR Tre Tucker,,Seth McGowan,RB,0.01%,1
445,5250908892,jnuland (48/150),0,230.59999,DST Steelers  FLEX Michael Mayer QB Tyler Shough RB Jahmyr Gibbs RB Derrick Henry TE Juwan Johnson WR Amon-Ra St. Brown WR Chris Olave WR DJ Moore,,Nate Boerkircher,TE,0.01%,1.9
446,5246223055,dengel2430 (104/150),0,230.55998,DST Falcons  FLEX Ashton Jeanty QB Lamar Jackson RB Derrick Henry RB Bucky Irving TE Dallas Goedert WR Amon-Ra St. Brown WR Zay Flowers WR Devaughn Vele,,Colbie Young,FLEX,0.00%,0
447,5250402990,007gtbrian (5/10),0,230.5,DST Jaguars  FLEX Derrick Henry QB Trevor Lawrence RB Ashton Jeanty RB D'Andre Swift TE Brenton Strange WR Zay Flowers WR Christian Watson WR Brian Thomas Jr.,,Deion Burks,WR,0.00%,0
447,5252497031,dsea006 (44/150),0,230.5,DST Jets  FLEX Luther Burden III QB Tyler Shough RB Jahmyr Gibbs RB Derrick Henry TE Michael Mayer WR Amon-Ra St. Brown WR Chris Olave WR Jalen Coker,,Kaleb Johnson,FLEX,0.00%,0
449,5208583977,afcgreen27 (48/150),0,230.48,DST Jaguars  FLEX Mike Gesicki QB Jordan Love RB Chase Brown RB Derrick Henry TE Dallas Goedert WR Amon-Ra St. Brown WR Zay Flowers WR Christian Watson,,Tanner Hudson,FLEX,0.00%,1.4
449,5214022753,afcgreen27 (69/150),0,230.48,DST Jaguars  FLEX Mike Gesicki QB Jordan Love RB Chase Brown RB Derrick Henry TE Dallas Goedert WR Amon-Ra St. Brown WR Zay Flowers WR Christian Watson,,Coleman Bennett,RB,0.00%,0
451,5253158169,whitefly (9/16),0,230.45999,DST Jets  FLEX Jalen Coker QB Josh Allen RB Bijan Robinson RB Derrick Henry TE Dallas Goedert WR Amon-Ra St. Brown WR DJ Moore WR Jauan Jennings,,Will Shipley,RB,0.00%,2.2
451,5253167115,whitefly (15/16),0,230.45999,DST Jets  FLEX Jalen Coker QB Josh Allen RB Bijan Robinson RB Derrick Henry TE Dallas Goedert WR Amon-Ra St. Brown WR DJ Moore WR Jauan Jennings,,Foster Moreau,TE,0.00%,3.5
453,5250304134,dnorton33 (66/150),0,230.43999,DST Jaguars  FLEX Justin Jefferson QB Bryce Young RB Jahmyr Gibbs RB Ashton Jeanty TE Tyler Warren WR Luther Burden III WR Jalen Coker WR Devaughn Vele,,Kevin Austin Jr.,WR,0.00%,0
454,5251923766,JimmyDonuts (117/150),0,230.4,DST Jaguars  FLEX Bijan Robinson QB Tyler Shough RB Jahmyr Gibbs RB Derrick Henry TE Juwan Johnson WR Chris Olave WR Matthew Golden WR Devaughn Vele,,Dareke Young,FLEX,0.00%,0
454,5252319966,murthy89 (66/150),0,230.4,DST Jets  FLEX Justin Jefferson QB Tyler Shough RB Jahmyr Gibbs RB David Montgomery TE Juwan Johnson WR Chris Olave WR Zay Flowers WR Devaughn Vele,,Germie Bernard,FLEX,0.00%,0
454,5252549483,hollacity (81/150),0,230.4,DST Steelers  FLEX Jahmyr Gibbs QB Tyler Shough RB Jonathan Taylor RB Bucky Irving TE Tyler Warren WR Chris Olave WR Jalen Coker WR Devaughn Vele,,Nick Singleton,RB,0.00%,0
457,5245261255,fleetfeet76 (98/150),0,230.36,DST Bengals  FLEX T.J. Hockenson QB Josh Allen RB Jahmyr Gibbs RB Derrick Henry TE Dalton Kincaid WR Chris Olave WR DJ Moore WR DK Metcalf,,Tyler Goodson,FLEX,0.00%,0
458,5244737804,Jarmaine22 (7/150),0,230.34,DST Steelers  FLEX Justin Jefferson QB Bryce Young RB Jahmyr Gibbs RB Ashton Jeanty TE T.J. Hockenson WR Tetairoa McMillan WR Luther Burden III WR Jalen Coker,,Jalen Brooks,WR,0.00%,0
459,5251195273,b_stats (97/150),0,230.29999,DST Raiders  FLEX Ashton Jeanty QB Tyler Shough RB Derrick Henry RB D'Andre Swift TE Juwan Johnson WR Chris Olave WR Ladd McConkey WR Garrett Wilson,,Ollie Gordon II,RB,0.00%,0
460,5253166198,Johnb95 (86/150),0,230.27998,DST Browns  FLEX Ashton Jeanty QB Jordan Love RB Jahmyr Gibbs RB Bijan Robinson TE Juwan Johnson WR Chris Olave WR Christian Watson WR Devaughn Vele,,Jordyn Tyson,WR,0.00%,0
461,5252869244,ladybossgirl64 (137/150),0,230.23999,DST Steelers  FLEX Justin Jefferson QB Bryce Young RB Jahmyr Gibbs RB Travis Etienne Jr. TE Michael Mayer WR Tetairoa McMillan WR Christian Watson WR Jalen Coker,,Jaylin Lane,FLEX,0.00%,1.4
461,5225584859,amaddal708 (138/150),0,230.23997,DST Jaguars  FLEX DJ Moore QB Bryce Young RB Jahmyr Gibbs RB Jonathan Taylor TE Juwan Johnson WR Zay Flowers WR Garrett Wilson WR Jalen Coker,,Kaytron Allen,RB,0.00%,1.6
463,5251183726,drmcpool (73/150),0,230.2,DST Raiders  FLEX Ashton Jeanty QB Tyler Shough RB Jahmyr Gibbs RB Bucky Irving TE T.J. Hockenson WR Amon-Ra St. Brown WR Chris Olave WR Devaughn Vele,,Ja'Tavion Sanders,TE,0.00%,0
463,5251305249,maniac207 (97/150),0,230.2,DST Jets  FLEX Derrick Henry QB Tyler Shough RB Jahmyr Gibbs RB Bijan Robinson TE Juwan Johnson WR Chris Olave WR Parker Washington WR Devaughn Vele,,Isaiah Williams,FLEX,0.00%,1.7
465,5253370505,YUPLIGHTWEIGHT (17/150),0,230.15999,DST Raiders  FLEX Ashton Jeanty QB Caleb Williams RB Jahmyr Gibbs RB Derrick Henry TE Michael Mayer WR Amon-Ra St. Brown WR Luther Burden III WR Devaughn Vele,,Austin Hooper,FLEX,0.00%,0
466,5247672316,sportsknowlegde (28/50),0,230.14,DST Vikings  FLEX Bucky Irving QB Bryce Young RB Omarion Hampton RB Ashton Jeanty TE Dallas Goedert WR Amon-Ra St. Brown WR Chris Olave WR Jalen Coker,,Darius Cooper,WR,0.00%,0
467,5250354622,venarda (46/150),0,230.09999,DST Chargers  FLEX Jahmyr Gibbs QB Tyler Shough RB Derrick Henry RB Breece Hall TE Juwan Johnson WR Chris Olave WR Christian Watson WR Devaughn Vele,,Skyler Bell,WR,0.00%,0
467,5250556384,Bigjorge (57/150),0,230.09999,DST Jaguars  FLEX Jahmyr Gibbs QB Tyler Shough RB Derrick Henry RB D'Andre Swift TE Juwan Johnson WR Tetairoa McMillan WR Garrett Wilson WR Jalen Coker,,Roschon Johnson,FLEX,0.00%,0
467,5250893901,csurunnerccr (54/150),0,230.09999,DST Steelers  FLEX Michael Mayer QB Tyler Shough RB Derrick Henry RB Breece Hall TE Dallas Goedert WR Amon-Ra St. Brown WR Chris Olave WR Zay Flowers,,Thomas Yassmin,TE,0.00%,0
470,5236563304,Deandre58 (9/40),0,230.06,DST Jaguars  FLEX Ashton Jeanty QB Lamar Jackson RB Jahmyr Gibbs RB Chase Brown TE Brenton Strange WR Zay Flowers WR Jalen Coker WR Devaughn Vele,,James Conner,RB,0.00%,0
471,5253313437,ccameron4life (4/4),0,230.04,DST Jaguars  FLEX Chris Olave QB Bryce Young RB Chase Brown RB Derrick Henry TE Tyler Warren WR Christian Watson WR Luther Burden III WR Jalen Coker,,Alvin Kamara,FLEX,0.00%,0
472,5252282774,SamGarvs8 (62/150),0,230,DST Steelers  FLEX Tyler Warren QB Tyler Shough RB Jahmyr Gibbs RB Bucky Irving TE Juwan Johnson WR Justin Jefferson WR Chris Olave WR Jalen Coker,,Malik Benson,FLEX,0.00%,0.8
473,5253162671,molecul0 (92/150),0,229.98,DST Steelers  FLEX Tre Tucker QB Jordan Love RB Jahmyr Gibbs RB Ashton Jeanty TE T.J. Hockenson WR Chris Olave WR Zay Flowers WR Christian Watson,,Antonio Williams,FLEX,0.00%,16.4
474,5252065475,mrog_bobbyjohnson (56/150),0,229.93999,DST Jaguars  FLEX Bijan Robinson QB Bryce Young RB Jonathan Taylor RB D'Andre Swift TE Michael Mayer WR Chris Olave WR Tetairoa McMillan WR Jalen Coker,,Ja'Tavion Sanders,FLEX,0.00%,0
475,5249376955,CloudTheGod (4/150),0,229.9,DST Browns  FLEX Jahmyr Gibbs QB Tyler Shough RB Derrick Henry RB Bucky Irving TE Dallas Goedert WR Amon-Ra St. Brown WR Chris Olave WR Devaughn Vele,,Sam Roush,TE,0.00%,0
475,5250884045,Webedawgs (137/150),0,229.9,DST Jets  FLEX Derrick Henry QB Tyler Shough RB Jahmyr Gibbs RB D'Andre Swift TE Michael Mayer WR Amon-Ra St. Brown WR Chris Olave WR Jack Bech,,Tyler Conklin,TE,0.00%,0
477,5244549893,dclu98 (141/150),0,229.83998,DST Jets  FLEX Breece Hall QB Bryce Young RB Jahmyr Gibbs RB Jonathan Taylor TE Dallas Goedert WR Chris Olave WR Rome Odunze WR Jalen Coker,,Phillip Dorsett II,WR,0.00%,0
478,5248280577,bramwell2010 (3/150),0,229.8,DST Steelers  FLEX David Montgomery QB Tyler Shough RB Jahmyr Gibbs RB D'Andre Swift TE Tyler Warren WR Chris Olave WR Parker Washington WR Devaughn Vele,,Kevin Austin Jr.,FLEX,0.00%,0
479,5252426180,Joecfall2006 (141/150),0,229.76001,DST Steelers  FLEX Jahmyr Gibbs QB Caleb Williams RB Omarion Hampton RB D'Andre Swift TE Michael Mayer WR Christian Watson WR Luther Burden III WR Jalen Coker,,Will Shipley,FLEX,0.00%,2.2
480,5251526293,cjack3354 (20/40),0,229.7,DST Jaguars  FLEX Derrick Henry QB Tyler Shough RB Bijan Robinson RB David Montgomery TE Michael Mayer WR Amon-Ra St. Brown WR Chris Olave WR Devaughn Vele,,Elijah Sarratt,WR,0.00%,0
481,5250396087,USCkv (75/150),0,229.66,DST Raiders  FLEX Saquon Barkley QB Caleb Williams RB Jahmyr Gibbs RB D'Andre Swift TE Juwan Johnson WR Christian Watson WR Luther Burden III WR Jalen Coker,,Bo Melton,WR,0.00%,2
481,5248491932,WiseGuyLocks (131/150),0,229.65999,DST Jaguars  FLEX Nico Collins QB C.J. Stroud RB Ashton Jeanty RB D'Andre Swift TE Michael Mayer WR Amon-Ra St. Brown WR Chris Olave WR Jalen Coker,,Michael Carter,RB,0.00%,0
483,5252085492,davis2543 (78/150),0,229.64,DST Raiders  FLEX Derrick Henry QB Bryce Young RB Jahmyr Gibbs RB Chase Brown TE Michael Mayer WR Zay Flowers WR Tetairoa McMillan WR Jalen Coker,,Tai Felton,WR,0.00%,0
483,5253019902,bigshowbreaks (97/150),0,229.63998,DST Steelers  FLEX Dallas Goedert QB Bryce Young RB Jahmyr Gibbs RB Saquon Barkley TE Mark Andrews WR Justin Jefferson WR Zay Flowers WR Jalen Coker,,Hunter Long,TE,0.00%,0
485,5245374130,sav_himself,0,229.59999,DST Jets  FLEX Zay Flowers QB Tyler Shough RB Jahmyr Gibbs RB Bucky Irving TE Dallas Goedert WR Amon-Ra St. Brown WR Chris Olave WR Devaughn Vele,,Jared Wayne,WR,0.00%,2.2
485,5249923181,ndizzle77 (54/150),0,229.59999,DST Jets  FLEX Bucky Irving QB Tyler Shough RB Jahmyr Gibbs RB Derrick Henry TE Juwan Johnson WR Amon-Ra St. Brown WR Chris Olave WR Devaughn Vele,,Jackson Hawes,FLEX,0.00%,0
485,5252411680,tadavisii (100/150),0,229.59999,DST Jaguars  FLEX Jahmyr Gibbs QB Tyler Shough RB Derrick Henry RB Breece Hall TE Dallas Goedert WR Chris Olave WR Garrett Wilson WR Devaughn Vele,,Tay Martin,WR,0.00%,0
485,5252491095,relevanthought (84/150),0,229.59999,DST Bengals  FLEX Dalton Kincaid QB Tyler Shough RB Jonathan Taylor RB Breece Hall TE Juwan Johnson WR Justin Jefferson WR Chris Olave WR Christian Watson,,Michael Carter,FLEX,0.00%,0
489,5248975506,kevcolin (17/150),0,229.54,DST Raiders  FLEX Ashton Jeanty QB Bryce Young RB Derrick Henry RB D'Andre Swift TE Colston Loveland WR Justin Jefferson WR Quentin Johnston WR Jalen Coker,,Josh Whyle,FLEX,0.00%,0
489,5252922158,RickyTheGini (12/15),0,229.54,DST Steelers  FLEX Jalen Coker QB Bryce Young RB Jahmyr Gibbs RB Jonathan Taylor TE Dallas Goedert WR Chris Olave WR Tetairoa McMillan WR Keenan Allen,,Rasheen Ali,RB,0.00%,0
491,5250699243,ghsfy53 (28/150),0,229.43999,DST Jets  FLEX Tetairoa McMillan QB Bryce Young RB Jahmyr Gibbs RB Ashton Jeanty TE Dallas Goedert WR Chris Olave WR Jameson Williams WR Jalen Coker,,Ben Sinnott,FLEX,0.00%,0
491,5252057114,willi55 (30/150),0,229.43999,DST Packers  FLEX Ashton Jeanty QB Bryce Young RB Jahmyr Gibbs RB Bucky Irving TE Michael Mayer WR Nico Collins WR Chris Olave WR Jalen Coker,,Johnny Mundt,TE,0.00%,0
493,5246738744,afcgreen27 (84/150),0,229.4,DST Jaguars  FLEX Jonnu Smith QB Trevor Lawrence RB Jahmyr Gibbs RB Derrick Henry TE Dallas Goedert WR Amon-Ra St. Brown WR Christian Watson WR Parker Washington,,Blake Whiteheart,TE,0.00%,2.4
494,5252374716,kurszewski (3/28),0,229.38,DST Raiders  FLEX D'Andre Swift QB Jordan Love RB Ashton Jeanty RB David Montgomery TE Tucker Kraft WR Justin Jefferson WR Christian Watson WR Matthew Golden,,Mo Alie-Cox,FLEX,0.00%,0
494,5253583075,kurszewski (16/28),0,229.38,DST Raiders  FLEX D'Andre Swift QB Jordan Love RB Ashton Jeanty RB David Montgomery TE Tucker Kraft WR Justin Jefferson WR Christian Watson WR Matthew Golden,,Isaiah Bond,FLEX,0.00%,0
496,5230823732,coldalli (4/58),0,229.36,DST Raiders  FLEX Justin Jefferson QB Lamar Jackson RB Derrick Henry RB D'Andre Swift TE Mark Andrews WR Zay Flowers WR Carnell Tate WR Jalen Coker,,Ashton Dulin,FLEX,0.00%,0
497,5248601129,suntzjim (138/150),0,229.34,DST Raiders  FLEX Bucky Irving QB Bryce Young RB Derrick Henry RB Travis Etienne Jr. TE Sam LaPorta WR Amon-Ra St. Brown WR Chris Olave WR Jalen Coker,,Cade Stover,FLEX,0.00%,0.8
498,5252208933,Maloneymat16 (25/150),0,229.31999,DST Steelers  FLEX Caleb Douglas QB Jalen Hurts RB Jahmyr Gibbs RB Ashton Jeanty TE Dallas Goedert WR Amon-Ra St. Brown WR Chris Olave WR Dontayvion Wicks,,Kaytron Allen,FLEX,0.00%,1.6
499,5250149919,Brodighiero (39/150),0,229.3,DST Steelers  FLEX Dallas Goedert QB Tyler Shough RB Jahmyr Gibbs RB Ashton Jeanty TE Cade Otton WR Chris Olave WR Zay Flowers WR Parker Washington,,Ben Sinnott,TE,0.00%,0
499,5252861296,clavinniu (87/100),0,229.29999,DST Bengals  FLEX Michael Mayer QB Tyler Shough RB Bijan Robinson RB Derrick Henry TE Juwan Johnson WR Amon-Ra St. Brown WR Chris Olave WR Zay Flowers,,Josh Jacobs,RB,0.00%,0
501,5245241516,Sirchosen (74/150),0,229.2,DST Raiders  FLEX Christian Watson QB Trevor Lawrence RB Jahmyr Gibbs RB Bijan Robinson TE Dallas Goedert WR Parker Washington WR Josh Downs WR Jalen Coker,,Treylon Burks,FLEX,0.00%,0
501,5250019407,chickodie (2/2),0,229.20001,DST Eagles  FLEX Parker Washington QB Tyler Shough RB Jahmyr Gibbs RB Derrick Henry TE Darren Waller WR Chris Olave WR Zay Flowers WR Jalen Coker,,Skyler Bell,FLEX,0.00%,0
501,5250678766,Ale0626 (36/150),0,229.2,DST Cardinals  FLEX Ashton Jeanty QB Tyler Shough RB Jahmyr Gibbs RB Derrick Henry TE Juwan Johnson WR Chris Olave WR DJ Moore WR Michael Pittman Jr.,,Will Kacmarek,TE,0.00%,0
501,5252244196,SandmanWs7 (18/100),0,229.19998,DST Jaguars  FLEX Ladd McConkey QB Tyler Shough RB Jahmyr Gibbs RB Ashton Jeanty TE Juwan Johnson WR Chris Olave WR Zay Flowers WR Devaughn Vele,,Durham Smythe,FLEX,0.00%,1.4
501,5253122328,bavmarine (7/100),0,229.19998,DST Jets  FLEX Derrick Henry QB Tyler Shough RB Jahmyr Gibbs RB Jonathan Taylor TE Juwan Johnson WR Chris Olave WR Zay Flowers WR Caleb Douglas,,Dylan Drummond,FLEX,0.00%,0
506,5251903779,jbeesee (3/150),0,229.15999,DST Ravens  FLEX Ashton Jeanty QB Caleb Williams RB Jahmyr Gibbs RB D'Andre Swift TE Colston Loveland WR Christian Watson WR Jalen Coker WR Tre Tucker,,AJ Dillon,RB,0.00%,2.8
506,5252233377,Mattraq1 (41/150),0,229.15999,DST Jets  FLEX Michael Mayer QB Lamar Jackson RB Jahmyr Gibbs RB Ashton Jeanty TE Tucker Kraft WR Justin Jefferson WR Chris Olave WR Jalen Coker,,LaJohntay Wester,WR,0.00%,3.5
506,5253328482,Dwalker5000 (1/20),0,229.15999,DST Colts  FLEX Trey McBride QB Josh Allen RB Jahmyr Gibbs RB Jonathan Taylor TE Juwan Johnson WR Chris Olave WR Jalen Coker WR Devaughn Vele,,Mark Redman,TE,0.00%,0
506,5253328483,Dwalker5000 (2/20),0,229.15999,DST Colts  FLEX Trey McBride QB Josh Allen RB Jahmyr Gibbs RB Jonathan Taylor TE Juwan Johnson WR Chris Olave WR Jalen Coker WR Devaughn Vele,,John Metchie III,FLEX,0.00%,0
506,5253367378,ummmno9898 (132/150),0,229.15999,DST Jets  FLEX Justin Jefferson QB Caleb Williams RB Bijan Robinson RB Derrick Henry TE Dalton Schultz WR Chris Olave WR Zay Flowers WR Caleb Douglas,,Tahj Brooks,RB,0.00%,0
511,5231959807,Takinyurcheese (75/150),0,229.05998,DST Jaguars  FLEX Zay Flowers QB Josh Allen RB Derrick Henry RB Bucky Irving TE Dallas Goedert WR Nico Collins WR DJ Moore WR Devaughn Vele,,John Bates,FLEX,0.00%,3.3
512,5252416881,BroBroBroYourBoat (142/150),0,228.99998,DST Steelers  FLEX Ashton Jeanty QB Tyler Shough RB Jahmyr Gibbs RB D'Andre Swift TE Sam LaPorta WR Chris Olave WR Jakobi Meyers WR Devaughn Vele,,J.J. McCarthy,QB,0.00%,0
513,5225602242,RobbCobb (27/62),0,228.9,DST Raiders  FLEX Jonathan Taylor QB Tyler Shough RB Jahmyr Gibbs RB Bijan Robinson TE Dallas Goedert WR Emeka Egbuka WR Jalen Coker WR Devaughn Vele,,Ollie Gordon II,FLEX,0.00%,0
513,5246737801,afcgreen27 (83/150),0,228.9,DST Jaguars  FLEX Mike Gesicki QB Trevor Lawrence RB Jahmyr Gibbs RB Derrick Henry TE Dallas Goedert WR Amon-Ra St. Brown WR Christian Watson WR Brian Thomas Jr.,,Mitchell Evans,FLEX,0.00%,1.9
513,5246754953,afcgreen27 (87/150),0,228.9,DST Jaguars  FLEX Mike Gesicki QB Trevor Lawrence RB Jahmyr Gibbs RB Derrick Henry TE Dallas Goedert WR Amon-Ra St. Brown WR Christian Watson WR Brian Thomas Jr.,,Derius Davis,WR,0.00%,0
513,5252194228,scarecrow68 (91/150),0,228.9,DST Steelers  FLEX Tucker Kraft QB Tyler Shough RB Jahmyr Gibbs RB Derrick Henry TE Juwan Johnson WR Justin Jefferson WR Garrett Wilson WR Jalen Coker,,Bam Knight,FLEX,0.00%,0
517,5252218044,jp140 (50/150),0,228.84,DST Cardinals  FLEX Breece Hall QB Bryce Young RB Bijan Robinson RB Jonathan Taylor TE Dallas Goedert WR Chris Olave WR Tetairoa McMillan WR Jalen Coker,,Jacob Saylors,FLEX,0.00%,0
518,5240914558,bsokol0107 (69/150),0,228.79999,DST Steelers  FLEX Dallas Goedert QB Tyler Shough RB Jahmyr Gibbs RB Jonathan Taylor TE Juwan Johnson WR Amon-Ra St. Brown WR Chris Olave WR Devaughn Vele,,Luke McCaffrey,FLEX,0.00%,0
518,5246109327,cbhaefele (8/14),0,228.79999,DST Jaguars  FLEX Tre Tucker QB Malik Willis RB Jahmyr Gibbs RB D'Andre Swift TE Dallas Goedert WR Amon-Ra St. Brown WR Chris Olave WR Jalen Coker,,Jayden Higgins,WR,0.00%,0
518,5251742822,chi3617 (85/147),0,228.79999,DST Eagles  FLEX Jahmyr Gibbs QB Tyler Shough RB Derrick Henry RB D'Andre Swift TE Dallas Goedert WR Justin Jefferson WR Luther Burden III WR Devaughn Vele,,Dylan Drummond,WR,0.00%,0
518,5253034166,MiamiSKC (59/75),0,228.79999,DST Raiders  FLEX Ashton Jeanty QB Tyler Shough RB Jahmyr Gibbs RB Chuba Hubbard TE Tucker Kraft WR Chris Olave WR Zay Flowers WR Devaughn Vele,,Robert Tonyan,TE,0.00%,0
518,5253038053,BigBucks647373 (103/150),0,228.8,DST Jaguars  FLEX Chris Olave QB Tyler Shough RB Jahmyr Gibbs RB Chase Brown TE T.J. Hockenson WR Amon-Ra St. Brown WR Jalen Coker WR Devaughn Vele,,Dohnte Meyers,FLEX,0.00%,3.8
523,5252539143,Marjsh10 (24/150),0,228.78,DST Jaguars  FLEX Michael Mayer QB Jordan Love RB Jahmyr Gibbs RB Derrick Henry TE Brenton Strange WR Justin Jefferson WR Zay Flowers WR Christian Watson,,Ameer Abdullah,RB,0.00%,4.2
524,5250943225,UncleChes (18/36),0,228.76,DST Jaguars  FLEX Justin Jefferson QB Caleb Williams RB Jahmyr Gibbs RB Chase Brown TE Dallas Goedert WR Luther Burden III WR Jalen Coker WR Devaughn Vele,,Tanner Koziol,TE,0.00%,0
525,5243428891,Profreshional10 (12/150),0,228.73999,DST Browns  FLEX Ashton Jeanty QB Bryce Young RB Jahmyr Gibbs RB Bijan Robinson TE Michael Mayer WR Chris Olave WR Tetairoa McMillan WR Jalen Coker,,Frank Gore Jr.,FLEX,0.00%,0.3
525,5249997705,elessidril (37/93),0,228.73997,DST Jaguars  FLEX Ashton Jeanty QB Bryce Young RB Jahmyr Gibbs RB D'Andre Swift TE Juwan Johnson WR Tee Higgins WR Tetairoa McMillan WR Jalen Coker,,Anthony Richardson Sr.,QB,0.00%,0
525,5250396903,GrayPatterson9 (47/150),0,228.73999,DST Browns  FLEX Ashton Jeanty QB Bryce Young RB Jahmyr Gibbs RB Bijan Robinson TE Michael Mayer WR Chris Olave WR Tetairoa McMillan WR Jalen Coker,,Shedrick Jackson,WR,0.00%,0
525,5251440085,Mr.Stick (39/75),0,228.73997,DST Jaguars  FLEX Ashton Jeanty QB Bryce Young RB Jahmyr Gibbs RB D'Andre Swift TE Juwan Johnson WR Tee Higgins WR Tetairoa McMillan WR Jalen Coker,,Albert Okwuegbunam Jr.,TE,0.00%,0
525,5252570181,sae262201 (6/150),0,228.73999,DST Browns  FLEX Ashton Jeanty QB Bryce Young RB Jahmyr Gibbs RB Bijan Robinson TE Michael Mayer WR Chris Olave WR Tetairoa McMillan WR Jalen Coker,,Stone Smartt,TE,0.00%,0
525,5253006801,hill1978 (37/150),0,228.73999,DST Browns  FLEX Ashton Jeanty QB Bryce Young RB Jahmyr Gibbs RB Bijan Robinson TE Michael Mayer WR Chris Olave WR Tetairoa McMillan WR Jalen Coker,,Demond Claiborne,RB,0.00%,0
525,5253219728,alsjets78 (140/150),0,228.73999,DST Browns  FLEX Ashton Jeanty QB Bryce Young RB Jahmyr Gibbs RB Bijan Robinson TE Michael Mayer WR Chris Olave WR Tetairoa McMillan WR Jalen Coker,,Michael Penix Jr.,QB,0.00%,0
532,5245851565,dereksinparis (110/150),0,228.72,DST Raiders  FLEX Ashton Jeanty QB Jalen Hurts RB Chase Brown RB Jaylen Warren TE Dallas Goedert WR Zay Flowers WR Christian Watson WR Jalen Coker,,Ben Skowronek,WR,0.00%,0
533,5213955287,BigEchar (18/69),0,228.69998,DST Steelers  FLEX Ladd McConkey QB Tyler Shough RB Jahmyr Gibbs RB Ashton Jeanty TE Michael Mayer WR Amon-Ra St. Brown WR Chris Olave WR Devaughn Vele,,KeAndre Lambert-Smith,WR,0.00%,0
533,5248712478,PigskinABlanket (136/150),0,228.7,DST Commanders  FLEX Bijan Robinson QB Tyler Shough RB Jahmyr Gibbs RB Derrick Henry TE Michael Mayer WR Chris Olave WR Zay Flowers WR Devaughn Vele,,Rasheen Ali,FLEX,0.00%,0
533,5250793392,mlief (5/150),0,228.69998,DST Steelers  FLEX Ladd McConkey QB Tyler Shough RB Jahmyr Gibbs RB Ashton Jeanty TE Michael Mayer WR Amon-Ra St. Brown WR Chris Olave WR Devaughn Vele,,Mark Redman,FLEX,0.00%,0
533,5251798510,nckydymnds22 (9/150),0,228.69998,DST Jaguars  FLEX Michael Mayer QB Tyler Shough RB Derrick Henry RB Ashton Jeanty TE Juwan Johnson WR Amon-Ra St. Brown WR Chris Olave WR Zay Flowers,,Josh Williams,RB,0.00%,0
533,5252385368,Jasonsb1 (1/10),0,228.69998,DST Steelers  FLEX Ladd McConkey QB Tyler Shough RB Jahmyr Gibbs RB Ashton Jeanty TE Michael Mayer WR Amon-Ra St. Brown WR Chris Olave WR Devaughn Vele,,Bub Means,FLEX,0.00%,0
538,5250490619,markertassel (42/150),0,228.67998,DST Jets  FLEX Jahmyr Gibbs QB Jordan Love RB Bijan Robinson RB Derrick Henry TE Michael Mayer WR Amon-Ra St. Brown WR Christian Watson WR Caleb Douglas,,Matt Hibner,FLEX,0.00%,2.3
539,5235844033,rnys2424 (1/4),0,228.63998,DST Jaguars  FLEX Juwan Johnson QB Jared Goff RB Jonathan Taylor RB Derrick Henry TE Dallas Goedert WR Amon-Ra St. Brown WR Chris Olave WR Jalen Coker,,Johnny Mundt,FLEX,0.00%,0
539,5250205449,clags22 (124/150),0,228.63998,DST Jets  FLEX Christian Watson QB Bryce Young RB Jahmyr Gibbs RB Jonathan Taylor TE Dalton Schultz WR Zay Flowers WR Tetairoa McMillan WR Jalen Coker,,Kevin Coleman Jr.,WR,0.00%,0
539,5251016065,Bdubb540 (64/150),0,228.63998,DST Bengals  FLEX Jahmyr Gibbs QB Bryce Young RB Jonathan Taylor RB Derrick Henry TE Juwan Johnson WR Tetairoa McMillan WR Luther Burden III WR Jalen Coker,,Elijah Moore,WR,0.00%,0
542,5252174145,fballjunkiee (115/150),0,228.6,DST Jets  FLEX Bijan Robinson QB Tyler Shough RB Derrick Henry RB D'Andre Swift TE Cade Otton WR Amon-Ra St. Brown WR Chris Olave WR Devaughn Vele,,Marlin Klein,FLEX,0.00%,2.6
542,5252207270,Jakkoe (133/150),0,228.59998,DST Bengals  FLEX Derrick Henry QB Tyler Shough RB Jahmyr Gibbs RB Jonathan Taylor TE Juwan Johnson WR Chris Olave WR Garrett Wilson WR Devaughn Vele,,Jalen McMillan,FLEX,0.00%,0
544,5251506704,ksc333 (69/150),0,228.54,DST Lions  FLEX Justin Jefferson QB Bryce Young RB Bijan Robinson RB D'Andre Swift TE Michael Mayer WR Amon-Ra St. Brown WR Luther Burden III WR Jalen Coker,,Nick Singleton,FLEX,0.00%,0
544,5252459951,DefendFreedom (56/150),0,228.54,DST Jaguars  FLEX Tre Tucker QB Bryce Young RB Jahmyr Gibbs RB Derrick Henry TE Brenton Strange WR Justin Jefferson WR Nico Collins WR Jalen Coker,,Malachi Corley,WR,0.00%,0
544,5253775747,t5662jp (133/150),0,228.53998,DST Raiders  FLEX Justin Jefferson QB Bryce Young RB Jahmyr Gibbs RB Ashton Jeanty TE Juwan Johnson WR Garrett Wilson WR Luther Burden III WR Jalen Coker,,Joe Flacco,QB,0.00%,0
547,5252640160,Jhuffste (142/150),0,228.5,DST Steelers  FLEX Christian Watson QB Trevor Lawrence RB Derrick Henry RB Ashton Jeanty TE Brenton Strange WR Chris Olave WR Garrett Wilson WR Parker Washington,,Andrew Beck,RB,0.00%,0
547,5252670182,slushfundx (50/150),0,228.49998,DST Raiders  FLEX D'Andre Swift QB Trevor Lawrence RB Jahmyr Gibbs RB Derrick Henry TE Brenton Strange WR Amon-Ra St. Brown WR Ladd McConkey WR Devaughn Vele,,Charlie Woerner,TE,0.00%,0
547,5253285196,skeez35 (9/150),0,228.5,DST Raiders  FLEX Chase Brown QB Tyler Shough RB Jahmyr Gibbs RB D'Andre Swift TE Juwan Johnson WR Chris Olave WR Zay Flowers WR Devaughn Vele,,Payne Durham,TE,0.00%,0
550,5208023087,drewday27 (148/150),0,228.45998,DST Steelers  FLEX Devaughn Vele QB Lamar Jackson RB Jahmyr Gibbs RB Ashton Jeanty TE Mark Andrews WR Amon-Ra St. Brown WR Garrett Wilson WR Jalen Coker,,Seth McGowan,FLEX,0.00%,1
550,5247324612,niners95 (21/56),0,228.45999,DST Vikings  FLEX Kyle Monangai QB Josh Allen RB Jonathan Taylor RB Chase Brown TE Dallas Goedert WR Zay Flowers WR DJ Moore WR Jalen Coker,,Tom Kennedy,WR,0.00%,0
552,5251658241,cquigs12 (119/150),0,228.43999,DST Browns  FLEX Jahmyr Gibbs QB Bryce Young RB Bijan Robinson RB D'Andre Swift TE Michael Mayer WR Justin Jefferson WR Tetairoa McMillan WR Jalen Coker,,Austin Trammell,WR,0.00%,0
552,5252830455,bmglass100 (2/150),0,228.44,DST Steelers  FLEX Zay Flowers QB Bryce Young RB Ashton Jeanty RB Rico Dowdle TE Tucker Kraft WR Amon-Ra St. Brown WR Chris Olave WR Jalen Coker,,Jalen Reagor,WR,0.00%,0
554,5252761886,rrod133 (72/150),0,228.4,DST Bills  FLEX D'Andre Swift QB Tyler Shough RB Jahmyr Gibbs RB Jonathan Taylor TE Dallas Goedert WR Chris Olave WR Parker Washington WR Devaughn Vele,,Roman Hemby,FLEX,0.00%,0
555,5211429498,Volk84 (101/150),0,228.37999,DST Steelers  FLEX Dalton Kincaid QB Jordan Love RB Jahmyr Gibbs RB D'Andre Swift TE Tucker Kraft WR Chris Olave WR Christian Watson WR Stefon Diggs,,Tank Dell,WR,0.00%,0
556,5253818122,HTownYellaBoi (112/150),0,228.36,DST Steelers  FLEX Malik Washington QB Josh Allen RB D'Andre Swift RB David Montgomery TE Dallas Goedert WR Nico Collins WR Chris Olave WR DJ Moore,,Tahj Brooks,FLEX,0.00%,0
557,5248522672,cdpreuss (48/150),0,228.31999,DST Bengals  FLEX Dallas Goedert QB Jalen Hurts RB Jahmyr Gibbs RB Ashton Jeanty TE Michael Mayer WR Chris Olave WR Zay Flowers WR Ladd McConkey,,Simi Fehoko,WR,0.00%,0
558,5252372003,docrx89 (113/150),0,228.3,DST Cardinals  FLEX Breece Hall QB Tyler Shough RB Jahmyr Gibbs RB Derrick Henry TE Tyler Warren WR Chris Olave WR Zay Flowers WR Devaughn Vele,,Hunter Long,FLEX,0.00%,0
558,5253296061,SoonerTrojan (57/150),0,228.29999,DST Bengals  FLEX Ashton Jeanty QB Tyler Shough RB Jahmyr Gibbs RB Derrick Henry TE Juwan Johnson WR Chris Olave WR Ladd McConkey WR Tre Tucker,,Chris Moore,WR,0.00%,6.3
560,5252643061,roosevelt (147/150),0,228.26,DST Browns  FLEX Jalen Coker QB Josh Allen RB Ashton Jeanty RB David Montgomery TE Juwan Johnson WR Amon-Ra St. Brown WR Chris Olave WR Garrett Wilson,,Cody White,WR,0.00%,0
560,5253257299,tye09 (131/150),0,228.26001,DST Cardinals  FLEX Justin Jefferson QB Caleb Williams RB Jahmyr Gibbs RB D'Andre Swift TE Greg Dulcich WR Zay Flowers WR Rome Odunze WR Jalen Coker,,Jeremy Ruckert,TE,0.00%,1.4
560,5253296153,SoonerTrojan (149/150),0,228.25998,DST Raiders  FLEX Ashton Jeanty QB Caleb Williams RB Jahmyr Gibbs RB D'Andre Swift TE Michael Mayer WR Christian Watson WR Garrett Wilson WR Luther Burden III,,Zamir White,RB,0.00%,0
563,5252808761,ravens68 (2/150),0,228.24,DST Buccaneers  FLEX Christian Watson QB Bryce Young RB Ashton Jeanty RB D'Andre Swift TE Colston Loveland WR Amon-Ra St. Brown WR Tetairoa McMillan WR Jalen Coker,,Brenen Thompson,FLEX,0.00%,0
563,5253768388,jdooley99 (59/60),0,228.23999,DST Jets  FLEX Ashton Jeanty QB Bryce Young RB Jahmyr Gibbs RB Bijan Robinson TE Dalton Schultz WR Justin Jefferson WR Quentin Johnston WR Jalen Coker,,Devontez Walker,FLEX,0.00%,0
565,5235442993,cparello (101/150),0,228.19998,DST Commanders  FLEX Ashton Jeanty QB Tyler Shough RB Jahmyr Gibbs RB D'Andre Swift TE Dalton Schultz WR Amon-Ra St. Brown WR Chris Olave WR Devaughn Vele,,Trey Benson,RB,0.00%,0
565,5252157738,rdixon13 (52/150),0,228.2,DST Jets  FLEX Jahmyr Gibbs QB Tyler Shough RB Breece Hall RB D'Andre Swift TE Juwan Johnson WR Amon-Ra St. Brown WR Chris Olave WR Devaughn Vele,,Isiah Pacheco,FLEX,0.00%,0
565,5252569125,mdhines2 (52/150),0,228.2,DST Jets  FLEX Ashton Jeanty QB Tyler Shough RB Jahmyr Gibbs RB Breece Hall TE Juwan Johnson WR Chris Olave WR Tetairoa McMillan WR Jalen Coker,,Raheim Sanders,FLEX,0.00%,5.6
565,5252704546,nyackz (125/150),0,228.2,DST Steelers  FLEX Breece Hall QB Tyler Shough RB Jonathan Taylor RB D'Andre Swift TE Juwan Johnson WR Justin Jefferson WR Chris Olave WR Devaughn Vele,,Kaden Davis,WR,0.00%,0
565,5252918821,Bosoxer (54/150),0,228.2,DST Jets  FLEX Jahmyr Gibbs QB Tyler Shough RB Breece Hall RB D'Andre Swift TE Juwan Johnson WR Amon-Ra St. Brown WR Chris Olave WR Devaughn Vele,,Deion Burks,FLEX,0.00%,0
565,5252922161,RickyTheGini (15/15),0,228.2,DST Steelers  FLEX D'Andre Swift QB Tyler Shough RB David Montgomery RB Bucky Irving TE Dallas Goedert WR Chris Olave WR Zay Flowers WR Tetairoa McMillan,,Ronnie Bell,WR,0.00%,0
565,5253522589,sbcousle (30/150),0,228.19998,DST Jaguars  FLEX Christian Watson QB Tyler Shough RB Jahmyr Gibbs RB Derrick Henry TE Juwan Johnson WR Chris Olave WR Tee Higgins WR Devaughn Vele,,Sean Tucker,RB,0.00%,0
572,5213857694,ericadop4887 (3/3),0,228.16,DST Steelers  FLEX Chuba Hubbard QB Caleb Williams RB Jahmyr Gibbs RB D'Andre Swift TE Colston Loveland WR Christian Watson WR Quentin Johnston WR Jalen Coker,,Ty Johnson,RB,0.00%,0
572,5252543071,J-Rock-R (127/150),0,228.15999,DST Panthers  FLEX Ashton Jeanty QB Lamar Jackson RB Jahmyr Gibbs RB Bijan Robinson TE Mark Andrews WR Zay Flowers WR Jalen Coker WR Devaughn Vele,,Darius Cooper,FLEX,0.00%,0
574,5251026290,conner.delaney (3/30),0,228.1,DST Steelers  FLEX Devaughn Vele QB Tyler Shough RB Jahmyr Gibbs RB David Montgomery TE Tyler Warren WR Chris Olave WR Zay Flowers WR DJ Moore,,Brycen Tremayne,WR,0.00%,0
575,5247209125,grits812 (134/150),0,228.05998,DST Steelers  FLEX Jahmyr Gibbs QB Lamar Jackson RB Jonathan Taylor RB Breece Hall TE Mark Andrews WR Zay Flowers WR Jalen Coker WR Devaughn Vele,,Ryan Miller,WR,0.00%,0
575,5253784128,jutterman (28/126),0,228.05998,DST Raiders  FLEX Dallas Goedert QB Lamar Jackson RB Jahmyr Gibbs RB Derrick Henry TE Mark Andrews WR Amon-Ra St. Brown WR Zay Flowers WR Devaughn Vele,,Bauer Sharp,TE,0.00%,0
577,5231234276,mgallagher30 (79/150),0,228.04,DST Jaguars  FLEX Terry McLaurin QB Bryce Young RB Jahmyr Gibbs RB D'Andre Swift TE Dallas Goedert WR Chris Olave WR Tetairoa McMillan WR Jalen Coker,,Reggie Virgil,WR,0.00%,0
577,5250783945,ChocFrogAddict (22/150),0,228.04,DST Jaguars  FLEX Dallas Goedert QB Bryce Young RB Jahmyr Gibbs RB Bucky Irving TE Colston Loveland WR Chris Olave WR Zay Flowers WR Jalen Coker,,Carsen Ryan,TE,0.00%,0
579,5252998861,TwoHearted (34/150),0,227.99998,DST Raiders  FLEX Michael Mayer QB Tyler Shough RB Ashton Jeanty RB D'Andre Swift TE Juwan Johnson WR Amon-Ra St. Brown WR Justin Jefferson WR Chris Olave,,Jelani Woods,TE,0.00%,0
580,5236543630,Tkunz6921 (8/150),0,227.95998,DST Bengals  FLEX Jonathan Taylor QB Josh Allen RB Jahmyr Gibbs RB D'Andre Swift TE Juwan Johnson WR Garrett Wilson WR DJ Moore WR Devaughn Vele,,Ke'Shawn Williams,WR,0.00%,0
580,5252811283,macrorob89 (108/150),0,227.96,DST Steelers  FLEX Justin Jefferson QB Caleb Williams RB Jahmyr Gibbs RB D'Andre Swift TE Juwan Johnson WR DeVonta Smith WR Jalen Coker WR Adonai Mitchell,,Nate Boerkircher,FLEX,0.00%,1.9
580,5253401708,sequoia20 (99/150),0,227.96,DST Ravens  FLEX Jahmyr Gibbs QB Justin Herbert RB Derrick Henry RB D'Andre Swift TE Michael Mayer WR Chris Olave WR Ladd McConkey WR Jalen Coker,,Treyton Welch,TE,0.00%,0
583,5242305289,krisp101 (43/103),0,227.94,DST Steelers  FLEX De'Von Achane QB Bryce Young RB Jahmyr Gibbs RB Bijan Robinson TE Dallas Goedert WR Ladd McConkey WR Jalen Coker WR Dontayvion Wicks,,Tay Martin,FLEX,0.00%,0
583,5247209036,grits812 (45/150),0,227.94,DST Raiders  FLEX Saquon Barkley QB Bryce Young RB Jahmyr Gibbs RB D'Andre Swift TE Brenton Strange WR Chris Olave WR Ladd McConkey WR Jalen Coker,,Charlie Woerner,FLEX,0.00%,0
583,5247870553,jordanchand (67/150),0,227.94,DST Dolphins  FLEX Omarion Hampton QB Bryce Young RB Jahmyr Gibbs RB D'Andre Swift TE Michael Mayer WR Justin Jefferson WR Zay Flowers WR Jalen Coker,,Jordyn Tyson,FLEX,0.00%,0
583,5250824831,nmj4786 (53/150),0,227.94,DST Jets  FLEX Trey McBride QB Bryce Young RB Jahmyr Gibbs RB D'Andre Swift TE Harold Fannin Jr. WR Chris Olave WR Garrett Wilson WR Jalen Coker,,James Conner,FLEX,0.00%,0
583,5251020306,brandynholland,0,227.94,DST Steelers  FLEX Colston Loveland QB Bryce Young RB Jahmyr Gibbs RB D'Andre Swift TE Darren Waller WR Amon-Ra St. Brown WR Chris Olave WR Jalen Coker,,CJ Donaldson,RB,0.00%,1.2
588,5253357563,vthrill (59/150),0,227.9,DST Lions  FLEX Ashton Jeanty QB Trevor Lawrence RB Saquon Barkley RB Derrick Henry TE Dallas Goedert WR Zay Flowers WR Parker Washington WR Jalen Coker,,Eli Heidenreich,RB,0.00%,0
588,5253754869,jefvan05 (47/150),0,227.9,DST Bengals  FLEX Jahmyr Gibbs QB Tyler Shough RB Bijan Robinson RB Derrick Henry TE Juwan Johnson WR Chris Olave WR DK Metcalf WR Devaughn Vele,,Myles Price,WR,0.00%,0
590,5250306778,tektoniks (23/150),0,227.85999,DST Raiders  FLEX Ashton Jeanty QB Lamar Jackson RB Jahmyr Gibbs RB D'Andre Swift TE Juwan Johnson WR Zay Flowers WR Garrett Wilson WR Devaughn Vele,,Demond Claiborne,FLEX,0.00%,0
591,5239755766,AshtonDupreez (2/150),0,227.84001,DST Jaguars  FLEX Zay Flowers QB Bryce Young RB Jahmyr Gibbs RB D'Andre Swift TE Sam LaPorta WR Tetairoa McMillan WR Parker Washington WR Jalen Coker,,Quinn Ewers,QB,0.00%,0
591,5245229253,ellis3535 (36/48),0,227.83998,DST Vikings  FLEX Tee Higgins QB Bryce Young RB Jahmyr Gibbs RB Ashton Jeanty TE Dallas Goedert WR Chris Olave WR Luther Burden III WR Jalen Coker,,Tyler Goodson,RB,0.00%,0
591,5251888377,DeeMac74 (4/30),0,227.84,DST Commanders  FLEX Jahmyr Gibbs QB Bryce Young RB Derrick Henry RB Bucky Irving TE Tyler Warren WR Chris Olave WR Garrett Wilson WR Jalen Coker,,Luke Floriea,WR,0.00%,0
591,5252411901,mattysc6 (50/150),0,227.83998,DST Bills  FLEX Ladd McConkey QB Bryce Young RB Jahmyr Gibbs RB Ashton Jeanty TE Juwan Johnson WR Chris Olave WR Tetairoa McMillan WR Jalen Coker,,Drew Ogletree,FLEX,0.00%,0
591,5252635374,michiganmack (32/150),0,227.84,DST Browns  FLEX Jahmyr Gibbs QB Bryce Young RB Bijan Robinson RB Jonathan Taylor TE Juwan Johnson WR Christian Watson WR Luther Burden III WR Jalen Coker,,DJ Giddens,FLEX,0.00%,0
591,5253483445,scrpt1995 (117/150),0,227.84,DST Jaguars  FLEX Ashton Jeanty QB Bryce Young RB Jonathan Taylor RB Derrick Henry TE Dallas Goedert WR DeVonta Smith WR Luther Burden III WR Jalen Coker,,Devontez Walker,WR,0.00%,0
597,5204490125,bradblackandgold (73/150),0,227.79999,DST Steelers  FLEX Ashton Jeanty QB Tyler Shough RB Derrick Henry RB Travis Etienne Jr. TE Juwan Johnson WR Chris Olave WR Christian Watson WR Luther Burden III,,Albert Okwuegbunam Jr.,FLEX,0.00%,0
597,5248817212,jablo9398 (71/150),0,227.79999,DST Bengals  FLEX Ashton Jeanty QB Tyler Shough RB Jahmyr Gibbs RB Bijan Robinson TE Juwan Johnson WR Chris Olave WR Luther Burden III WR Devaughn Vele,,Dylan Laube,RB,0.00%,0
597,5249382581,ActionJackson0122 (82/150),0,227.8,DST Jets  FLEX Jahmyr Gibbs QB Tyler Shough RB Derrick Henry RB Breece Hall TE Juwan Johnson WR Chris Olave WR Jameson Williams WR Jalen Coker,,Trent Sherfield Sr.,FLEX,0.00%,0
597,5251120125,screamingeagle01 (26/150),0,227.79999,DST Texans  FLEX Christian Watson QB Tyler Shough RB Jahmyr Gibbs RB Derrick Henry TE Michael Mayer WR Amon-Ra St. Brown WR Chris Olave WR Devaughn Vele,,Josh Cuevas,TE,0.00%,0
597,5251405471,csokn (70/150),0,227.8,DST Steelers  FLEX Matthew Golden QB Tyler Shough RB Jahmyr Gibbs RB D'Andre Swift TE Sam LaPorta WR Justin Jefferson WR Chris Olave WR Devaughn Vele,,Casey Washington,WR,0.00%,0
597,5252274946,PhatStarr (49/150),0,227.79999,DST Bengals  FLEX Ashton Jeanty QB Tyler Shough RB Jahmyr Gibbs RB Bijan Robinson TE Juwan Johnson WR Chris Olave WR Luther Burden III WR Devaughn Vele,,Nick Vannett,TE,0.00%,0
597,5252785049,Boondada (77/80),0,227.79999,DST Bengals  FLEX D'Andre Swift QB Tyler Shough RB Jahmyr Gibbs RB Jonathan Taylor TE Michael Mayer WR Nico Collins WR Chris Olave WR Devaughn Vele,,Payne Durham,FLEX,0.00%,0
597,5253398702,jmbarrera19 (43/99),0,227.79999,DST Jaguars  FLEX Ashton Jeanty QB Trevor Lawrence RB Jahmyr Gibbs RB Derrick Henry TE Michael Mayer WR Amon-Ra St. Brown WR Parker Washington WR Devaughn Vele,,Chris Blair,WR,0.00%,0
605,5251735087,robinlucas10 (83/150),0,227.76,DST Steelers  FLEX Ashton Jeanty QB Caleb Williams RB Bijan Robinson RB Travis Etienne Jr. TE Juwan Johnson WR Zay Flowers WR Luther Burden III WR Jalen Coker,,Laquon Treadwell,FLEX,0.00%,0
605,5252761911,rrod133 (97/150),0,227.76,DST Steelers  FLEX D'Andre Swift QB Josh Allen RB Derrick Henry RB Breece Hall TE Tucker Kraft WR Nico Collins WR DJ Moore WR Devaughn Vele,,Josh Whyle,TE,0.00%,0
607,5251487709,Omaha550,0,227.73999,DST Vikings  FLEX Bijan Robinson QB Bryce Young RB Jahmyr Gibbs RB Bucky Irving TE Juwan Johnson WR Zay Flowers WR Garrett Wilson WR Jalen Coker,,Jaydon Blue,RB,0.00%,0
607,5252194270,scarecrow68 (133/150),0,227.73999,DST Jaguars  FLEX Jahmyr Gibbs QB Bryce Young RB Derrick Henry RB Travis Etienne Jr. TE Mark Andrews WR Zay Flowers WR Garrett Wilson WR Jalen Coker,,Kaden Wetjen,WR,0.00%,0
609,5252308619,DetroitRedskins (1/150),0,227.72,DST Titans  FLEX Chris Olave QB Jalen Hurts RB Derrick Henry RB Ashton Jeanty TE Dallas Goedert WR Zay Flowers WR Chris Godwin Jr. WR Jalen Coker,,Michael Wortham,WR,0.00%,0
610,5245038435,cptnspaulding (119/150),0,227.7,DST Jets  FLEX Caleb Douglas QB Tyler Shough RB Jahmyr Gibbs RB Derrick Henry TE Brenton Strange WR Amon-Ra St. Brown WR Chris Olave WR Zay Flowers,,Sean Tucker,FLEX,0.00%,0
610,5252448532,Swiperz (32/100),0,227.69998,DST Raiders  FLEX Ashton Jeanty QB Tyler Shough RB Derrick Henry RB Breece Hall TE Mark Andrews WR Amon-Ra St. Brown WR Chris Olave WR Devaughn Vele,,Derius Davis,FLEX,0.00%,0
612,5251941704,Mr_Awesome97 (9/101),0,227.66,DST Vikings  FLEX D'Andre Swift QB Caleb Williams RB Derrick Henry RB Ashton Jeanty TE Dallas Goedert WR Zay Flowers WR Tetairoa McMillan WR Michael Pittman Jr.,,Brevin Jordan,FLEX,0.00%,0
612,5251951807,Mr_Awesome97 (12/101),0,227.66,DST Vikings  FLEX D'Andre Swift QB Caleb Williams RB Derrick Henry RB Ashton Jeanty TE Dallas Goedert WR Zay Flowers WR Tetairoa McMillan WR Michael Pittman Jr.,,Davis Mills,QB,0.00%,0
612,5251951832,Mr_Awesome97 (13/101),0,227.66,DST Vikings  FLEX D'Andre Swift QB Caleb Williams RB Derrick Henry RB Ashton Jeanty TE Dallas Goedert WR Zay Flowers WR Tetairoa McMillan WR Michael Pittman Jr.,,Noah Whittington,FLEX,0.00%,0
612,5251970936,Mr_Awesome97 (14/101),0,227.66,DST Vikings  FLEX D'Andre Swift QB Caleb Williams RB Derrick Henry RB Ashton Jeanty TE Dallas Goedert WR Zay Flowers WR Tetairoa McMillan WR Michael Pittman Jr.,,Skyy Moore,WR,0.00%,0
616,5237776794,nraunaag (85/150),0,227.63998,DST Jets  FLEX Jahmyr Gibbs QB Bryce Young RB Jonathan Taylor RB Derrick Henry TE Juwan Johnson WR Nico Collins WR Michael Pittman Jr. WR Jalen Coker,,Dean Patterson IV,WR,0.00%,0
616,5244616128,cwarno20 (4/150),0,227.63998,DST Cardinals  FLEX David Montgomery QB Bryce Young RB Jahmyr Gibbs RB Jonathan Taylor TE Juwan Johnson WR Chris Olave WR Christian Watson WR Chris Godwin Jr.,,Josh Jacobs,FLEX,0.00%,0
616,5250927911,booyah_tribe (4/4),0,227.63998,DST Jets  FLEX Travis Etienne Jr. QB Bryce Young RB Jahmyr Gibbs RB Derrick Henry TE Dallas Goedert WR Christian Watson WR Ladd McConkey WR Garrett Wilson,,Spencer Rattler,QB,0.00%,0
616,5253028349,jacrutcher (140/150),0,227.64001,DST Raiders  FLEX Ashton Jeanty QB Bryce Young RB Chase Brown RB D'Andre Swift TE Sam LaPorta WR Chris Olave WR Tetairoa McMillan WR Jalen Coker,,Isiah Pacheco,RB,0.00%,0
616,5253483397,scrpt1995 (69/150),0,227.64,DST Jets  FLEX Ashton Jeanty QB Bryce Young RB Bijan Robinson RB D'Andre Swift TE Tyler Warren WR Amon-Ra St. Brown WR Jayden Reed WR Jalen Coker,,Vinny Anthony II,WR,0.00%,0
621,5253103883,theleafnode (131/150),0,227.62,DST Cardinals  FLEX Ashton Jeanty QB Jalen Hurts RB Bijan Robinson RB D'Andre Swift TE Dallas Goedert WR Nico Collins WR Chris Olave WR Caleb Douglas,,Will Sheppard,WR,0.00%,0
622,5248569781,henryrj4 (27/150),0,227.59999,DST Jets  FLEX Ashton Jeanty QB Tyler Shough RB Jahmyr Gibbs RB Bijan Robinson TE Juwan Johnson WR Chris Olave WR Parker Washington WR Devaughn Vele,,Xavier Restrepo,WR,0.00%,0
622,5250705646,ADH6676 (49/150),0,227.59999,DST Steelers  FLEX Justin Jefferson QB Tyler Shough RB Ashton Jeanty RB D'Andre Swift TE Michael Mayer WR Amon-Ra St. Brown WR Chris Olave WR Adonai Mitchell,,Will Kacmarek,FLEX,0.00%,0
622,5252066660,iant231 (9/50),0,227.59999,DST Commanders  FLEX Breece Hall QB Tyler Shough RB Jahmyr Gibbs RB Derrick Henry TE Juwan Johnson WR Justin Jefferson WR Chris Olave WR Devaughn Vele,,DJ Herman,RB,0.00%,0
622,5252174137,fballjunkiee (107/150),0,227.59999,DST Bengals  FLEX Ladd McConkey QB Tyler Shough RB Jahmyr Gibbs RB Ashton Jeanty TE Juwan Johnson WR Amon-Ra St. Brown WR DK Metcalf WR Jalen Coker,,Hayden Rucci,FLEX,0.00%,0
622,5252708630,Texasmayne11 (44/64),0,227.59999,DST Jaguars  FLEX Ladd McConkey QB Tyler Shough RB Jahmyr Gibbs RB Ashton Jeanty TE Juwan Johnson WR Chris Olave WR Luther Burden III WR Jalen Coker,,David Moore,WR,0.00%,0
622,5252780625,andybonnot (110/150),0,227.59999,DST Falcons  FLEX Juwan Johnson QB Tyler Shough RB Jahmyr Gibbs RB Ashton Jeanty TE Sam LaPorta WR Chris Olave WR Zay Flowers WR Christian Watson,,Julius Chestnut,RB,0.00%,0
628,5234765870,russthabus26 (44/150),0,227.55998,DST Jets  FLEX Jahmyr Gibbs QB Josh Allen RB Jonathan Taylor RB David Montgomery TE Juwan Johnson WR Zay Flowers WR DJ Moore WR Devaughn Vele,,Frank Gore Jr.,RB,0.00%,0.3
628,5236243120,JamesFlames1104 (14/18),0,227.56001,DST Texans  FLEX Christian Watson QB Caleb Williams RB D'Andre Swift RB David Montgomery TE Cade Otton WR Amon-Ra St. Brown WR Nico Collins WR Jalen Coker,,Kendall Milton,RB,0.00%,0
630,5253066185,scolimon (111/150),0,227.54,DST Vikings  FLEX Amon-Ra St. Brown QB Bryce Young RB Jonathan Taylor RB D'Andre Swift TE Juwan Johnson WR Chris Olave WR Tetairoa McMillan WR Jalen Coker,,Kylen Granson,TE,0.00%,0
631,5222224851,rseid12345 (103/150),0,227.49998,DST Bengals  FLEX Ashton Jeanty QB Tyler Shough RB Bijan Robinson RB Chase Brown TE Juwan Johnson WR Chris Olave WR Zay Flowers WR Devaughn Vele,,Robert Tonyan,FLEX,0.00%,0
631,5245469556,Andrew11207 (16/48),0,227.5,DST Lions  FLEX Jameson Williams QB Tyler Shough RB Jahmyr Gibbs RB Travis Etienne Jr. TE Dallas Goedert WR Chris Olave WR Christian Watson WR Jalen Coker,,Trey Benson,FLEX,0.00%,0
631,5250650412,premierxi (5/150),0,227.5,DST Jets  FLEX Ashton Jeanty QB Tyler Shough RB Jonathan Taylor RB D'Andre Swift TE Sam LaPorta WR Justin Jefferson WR Chris Olave WR Devaughn Vele,,Jaleel McLaughlin,RB,0.00%,0
631,5251687190,lids344 (8/150),0,227.49998,DST Browns  FLEX Ashton Jeanty QB Tyler Shough RB Jahmyr Gibbs RB Derrick Henry TE Juwan Johnson WR Nico Collins WR Chris Olave WR Devaughn Vele,,Ryan Miller,FLEX,0.00%,0
631,5252587421,cmalas (129/150),0,227.49998,DST Browns  FLEX Ashton Jeanty QB Tyler Shough RB Jahmyr Gibbs RB Derrick Henry TE Juwan Johnson WR Nico Collins WR Chris Olave WR Devaughn Vele,,Trent Sherfield Sr.,WR,0.00%,0
636,5250473499,jspradley84 (56/110),0,227.45999,DST Jaguars  FLEX Ashton Jeanty QB Caleb Williams RB Bijan Robinson RB Derrick Henry TE Brenton Strange WR Chris Olave WR Luther Burden III WR Devaughn Vele,,Dominic Lovett,WR,0.00%,0
636,5252582394,mdhines2 (135/150),0,227.45999,DST Jets  FLEX D'Andre Swift QB Caleb Williams RB Jahmyr Gibbs RB Breece Hall TE Colston Loveland WR Amon-Ra St. Brown WR Jalen Coker WR Devaughn Vele,,Dyami Brown,FLEX,0.00%,0
638,5250667493,krv001 (26/150),0,227.44,DST Jaguars  FLEX Omarion Hampton QB Bryce Young RB Jahmyr Gibbs RB D'Andre Swift TE Dallas Goedert WR Chris Olave WR Jayden Reed WR Jalen Coker,,Scotty Miller,WR,0.00%,0
638,5252025635,jjwattup (102/150),0,227.44,DST Jets  FLEX Saquon Barkley QB Bryce Young RB Jahmyr Gibbs RB D'Andre Swift TE Dallas Goedert WR Zay Flowers WR Tetairoa McMillan WR Jalen Coker,,Josh Cameron,WR,0.00%,10
638,5253522659,sbcousle (100/150),0,227.43999,DST Titans  FLEX Jahmyr Gibbs QB Bryce Young RB Bijan Robinson RB D'Andre Swift TE Michael Mayer WR Chris Olave WR Luther Burden III WR Jalen Coker,,Garrison Grimes,TE,0.00%,0
641,5250398907,papi_45 (71/150),0,227.4,DST Bengals  FLEX Christian Watson QB Tyler Shough RB Jahmyr Gibbs RB De'Von Achane TE Juwan Johnson WR Chris Olave WR Garrett Wilson WR Jalen Coker,,Cole Burgess,FLEX,0.00%,0
642,5244346214,ChokeHoldem1 (73/150),0,227.34,DST Lions  FLEX Christian Watson QB Bryce Young RB Jahmyr Gibbs RB Jonathan Taylor TE Dallas Goedert WR Tetairoa McMillan WR Luther Burden III WR Jalen Coker,,Zaire Mitchell-Paden,TE,0.00%,0
642,5250505913,artdz95 (28/150),0,227.34,DST Texans  FLEX Jahmyr Gibbs QB Bryce Young RB Bijan Robinson RB D'Andre Swift TE T.J. Hockenson WR Chris Olave WR DK Metcalf WR Jalen Coker,,Josh Kelly,WR,0.00%,0
644,5227490911,d00dy (90/150),0,227.29999,DST Raiders  FLEX Ashton Jeanty QB Tyler Shough RB Jahmyr Gibbs RB Derrick Henry TE Juwan Johnson WR Amon-Ra St. Brown WR Luther Burden III WR Devaughn Vele,,Courtney Jackson,WR,0.00%,0
644,5252653474,Rasengan28 (1/3),0,227.29999,DST Raiders  FLEX Bucky Irving QB Tyler Shough RB Bijan Robinson RB Derrick Henry TE Juwan Johnson WR Amon-Ra St. Brown WR Chris Olave WR Devaughn Vele,,DJ Turner,WR,0.00%,0
644,5253469746,phrank02 (4/4),0,227.29999,DST Jaguars  FLEX Garrett Wilson QB Tyler Shough RB Jahmyr Gibbs RB Bijan Robinson TE Juwan Johnson WR Chris Olave WR Jalen Coker WR Devaughn Vele,,Trebor Pena,WR,0.00%,0
647,5253152255,shoop7548 (4/150),0,227.26,DST Bengals  FLEX Breece Hall QB Caleb Williams RB Jahmyr Gibbs RB Jonathan Taylor TE Michael Mayer WR Zay Flowers WR Luther Burden III WR Jalen Coker,,Keleki Latu,TE,0.00%,0
648,5253569440,jpfreed (71/150),0,227.23999,DST Lions  FLEX Trey McBride QB Bryce Young RB Jahmyr Gibbs RB Saquon Barkley TE Michael Mayer WR Zay Flowers WR Christian Watson WR Jalen Coker,,Jaden Nixon,RB,0.00%,0
649,5236335884,reboteking (76/150),0,227.2,DST Raiders  FLEX Justin Jefferson QB Tyler Shough RB Derrick Henry RB Bucky Irving TE Mike Gesicki WR Chris Olave WR Jameson Williams WR Christian Watson,,Isaiah Neyor,WR,0.00%,0
650,5253004106,dawgpound1469 (149/150),0,227.18,DST Bengals  FLEX Tucker Kraft QB Jordan Love RB Bijan Robinson RB Derrick Henry TE Mark Andrews WR Amon-Ra St. Brown WR Chris Olave WR Jalen Coker,,Jack Velling,FLEX,0.00%,0
651,5252305386,KristianFTM (71/150),0,227.15999,DST Buccaneers  FLEX Bijan Robinson QB Josh Allen RB Jahmyr Gibbs RB Derrick Henry TE Michael Mayer WR Ladd McConkey WR DJ Moore WR Devaughn Vele,,Tutu Atwell,WR,0.00%,0
652,5249937814,jroc0320 (59/150),0,227.14,DST Titans  FLEX Ashton Jeanty QB Bryce Young RB Jahmyr Gibbs RB Chase Brown TE Pat Freiermuth WR Tetairoa McMillan WR Christian Watson WR Jalen Coker,,Jayden Higgins,FLEX,0.00%,0
652,5251275938,Evolboarder1 (28/150),0,227.14,DST Steelers  FLEX Dallas Goedert QB Bryce Young RB Jahmyr Gibbs RB D'Andre Swift TE Kyle Pitts Sr. WR Amon-Ra St. Brown WR Tetairoa McMillan WR Jalen Coker,,Tyson Bagent,QB,0.00%,0
654,5251508726,alanjmr29 (56/150),0,227.12,DST Jets  FLEX D'Andre Swift QB Kyler Murray RB Jahmyr Gibbs RB Derrick Henry TE Michael Mayer WR Justin Jefferson WR Zay Flowers WR Jalen Coker,,Jalon Daniels,QB,0.00%,0
655,5253530095,Darkmen715 (54/71),0,227.1,DST Browns  FLEX Jahmyr Gibbs QB Tyler Shough RB Derrick Henry RB D'Andre Swift TE Tyler Warren WR Zay Flowers WR Luther Burden III WR Jalen Coker,,Tyrod Taylor,QB,0.00%,0
656,5252780648,andybonnot (133/150),0,227.05998,DST Jets  FLEX Devaughn Vele QB Josh Allen RB Jahmyr Gibbs RB Ashton Jeanty TE Michael Mayer WR Amon-Ra St. Brown WR Zay Flowers WR Parker Washington,,Tank Dell,FLEX,0.00%,0
657,5250871321,White3agle (43/150),0,227.04,DST Steelers  FLEX Trey McBride QB Bryce Young RB Jahmyr Gibbs RB Derrick Henry TE Juwan Johnson WR Tetairoa McMillan WR Luther Burden III WR Jalen Coker,,Sam Roush,FLEX,0.00%,0
657,5251495080,topthat1 (123/150),0,227.04001,DST Steelers  FLEX Christian Watson QB Bryce Young RB Jonathan Taylor RB Jaylen Warren TE Dalton Kincaid WR Justin Jefferson WR Tetairoa McMillan WR Jalen Coker,,Sione Vaki,FLEX,0.00%,2.8
657,5252375582,otrain83 (125/150),0,227.04,DST Bengals  FLEX Jahmyr Gibbs QB Bryce Young RB Chase Brown RB Derrick Henry TE Juwan Johnson WR Jameson Williams WR Ladd McConkey WR Jalen Coker,,Cash Jones,RB,0.00%,0
657,5252391944,Mistermer (142/150),0,227.04,DST Bengals  FLEX Saquon Barkley QB Bryce Young RB Jahmyr Gibbs RB Derrick Henry TE Michael Mayer WR Chris Olave WR Tetairoa McMillan WR Jalen Coker,,Carlos Washington Jr.,RB,0.00%,0
657,5252693294,kenu0878 (72/150),0,227.04,DST Jets  FLEX Ashton Jeanty QB Bryce Young RB Jahmyr Gibbs RB Derrick Henry TE Juwan Johnson WR DeVonta Smith WR Tetairoa McMillan WR Jalen Coker,,J. Michael Sturdivant,WR,0.00%,0
662,5245590163,Dan06712 (68/80),0,227.02,DST Steelers  FLEX DeVonta Smith QB Jalen Hurts RB Derrick Henry RB David Montgomery TE Dallas Goedert WR Zay Flowers WR Parker Washington WR Jalen Coker,,Salvon Ahmed,RB,0.00%,0
663,5212277725,stromblad (7/23),0,227,DST Bills  FLEX Zay Flowers QB Tyler Shough RB Ashton Jeanty RB D'Andre Swift TE Cade Otton WR Chris Olave WR Christian Watson WR Ladd McConkey,,Ty Pezza,FLEX,0.00%,0
663,5248910161,timothyandstacy (37/150),0,226.99998,DST Eagles  FLEX Jahmyr Gibbs QB Tyler Shough RB Derrick Henry RB D'Andre Swift TE Michael Mayer WR Amon-Ra St. Brown WR Chris Olave WR Caleb Douglas,,Savion Williams,FLEX,0.00%,0
663,5250115959,albus (90/150),0,226.99998,DST Dolphins  FLEX Dallas Goedert QB Tyler Shough RB Jahmyr Gibbs RB Derrick Henry TE Juwan Johnson WR Amon-Ra St. Brown WR Chris Olave WR Devaughn Vele,,Trevor Etienne,RB,0.00%,0
663,5252244227,SandmanWs7 (49/100),0,226.99998,DST Steelers  FLEX Devaughn Vele QB Tyler Shough RB Jonathan Taylor RB Ashton Jeanty TE Michael Mayer WR Amon-Ra St. Brown WR Chris Olave WR Zay Flowers,,Dameon Pierce,RB,0.00%,0
667,5252047936,dnastyma (9/150),0,226.96,DST Cardinals  FLEX Ashton Jeanty QB Caleb Williams RB Jahmyr Gibbs RB James Cook III TE Michael Mayer WR Chris Olave WR Parker Washington WR Jalen Coker,,Jackson Meeks,FLEX,0.00%,0
667,5253749923,jrd1963,0,226.95999,DST Bills  FLEX Chris Olave QB Josh Allen RB Derrick Henry RB D'Andre Swift TE Dallas Goedert WR Zay Flowers WR Stefon Diggs WR Keenan Allen,,Raheim Sanders,RB,0.00%,5.6
669,5250773719,Byronn5 (89/150),0,226.94,DST Steelers  FLEX Luther Burden III QB Bryce Young RB Derrick Henry RB D'Andre Swift TE Sam LaPorta WR Chris Olave WR Tetairoa McMillan WR Jalen Coker,,Tyler Conklin,FLEX,0.00%,0
669,5252608395,Hunchdrunk (11/75),0,226.94,DST Bengals  FLEX Jonathan Taylor QB Bryce Young RB Jahmyr Gibbs RB Bijan Robinson TE Tyler Warren WR Tetairoa McMillan WR Jalen Coker WR Devaughn Vele,,Riley Nowakowski,RB,0.00%,0
671,5245818457,texican8823 (99/150),0,226.9,DST Ravens  FLEX Dallas Goedert QB Tyler Shough RB Jahmyr Gibbs RB Derrick Henry TE Sam LaPorta WR Justin Jefferson WR Chris Olave WR Devaughn Vele,,Elijah Sarratt,FLEX,0.00%,0
671,5247676531,Mocexx (42/150),0,226.9,DST Bills  FLEX Michael Mayer QB Tyler Shough RB Jahmyr Gibbs RB Bijan Robinson TE Juwan Johnson WR Justin Jefferson WR Chris Olave WR Jalen Coker,,Garrett Greene,WR,0.00%,0
673,5246501511,canadadridrake (7/22),0,226.85999,DST Jets  FLEX Justin Jefferson QB Caleb Williams RB Bijan Robinson RB Ashton Jeanty TE Colston Loveland WR Chris Olave WR Jalen Coker WR Caleb Douglas,,Dillon Bell,WR,0.00%,0
673,5248538203,moerango (3/4),0,226.86,DST Jets  FLEX Travis Etienne Jr. QB Josh Allen RB Jahmyr Gibbs RB Bijan Robinson TE Sam LaPorta WR Zay Flowers WR Jalen Coker WR Devaughn Vele,,Evan Deckers,TE,0.00%,0
673,5250899953,shiposki75 (150/150),0,226.86,DST Falcons  FLEX Derrick Henry QB C.J. Stroud RB Bijan Robinson RB D'Andre Swift TE Michael Mayer WR Nico Collins WR Chris Olave WR Jalen Coker,,Ihmir Smith-Marsette,WR,0.00%,0
673,5252069284,wkeicher (25/150),0,226.85999,DST Raiders  FLEX Ashton Jeanty QB Lamar Jackson RB Jahmyr Gibbs RB Derrick Henry TE Tyler Warren WR Amon-Ra St. Brown WR Devaughn Vele WR Caleb Douglas,,Jalen Moreno-Cropper,WR,0.00%,0
673,5252098603,ezmoneyyy (100/150),0,226.85999,DST Vikings  FLEX Ashton Jeanty QB Lamar Jackson RB Derrick Henry RB Breece Hall TE Dallas Goedert WR Zay Flowers WR Christian Watson WR Tre Tucker,,LaJohntay Wester,FLEX,0.00%,3.5
678,5208936380,Deathflower74 (97/150),0,226.8,DST Jets  FLEX Breece Hall QB Tyler Shough RB Jahmyr Gibbs RB Derrick Henry TE Sam LaPorta WR Chris Olave WR Zay Flowers WR Devaughn Vele,,Joshua Simon,FLEX,0.00%,0
678,5252244243,SandmanWs7 (65/100),0,226.8,DST Jets  FLEX Derrick Henry QB Tyler Shough RB Jahmyr Gibbs RB Breece Hall TE Sam LaPorta WR Chris Olave WR Zay Flowers WR Devaughn Vele,,William Wagner,FLEX,0.00%,0
678,5252384816,slaner24 (2/2),0,226.8,DST Cardinals  FLEX Bijan Robinson QB Trevor Lawrence RB Chase Brown RB Derrick Henry TE Dallas Goedert WR Chris Olave WR Michael Wilson WR Jalen Coker,,Devin Duvernay,WR,0.00%,0
678,5253353125,yungsamuel97 (15/150),0,226.79999,DST Vikings  FLEX Ashton Jeanty QB Tyler Shough RB Derrick Henry RB Travis Etienne Jr. TE Dalton Kincaid WR Amon-Ra St. Brown WR Chris Olave WR Devaughn Vele,,Graham Mertz,QB,0.00%,0
682,5245377070,hallitg (73/150),0,226.77998,DST Jets  FLEX Jahmyr Gibbs QB Jordan Love RB Derrick Henry RB Breece Hall TE Juwan Johnson WR Zay Flowers WR Christian Watson WR Matthew Golden,,Zaire Mitchell-Paden,FLEX,0.00%,0
683,5216360625,ross.addler (1/2),0,226.76001,DST Jets  FLEX Zay Flowers QB Caleb Williams RB D'Andre Swift RB David Montgomery TE Colston Loveland WR Chris Olave WR Ladd McConkey WR Jalen Coker,,Chris Myarick,TE,0.00%,0
683,5222505708,tlynch0 (101/150),0,226.76,DST Steelers  FLEX Jahmyr Gibbs QB Josh Allen RB Derrick Henry RB Travis Etienne Jr. TE Juwan Johnson WR Ladd McConkey WR Khalil Shakir WR Jalen Coker,,E.J. Jenkins,TE,0.00%,0
683,5230964453,AllDayAP31 (82/100),0,226.76,DST Steelers  FLEX Jonathan Taylor QB C.J. Stroud RB Jahmyr Gibbs RB D'Andre Swift TE Michael Mayer WR Nico Collins WR DJ Moore WR Jalen Coker,,Bo Melton,FLEX,0.00%,2
683,5252761875,rrod133 (61/150),0,226.76,DST Bills  FLEX D'Andre Swift QB Caleb Williams RB Jahmyr Gibbs RB Breece Hall TE Michael Mayer WR Justin Jefferson WR Luther Burden III WR Jalen Coker,,Moliki Matavao,TE,0.00%,0
687,5232844227,AdamShulman (24/150),0,226.73999,DST Raiders  FLEX Jalen Coker QB Bryce Young RB Jahmyr Gibbs RB D'Andre Swift TE Juwan Johnson WR Amon-Ra St. Brown WR Tetairoa McMillan WR Garrett Wilson,,Malik McClain,WR,0.00%,0
687,5249923258,ndizzle77 (131/150),0,226.73999,DST Bengals  FLEX Jalen Coker QB Bryce Young RB Jahmyr Gibbs RB Bijan Robinson TE Michael Mayer WR Amon-Ra St. Brown WR Ladd McConkey WR Luther Burden III,,Ronnie Bell,FLEX,0.00%,0
687,5250042693,oclay357 (76/150),0,226.73999,DST Jaguars  FLEX D'Andre Swift QB Bryce Young RB Jahmyr Gibbs RB Chase Brown TE Michael Mayer WR Zay Flowers WR Tetairoa McMillan WR Jalen Coker,,Kaden Wetjen,FLEX,0.00%,0
690,5219332425,mammen (11/38),0,226.7,DST Texans  FLEX Parker Washington QB Tyler Shough RB Jahmyr Gibbs RB Ashton Jeanty TE Trey McBride WR Chris Olave WR Jalen Coker WR Caleb Douglas,,Justin Joly,FLEX,0.00%,0
690,5220789217,ChiefKeith12 (63/150),0,226.7,DST Bears  FLEX Dalton Kincaid QB Trevor Lawrence RB Jahmyr Gibbs RB D'Andre Swift TE Juwan Johnson WR Justin Jefferson WR Christian Watson WR Parker Washington,,DJ Giddens,RB,0.00%,0
690,5251415585,SourMilk48 (2/2),0,226.7,DST Steelers  FLEX Devaughn Vele QB Tyler Shough RB Jahmyr Gibbs RB Bijan Robinson TE Juwan Johnson WR Chris Olave WR DeVonta Smith WR Jalen Coker,,Treyton Welch,FLEX,0.00%,0
690,5252721642,Schrinepiece92 (65/150),0,226.7,DST Jets  FLEX Derrick Henry QB Tyler Shough RB Jahmyr Gibbs RB Bijan Robinson TE Juwan Johnson WR Emeka Egbuka WR Christian Watson WR Devaughn Vele,,Ben Sims,TE,0.00%,0
694,5251867225,vince4321lem (125/150),0,226.68,DST Bengals  FLEX D'Andre Swift QB Jordan Love RB Jahmyr Gibbs RB Jonathan Taylor TE Michael Mayer WR Justin Jefferson WR Christian Watson WR Adonai Mitchell,,Nikola Kalinic,FLEX,0.00%,0
695,5249985843,grkdrafter939 (30/150),0,226.65997,DST Raiders  FLEX Juwan Johnson QB Josh Allen RB Jahmyr Gibbs RB Ashton Jeanty TE Dalton Schultz WR Amon-Ra St. Brown WR Chris Olave WR Devaughn Vele,,Will Mallory,FLEX,0.00%,0
695,5250498077,colemryt (2/4),0,226.65999,DST Browns  FLEX Jahmyr Gibbs QB Josh Allen RB D'Andre Swift RB David Montgomery TE Dalton Kincaid WR Nico Collins WR DJ Moore WR Devaughn Vele,,Scotty Miller,FLEX,0.00%,0
695,5250550877,thirstyjake,0,226.66,DST Steelers  FLEX Jonathan Taylor QB Caleb Williams RB Jahmyr Gibbs RB David Montgomery TE Dalton Schultz WR DJ Moore WR Luther Burden III WR Jalen Coker,,Tyren Montgomery,WR,0.00%,0
695,5251799547,dallas1shun (73/150),0,226.65999,DST Steelers  FLEX Jahmyr Gibbs QB Caleb Williams RB Ashton Jeanty RB David Montgomery TE Sam LaPorta WR Zay Flowers WR Luther Burden III WR Devaughn Vele,,David Moore,FLEX,0.00%,0
699,5245495050,Lingweenie (96/150),0,226.64,DST Bengals  FLEX Jahmyr Gibbs QB Bryce Young RB Jonathan Taylor RB Chuba Hubbard TE Tucker Kraft WR Zay Flowers WR Luther Burden III WR Jalen Coker,,Eli Pancol,WR,0.00%,0
699,5249981901,rameist2 (25/36),0,226.64,DST Jaguars  FLEX D'Andre Swift QB Bryce Young RB Derrick Henry RB David Montgomery TE Kyle Pitts Sr. WR Amon-Ra St. Brown WR Alec Pierce WR Jalen Coker,,Jamari Thrash,WR,0.00%,0
701,5251146049,chrisspags (38/150),0,226.59999,DST Jets  FLEX Michael Mayer QB Tyler Shough RB Jahmyr Gibbs RB Derrick Henry TE Juwan Johnson WR Amon-Ra St. Brown WR Chris Olave WR Zay Flowers,,Gee Scott Jr.,WR,0.00%,0
701,5252721588,Schrinepiece92 (11/150),0,226.59999,DST Packers  FLEX Ashton Jeanty QB Tyler Shough RB Jahmyr Gibbs RB Derrick Henry TE Juwan Johnson WR Chris Olave WR Parker Washington WR Devaughn Vele,,Lewis Bond,WR,0.00%,0
703,5208954653,beanbucket (106/150),0,226.58,DST Steelers  FLEX Tucker Kraft QB Jordan Love RB Jonathan Taylor RB David Montgomery TE Dallas Goedert WR Chris Olave WR Zay Flowers WR Christian Watson,,Kyron Hudson,WR,0.00%,0
704,5246293762,john371967 (99/150),0,226.55998,DST Vikings  FLEX Jahmyr Gibbs QB Caleb Williams RB Bijan Robinson RB D'Andre Swift TE Dallas Goedert WR Amon-Ra St. Brown WR Tre Tucker WR Devaughn Vele,,Dean Patterson IV,FLEX,0.00%,0
704,5251046476,racedogfootball87 (14/30),0,226.56,DST Bengals  FLEX De'Von Achane QB Caleb Williams RB Jahmyr Gibbs RB D'Andre Swift TE Michael Mayer WR Chris Olave WR Luther Burden III WR Jalen Coker,,Jordan Moore,FLEX,0.00%,0
704,5252803595,miguelra3939 (101/150),0,226.55998,DST Jaguars  FLEX Jahmyr Gibbs QB Caleb Williams RB Derrick Henry RB D'Andre Swift TE Michael Mayer WR Amon-Ra St. Brown WR Rome Odunze WR Devaughn Vele,,Zach Wood,FLEX,0.00%,0
704,5253062919,drummerboi920 (16/150),0,226.56,DST Jaguars  FLEX Ashton Jeanty QB Lamar Jackson RB Jahmyr Gibbs RB Bucky Irving TE Mark Andrews WR Zay Flowers WR Jalen Coker WR Dontayvion Wicks,,Keelan Marion,WR,0.00%,0
708,5250173263,dublaa88 (4/68),0,226.54,DST Browns  FLEX Ashton Jeanty QB Bryce Young RB Jahmyr Gibbs RB Bijan Robinson TE Michael Mayer WR Zay Flowers WR Tetairoa McMillan WR Jalen Coker,,Brock Rechsteiner,FLEX,0.00%,0
708,5251338169,SpaceJam23 (56/150),0,226.54001,DST Lions  FLEX Jahmyr Gibbs QB Baker Mayfield RB Derrick Henry RB D'Andre Swift TE Sam LaPorta WR Christian Watson WR Chris Godwin Jr. WR Jalen Coker,,Xavier Johnson,WR,0.00%,0
708,5252407487,megalodon860 (34/150),0,226.54,DST Steelers  FLEX D'Andre Swift QB Bryce Young RB Jahmyr Gibbs RB David Montgomery TE Michael Mayer WR Chris Olave WR Tetairoa McMillan WR Parker Washington,,Sahmir Hagans,WR,0.00%,0
711,5252555524,jodeo78 (24/150),0,226.50002,DST Bengals  FLEX Jalen Coker QB Trevor Lawrence RB Ashton Jeanty RB D'Andre Swift TE Dalton Kincaid WR Amon-Ra St. Brown WR Drake London WR Parker Washington,,Josh Kattus,FLEX,0.00%,0
711,5253272050,rjm5151 (87/150),0,226.49998,DST Raiders  FLEX Justin Jefferson QB Tyler Shough RB Chase Brown RB Derrick Henry TE Michael Mayer WR Chris Olave WR Christian Watson WR Devaughn Vele,,Lance McCutcheon,FLEX,0.00%,0
713,5253612013,QMcD27 (108/150),0,226.45999,DST Browns  FLEX Quinshon Judkins QB Josh Allen RB Jahmyr Gibbs RB D'Andre Swift TE Dalton Kincaid WR Justin Jefferson WR Christian Watson WR Devaughn Vele,,Kameron Johnson,FLEX,0.00%,0
714,5252780641,andybonnot (126/150),0,226.42001,DST Cardinals  FLEX Ashton Jeanty QB Jalen Hurts RB Jahmyr Gibbs RB D'Andre Swift TE Dallas Goedert WR DeVonta Smith WR Christian Watson WR Dontayvion Wicks,,Ja'Mori Maclin,FLEX,0.00%,0
715,5215427980,tkineavy1211 (25/150),0,226.4,DST Raiders  FLEX Ashton Jeanty QB Tyler Shough RB Jahmyr Gibbs RB Jonathan Taylor TE Juwan Johnson WR Chris Olave WR Parker Washington WR Devaughn Vele,,Anthony Gould,WR,0.00%,0
715,5249923195,ndizzle77 (68/150),0,226.4,DST Raiders  FLEX Jahmyr Gibbs QB Tyler Shough RB Bijan Robinson RB Derrick Henry TE Dallas Goedert WR Amon-Ra St. Brown WR Tre Tucker WR Devaughn Vele,,Kevin Coleman Jr.,FLEX,0.00%,0
715,5250598149,slippinjimmyOG (81/150),0,226.4,DST Raiders  FLEX Ashton Jeanty QB Tyler Shough RB Jahmyr Gibbs RB Jonathan Taylor TE Juwan Johnson WR Chris Olave WR Parker Washington WR Devaughn Vele,,LeQuint Allen Jr.,RB,0.00%,0
715,5251023132,Dominator-Seguin (7/150),0,226.4,DST Raiders  FLEX Devaughn Vele QB Tyler Shough RB Jahmyr Gibbs RB Derrick Henry TE Michael Mayer WR Amon-Ra St. Brown WR Chris Olave WR Parker Washington,,Joey Aguilar,QB,0.00%,0
715,5252511136,tribecalledbonito (9/10),0,226.4,DST Jaguars  FLEX Ashton Jeanty QB Tyler Shough RB Jahmyr Gibbs RB Bijan Robinson TE Michael Mayer WR Chris Olave WR Parker Washington WR Devaughn Vele,,Jaydon Blue,FLEX,0.00%,0
715,5252535959,Sajohnson98 (63/150),0,226.40001,DST Raiders  FLEX T.J. Hockenson QB Tyler Shough RB Jahmyr Gibbs RB Derrick Henry TE Pat Freiermuth WR Amon-Ra St. Brown WR Chris Olave WR Ladd McConkey,,Connor Heyward,FLEX,0.00%,0.1
715,5252617329,Drunk_Agent47 (43/150),0,226.4,DST Jaguars  FLEX Devaughn Vele QB Tyler Shough RB Jahmyr Gibbs RB Derrick Henry TE Michael Mayer WR Amon-Ra St. Brown WR Chris Olave WR Parker Washington,,British Brooks,RB,0.00%,0
715,5252803552,miguelra3939 (58/150),0,226.4,DST Jaguars  FLEX Ashton Jeanty QB Tyler Shough RB Jahmyr Gibbs RB Bijan Robinson TE Michael Mayer WR Chris Olave WR Parker Washington WR Devaughn Vele,,Dare Ogunbowale,RB,0.00%,0
723,5226935847,hend2400 (58/150),0,226.36,DST Bengals  FLEX Jonathan Taylor QB Lamar Jackson RB Derrick Henry RB D'Andre Swift TE Michael Mayer WR Zay Flowers WR Christian Watson WR Josh Downs,,Colson Yankoff,TE,0.00%,0
723,5246291550,evansrc717 (105/150),0,226.36,DST Steelers  FLEX Juwan Johnson QB Caleb Williams RB Jahmyr Gibbs RB Derrick Henry TE Tyler Warren WR Amon-Ra St. Brown WR Jayden Reed WR Jalen Coker,,Pharaoh Brown,TE,0.00%,0
723,5252174539,Jigga013 (112/150),0,226.35999,DST Steelers  FLEX Dallas Goedert QB Lamar Jackson RB Derrick Henry RB Bucky Irving TE Juwan Johnson WR Justin Jefferson WR Chris Olave WR Parker Washington,,Britain Covey,WR,0.00%,0
726,5251408617,tswift98 (70/150),0,226.34,DST Steelers  FLEX De'Von Achane QB Bryce Young RB Derrick Henry RB Ashton Jeanty TE Sam LaPorta WR Chris Olave WR Luther Burden III WR Jalen Coker,,Jimmy Horn Jr.,FLEX,0.00%,-1
726,5252307465,goules16 (96/150),0,226.33998,DST Steelers  FLEX Juwan Johnson QB Bryce Young RB Jahmyr Gibbs RB Bijan Robinson TE Sam LaPorta WR Amon-Ra St. Brown WR Chris Olave WR Devaughn Vele,,Hunter Dekkers,QB,0.00%,0
728,5251118436,christal17 (103/150),0,226.29999,DST Jaguars  FLEX Caleb Douglas QB Tyler Shough RB Jahmyr Gibbs RB Derrick Henry TE Juwan Johnson WR Chris Olave WR Zay Flowers WR Ladd McConkey,,Carson Steele,RB,0.00%,0
728,5252407508,megalodon860 (55/150),0,226.29999,DST Steelers  FLEX Jahmyr Gibbs QB Tyler Shough RB Jonathan Taylor RB David Montgomery TE Dallas Goedert WR Zay Flowers WR Garrett Wilson WR Devaughn Vele,,DT Sheffield,WR,0.00%,0
728,5253866532,bothbasketballs (85/150),0,226.29999,DST Raiders  FLEX Ladd McConkey QB Tyler Shough RB Jahmyr Gibbs RB Derrick Henry TE Michael Mayer WR Amon-Ra St. Brown WR Chris Olave WR Devaughn Vele,,Jaret Patterson,RB,0.00%,0
731,5250970028,myamada (26/150),0,226.2,DST Steelers  FLEX Nico Collins QB Tyler Shough RB Jahmyr Gibbs RB Derrick Henry TE Mason Taylor WR Chris Olave WR Zay Flowers WR Devaughn Vele,,Trevor Etienne,FLEX,0.00%,0
731,5253109759,TheLibraMonster (4/6),0,226.19998,DST Raiders  FLEX Ladd McConkey QB Tyler Shough RB Jahmyr Gibbs RB Ashton Jeanty TE Michael Mayer WR Justin Jefferson WR Chris Olave WR Devaughn Vele,,Anderson Castle,RB,0.00%,0
733,5247416096,Lightsout242 (31/150),0,226.13998,DST Packers  FLEX Amon-Ra St. Brown QB Bryce Young RB Jahmyr Gibbs RB Ashton Jeanty TE Michael Mayer WR Chris Olave WR Luther Burden III WR Jalen Coker,,Michael Briscoe,WR,0.00%,0
733,5252215951,SteelBowl7 (56/150),0,226.13998,DST Colts  FLEX Jalen Coker QB Bryce Young RB Jahmyr Gibbs RB Ashton Jeanty TE Michael Mayer WR Amon-Ra St. Brown WR Chris Olave WR Tetairoa McMillan,,Mitchell Trubisky,QB,0.00%,0
735,5237776714,nraunaag (5/150),0,226.1,DST Bengals  FLEX Stefon Diggs QB Trevor Lawrence RB Jahmyr Gibbs RB Bijan Robinson TE Brenton Strange WR Chris Olave WR Parker Washington WR Jalen Coker,,Arian Smith,WR,0.00%,0
735,5250645667,kpresley87 (111/150),0,226.09998,DST Browns  FLEX Christian Watson QB Tyler Shough RB Bijan Robinson RB Ashton Jeanty TE Juwan Johnson WR Amon-Ra St. Brown WR Chris Olave WR Devaughn Vele,,Case Keenum,QB,0.00%,0
735,5253188555,Teekane (2/2),0,226.09999,DST Steelers  FLEX Devaughn Vele QB Trevor Lawrence RB Bijan Robinson RB D'Andre Swift TE Dallas Goedert WR Chris Olave WR Zay Flowers WR Tetairoa McMillan,,Devin Neal,RB,0.00%,0
738,5252389719,ASexyGentleman (39/150),0,226.05998,DST Bengals  FLEX Jahmyr Gibbs QB Justin Herbert RB Derrick Henry RB D'Andre Swift TE Juwan Johnson WR Zay Flowers WR Ladd McConkey WR Devaughn Vele,,Shane Zylstra,TE,0.00%,0
739,5253807647,swier162 (16/150),0,226.04,DST Steelers  FLEX Amon-Ra St. Brown QB Bryce Young RB Jahmyr Gibbs RB Derrick Henry TE Michael Mayer WR Tetairoa McMillan WR Luther Burden III WR Jalen Coker,,Nate Carter,RB,0.00%,0
740,5221438225,deconis,0,226,DST Raiders  FLEX Ladd McConkey QB Trevor Lawrence RB Derrick Henry RB D'Andre Swift TE Brenton Strange WR Amon-Ra St. Brown WR Christian Watson WR Parker Washington,,Jabari Small,FLEX,0.00%,0
740,5251268795,TheCommish (107/150),0,225.99998,DST Bengals  FLEX Ashton Jeanty QB Tyler Shough RB Jahmyr Gibbs RB Jonathan Taylor TE Juwan Johnson WR Chris Olave WR Garrett Wilson WR Devaughn Vele,,Will Howard,QB,0.00%,0
740,5252113832,TheodoreStampsV (86/150),0,225.99998,DST Steelers  FLEX Devaughn Vele QB Tyler Shough RB Jahmyr Gibbs RB Derrick Henry TE Michael Mayer WR Amon-Ra St. Brown WR Chris Olave WR Garrett Wilson,,Jerome Ford,FLEX,0.00%,0
743,5235087064,baysic (17/126),0,225.96,DST Jaguars  FLEX Luther Burden III QB Lamar Jackson RB Jahmyr Gibbs RB D'Andre Swift TE Dallas Goedert WR Chris Olave WR Wan'Dale Robinson WR Jalen Coker,,Ty Pezza,TE,0.00%,0
743,5250952710,dware8 (49/57),0,225.95999,DST Ravens  FLEX Derrick Henry QB Lamar Jackson RB Jahmyr Gibbs RB Ashton Jeanty TE Mark Andrews WR Zay Flowers WR Jalen Coker WR Tre Tucker,,Mecole Hardman Jr.,FLEX,0.00%,0
743,5252363899,Payne77 (13/150),0,225.95999,DST Ravens  FLEX Michael Mayer QB Lamar Jackson RB Jahmyr Gibbs RB Derrick Henry TE Mark Andrews WR Chris Olave WR Zay Flowers WR Jalen Coker,,Harrison Wallace III,WR,0.00%,0
746,5242076151,earthquake84 (2/2),0,225.93999,DST Steelers  FLEX Amon-Ra St. Brown QB Bryce Young RB Omarion Hampton RB David Montgomery TE Dallas Goedert WR Chris Olave WR Garrett Wilson WR Jalen Coker,,Gregory Desrosiers,FLEX,0.00%,0
746,5243929065,TheWinterSoldier305,0,225.93999,DST Steelers  FLEX Parker Washington QB Bryce Young RB Omarion Hampton RB Derrick Henry TE Dallas Goedert WR Chris Olave WR Garrett Wilson WR Jalen Coker,,Audric Estime,FLEX,0.00%,0
748,5250332829,jermgolf24 (18/150),0,225.92,DST Jaguars  FLEX Derrick Henry QB Jalen Hurts RB Bijan Robinson RB Jonathan Taylor TE Michael Mayer WR Chris Olave WR Jalen Coker WR Dontayvion Wicks,,Jack Velling,TE,0.00%,0
749,5240914542,bsokol0107 (53/150),0,225.9,DST Steelers  FLEX Michael Mayer QB Tyler Shough RB Jahmyr Gibbs RB Derrick Henry TE Juwan Johnson WR Amon-Ra St. Brown WR Chris Olave WR Parker Washington,,Damon Bankston,FLEX,0.00%,0
749,5251146062,chrisspags (51/150),0,225.9,DST Jets  FLEX Breece Hall QB Tyler Shough RB Jahmyr Gibbs RB Derrick Henry TE Michael Mayer WR Amon-Ra St. Brown WR Chris Olave WR Devaughn Vele,,Ahmani Marshall,RB,0.00%,0
749,5251153945,jay727 (16/20),0,225.9,DST Steelers  FLEX Michael Mayer QB Tyler Shough RB Jahmyr Gibbs RB Derrick Henry TE Juwan Johnson WR Amon-Ra St. Brown WR Chris Olave WR Parker Washington,,Davon Booth,RB,0.00%,0
749,5251391057,BallSoHardy (56/150),0,225.89998,DST Raiders  FLEX D'Andre Swift QB Tyler Shough RB Jahmyr Gibbs RB Bijan Robinson TE Juwan Johnson WR Chris Olave WR Garrett Wilson WR Devaughn Vele,,Joshua Dobbs,QB,0.00%,0
749,5251591123,grand2515 (103/150),0,225.9,DST Bills  FLEX Ashton Jeanty QB Tyler Shough RB Jahmyr Gibbs RB Chuba Hubbard TE Juwan Johnson WR Chris Olave WR Emeka Egbuka WR Jalen Coker,,Josh Johnson,QB,0.00%,0
749,5251927979,lajamesdaking (38/51),0,225.9,DST Steelers  FLEX Michael Mayer QB Tyler Shough RB Jahmyr Gibbs RB Derrick Henry TE Juwan Johnson WR Amon-Ra St. Brown WR Chris Olave WR Parker Washington,,Danny Gray,WR,0.00%,0
749,5252912967,cameronhart23 (121/150),0,225.89998,DST Steelers  FLEX Michael Mayer QB Tyler Shough RB Derrick Henry RB Ashton Jeanty TE Juwan Johnson WR Amon-Ra St. Brown WR Nico Collins WR Chris Olave,,CJ Dippre,FLEX,0.00%,0
756,5246684613,Cnagel220 (41/150),0,225.85999,DST Steelers  FLEX Michael Mayer QB Josh Allen RB Jahmyr Gibbs RB Jonathan Taylor TE Dallas Goedert WR Amon-Ra St. Brown WR DJ Moore WR Devaughn Vele,,Tyler Huntley,QB,0.00%,0
756,5250800872,pobrien11 (42/150),0,225.85999,DST Steelers  FLEX Ashton Jeanty QB Lamar Jackson RB Jahmyr Gibbs RB Jonathan Taylor TE Mark Andrews WR Garrett Wilson WR Jalen Coker WR Devaughn Vele,,Evan Hull,FLEX,0.00%,0
758,5251772051,diveglia24 (130/150),0,225.84,DST Jaguars  FLEX Justin Jefferson QB Bryce Young RB Jonathan Taylor RB Chuba Hubbard TE Juwan Johnson WR Nico Collins WR DJ Moore WR Jalen Coker,,Marcus Mariota,QB,0.00%,0
758,5253081787,SethNeumeyer (48/125),0,225.84,DST Jaguars  FLEX Jahmyr Gibbs QB Bryce Young RB Bijan Robinson RB Breece Hall TE Kyle Pitts Sr. WR Zay Flowers WR Jalen Coker WR Devaughn Vele,,Tanner Koziol,FLEX,0.00%,0
760,5250083215,Lemons50 (61/150),0,225.79999,DST Bills  FLEX Ashton Jeanty QB Tyler Shough RB Jahmyr Gibbs RB Breece Hall TE Juwan Johnson WR Chris Olave WR Zay Flowers WR Devaughn Vele,,Michael Burton,RB,0.00%,0
760,5251458202,BigPod (113/150),0,225.79999,DST Raiders  FLEX Bucky Irving QB Tyler Shough RB Jahmyr Gibbs RB Ashton Jeanty TE Michael Mayer WR Amon-Ra St. Brown WR Justin Jefferson WR Devaughn Vele,,K.J. Osborn,FLEX,0.00%,0
760,5251965035,dbldeeze (19/20),0,225.79999,DST Bengals  FLEX Bijan Robinson QB Tyler Shough RB Derrick Henry RB Travis Etienne Jr. TE Juwan Johnson WR Amon-Ra St. Brown WR Chris Olave WR Devaughn Vele,,Carson Beck,QB,0.00%,0
760,5251996269,BryanBeatty (8/8),0,225.79999,DST Jaguars  FLEX Bucky Irving QB Tyler Shough RB Jahmyr Gibbs RB Ashton Jeanty TE Michael Mayer WR Amon-Ra St. Brown WR Chris Olave WR Devaughn Vele,,Tai Felton,FLEX,0.00%,0
760,5252492459,BoSoxFan815 (4/17),0,225.79999,DST Jaguars  FLEX Ashton Jeanty QB Tyler Shough RB Jahmyr Gibbs RB Bucky Irving TE Michael Mayer WR Amon-Ra St. Brown WR Chris Olave WR Devaughn Vele,,Connor Heyward,RB,0.00%,0.1
760,5252507767,purplerage507 (13/40),0,225.79999,DST Jaguars  FLEX Ashton Jeanty QB Tyler Shough RB Jahmyr Gibbs RB Bucky Irving TE Michael Mayer WR Amon-Ra St. Brown WR Chris Olave WR Devaughn Vele,,Nick Muse,TE,0.00%,0
760,5252787224,Rol1crazymex (59/150),0,225.79999,DST Jaguars  FLEX Ashton Jeanty QB Tyler Shough RB Jahmyr Gibbs RB Bucky Irving TE Michael Mayer WR Amon-Ra St. Brown WR Chris Olave WR Devaughn Vele,,Justin Joly,TE,0.00%,0
767,5252620412,nhjnhj6262 (12/24),0,225.76001,DST Steelers  FLEX Wan'Dale Robinson QB Lamar Jackson RB Jonathan Taylor RB Derrick Henry TE Harold Fannin Jr. WR Zay Flowers WR Christian Watson WR Jalen Coker,,Josh Williams,FLEX,0.00%,0
767,5252846459,moondogg23 (108/150),0,225.76,DST Jaguars  FLEX Ashton Jeanty QB Caleb Williams RB Bijan Robinson RB Breece Hall TE Colston Loveland WR Zay Flowers WR Jalen Coker WR Devaughn Vele,,LeQuint Allen Jr.,FLEX,0.00%,0
769,5249958697,peltifreeze89 (32/150),0,225.73999,DST Jets  FLEX David Montgomery QB Bryce Young RB Jahmyr Gibbs RB Jonathan Taylor TE Michael Mayer WR Justin Jefferson WR Tetairoa McMillan WR Jalen Coker,,Eli Stowers,TE,0.00%,0
769,5251166998,dtw27 (70/150),0,225.73999,DST Bengals  FLEX De'Von Achane QB Bryce Young RB Jahmyr Gibbs RB D'Andre Swift TE Michael Mayer WR Justin Jefferson WR Tetairoa McMillan WR Jalen Coker,,Salvon Ahmed,FLEX,0.00%,0
769,5252171634,fballjunkiee (4/150),0,225.73999,DST Jets  FLEX D'Andre Swift QB Jared Goff RB Jahmyr Gibbs RB Derrick Henry TE Michael Mayer WR Amon-Ra St. Brown WR Chris Olave WR Devaughn Vele,,Tom Kennedy,FLEX,0.00%,0
769,5252202606,maxpeers5 (80/150),0,225.73999,DST Steelers  FLEX De'Von Achane QB Bryce Young RB Jahmyr Gibbs RB D'Andre Swift TE Michael Mayer WR Chris Olave WR Tetairoa McMillan WR Jalen Coker,,Colson Yankoff,FLEX,0.00%,0
769,5252683685,WynterWarm12 (65/100),0,225.73999,DST Jaguars  FLEX Ashton Jeanty QB Bryce Young RB Jahmyr Gibbs RB D'Andre Swift TE Sam LaPorta WR Tetairoa McMillan WR Luther Burden III WR Jalen Coker,,Drew Ogletree,TE,0.00%,0
769,5253794448,mneube (18/31),0,225.73999,DST Steelers  FLEX De'Von Achane QB Bryce Young RB Jahmyr Gibbs RB D'Andre Swift TE Michael Mayer WR Chris Olave WR Tetairoa McMillan WR Jalen Coker,,AJ Dillon,FLEX,0.00%,2.8
775,5221632645,Pick6FantasyFootball (118/150),0,225.69998,DST Browns  FLEX Derrick Henry QB Tyler Shough RB Jahmyr Gibbs RB Jonathan Taylor TE Juwan Johnson WR Chris Olave WR Zay Flowers WR Devaughn Vele,,Jack Endries,TE,0.00%,0
775,5251779355,CDezz (24/120),0,225.7,DST Jaguars  FLEX Breece Hall QB Tyler Shough RB Jahmyr Gibbs RB Derrick Henry TE Juwan Johnson WR Chris Olave WR Parker Washington WR Devaughn Vele,,Seydou Traore,TE,0.00%,0
775,5252441378,deucejoker13 (117/138),0,225.7,DST Raiders  FLEX Omarion Hampton QB Tyler Shough RB Derrick Henry RB Ashton Jeanty TE Dallas Goedert WR Chris Olave WR Jameson Williams WR Jalen Coker,,Amar Johnson,FLEX,0.00%,0
778,5250056147,smoothiejmix (77/150),0,225.68,DST Vikings  FLEX Zay Flowers QB Jordan Love RB Ashton Jeanty RB Chuba Hubbard TE Michael Mayer WR Amon-Ra St. Brown WR Chris Olave WR Christian Watson,,Quintin Morris,FLEX,0.00%,0
779,5249715052,thegreenguy1 (48/150),0,225.65999,DST Raiders  FLEX Jaylin Noel QB Josh Allen RB Jahmyr Gibbs RB Ashton Jeanty TE Michael Mayer WR Chris Olave WR Zay Flowers WR DJ Moore,,Deven Thompkins,WR,0.00%,0
780,5215018337,TheBigOuch (150/150),0,225.64,DST Jets  FLEX Ashton Jeanty QB Bryce Young RB Derrick Henry RB D'Andre Swift TE Sam LaPorta WR Chris Olave WR Tetairoa McMillan WR Parker Washington,,Tim Jones,WR,0.00%,0
780,5249893058,Tavius87 (59/150),0,225.64,DST Jets  FLEX D'Andre Swift QB Bryce Young RB Derrick Henry RB Breece Hall TE Colston Loveland WR Amon-Ra St. Brown WR Ladd McConkey WR Jalen Coker,,Jordan Moore,WR,0.00%,0
780,5252248350,franklin8787 (1/3),0,225.64,DST Jets  FLEX D'Andre Swift QB Jared Goff RB Jahmyr Gibbs RB Bucky Irving TE Michael Mayer WR Amon-Ra St. Brown WR Chris Olave WR Jalen Coker,,KeAndre Lambert-Smith,FLEX,0.00%,0
783,5250574924,mrhands17 (127/150),0,225.59998,DST Steelers  FLEX Justin Jefferson QB Tyler Shough RB Jahmyr Gibbs RB Ashton Jeanty TE Juwan Johnson WR Chris Olave WR Garrett Wilson WR Caleb Douglas,,Cash Jones,FLEX,0.00%,0
783,5253083305,wubbaT (70/121),0,225.59999,DST Dolphins  FLEX Ashton Jeanty QB Tyler Shough RB Jahmyr Gibbs RB Breece Hall TE Juwan Johnson WR Chris Olave WR Garrett Wilson WR Jalen Coker,,Riley Leonard,QB,0.00%,0
783,5253671428,Andyl1237 (78/144),0,225.59999,DST Raiders  FLEX Ashton Jeanty QB Tyler Shough RB Jahmyr Gibbs RB Derrick Henry TE Michael Mayer WR Chris Olave WR Tetairoa McMillan WR Devaughn Vele,,Ko Kieft,TE,0.00%,0
786,5252129603,kiztulance09 (15/54),0,225.57999,DST Raiders  FLEX Ashton Jeanty QB Jordan Love RB Jahmyr Gibbs RB Chase Brown TE Michael Mayer WR Justin Jefferson WR Christian Watson WR Devaughn Vele,,Ty Johnson,FLEX,0.00%,0
787,5250320079,jonerikfisher (81/150),0,225.56,DST Bears  FLEX Bucky Irving QB Caleb Williams RB Jahmyr Gibbs RB D'Andre Swift TE Dalton Kincaid WR Nico Collins WR Khalil Shakir WR Jalen Coker,,Feleipe Franks,FLEX,0.00%,0
787,5252456026,jrfan830 (2/2),0,225.55998,DST Raiders  FLEX Juwan Johnson QB Lamar Jackson RB Jahmyr Gibbs RB Ashton Jeanty TE Dallas Goedert WR Zay Flowers WR Ladd McConkey WR DJ Moore,,Mason Kinsey,FLEX,0.00%,0
787,5252645513,Thedraftking1989 (99/150),0,225.56,DST Jaguars  FLEX Justin Jefferson QB Caleb Williams RB D'Andre Swift RB Chuba Hubbard TE Sam LaPorta WR Chris Olave WR Rome Odunze WR Jalen Coker,,Aaron Anderson,WR,0.00%,0
790,5231631335,meatman02 (86/150),0,225.54,DST Steelers  FLEX Jahmyr Gibbs QB Bryce Young RB D'Andre Swift RB Bucky Irving TE Tyler Warren WR Tetairoa McMillan WR Ladd McConkey WR Jalen Coker,,Justin Watson,FLEX,0.00%,0
790,5247501687,cashyobe (33/150),0,225.54001,DST Browns  FLEX Derrick Henry QB Bryce Young RB Jahmyr Gibbs RB Bijan Robinson TE Darren Waller WR Chris Olave WR Alec Pierce WR Jalen Coker,,Cortez Braham Jr.,WR,0.00%,0
790,5252784088,Muzicmr112 (34/150),0,225.54,DST Jets  FLEX Jahmyr Gibbs QB Bryce Young RB Breece Hall RB Chuba Hubbard TE Kyle Pitts Sr. WR Chris Olave WR Zay Flowers WR Jalen Coker,,Caullin Lacy,WR,0.00%,0
793,5238273922,borkowskis09 (149/150),0,225.49998,DST Bengals  FLEX Ashton Jeanty QB Trevor Lawrence RB Chase Brown RB Derrick Henry TE Juwan Johnson WR Christian Watson WR Ladd McConkey WR Parker Washington,,Joaquin Davis,WR,0.00%,0
793,5251256953,cl3mszn (138/150),0,225.49998,DST Raiders  FLEX Dallas Goedert QB Trevor Lawrence RB Jahmyr Gibbs RB Ashton Jeanty TE Brenton Strange WR Chris Olave WR Christian Watson WR Jakobi Meyers,,Brandon Johnson,FLEX,0.00%,0
793,5251577207,ilovethakush (22/150),0,225.49998,DST Steelers  FLEX Breece Hall QB Tyler Shough RB Jahmyr Gibbs RB Chuba Hubbard TE Juwan Johnson WR Amon-Ra St. Brown WR Chris Olave WR Devaughn Vele,,Max Tomczak,WR,0.00%,0
793,5252107927,devoboards (112/150),0,225.5,DST Jaguars  FLEX Ashton Jeanty QB Tyler Shough RB Jahmyr Gibbs RB Omarion Hampton TE Dallas Goedert WR Chris Olave WR Jalen Coker WR Adonai Mitchell,,Eli Pancol,FLEX,0.00%,0
793,5252956436,chfen07 (86/150),0,225.5,DST Commanders  FLEX Derrick Henry QB Tyler Shough RB Jahmyr Gibbs RB Bijan Robinson TE Juwan Johnson WR Chris Olave WR Quentin Johnston WR Jalen Coker,,Ja'Lynn Polk,FLEX,0.00%,0
798,5250562013,DTools22 (24/150),0,225.43999,DST Eagles  FLEX Chris Olave QB Bryce Young RB Jahmyr Gibbs RB Ashton Jeanty TE Dallas Goedert WR Tetairoa McMillan WR Luther Burden III WR Jalen Coker,,Garrett Greene,FLEX,0.00%,0
798,5252689808,mpeter692 (63/150),0,225.43999,DST Browns  FLEX Saquon Barkley QB Bryce Young RB Bijan Robinson RB Derrick Henry TE Juwan Johnson WR Chris Olave WR Zay Flowers WR Jalen Coker,,Lawrence Keys III,FLEX,0.00%,0
800,5252153892,JPME (4/150),0,225.42,DST Steelers  FLEX Jonathan Taylor QB Jalen Hurts RB Jahmyr Gibbs RB Derrick Henry TE Dallas Goedert WR Jalen Coker WR Tre Tucker WR Stefon Diggs,,Tylan Wallace,FLEX,0.00%,0
801,5228758246,AtillaTH (128/150),0,225.4,DST Cardinals  FLEX Breece Hall QB Tyler Shough RB Jahmyr Gibbs RB Bijan Robinson TE Juwan Johnson WR Chris Olave WR Zay Flowers WR Devaughn Vele,,William Wagner,TE,0.00%,0
801,5244764904,daywalker13 (150/150),0,225.4,DST Browns  FLEX Christian Watson QB Tyler Shough RB Jahmyr Gibbs RB Bijan Robinson TE Dallas Goedert WR Amon-Ra St. Brown WR Parker Washington WR Devaughn Vele,,Le'Meke Brockington,WR,0.00%,0
801,5253192201,sjb070 (3/40),0,225.4,DST Ravens  FLEX Breece Hall QB Tyler Shough RB Jahmyr Gibbs RB Derrick Henry TE Michael Mayer WR Justin Jefferson WR Chris Olave WR Devaughn Vele,,Charlie Jones,FLEX,0.00%,0
804,5214008382,afcgreen27 (64/150),0,225.34,DST Bengals  FLEX Derrick Henry QB Bryce Young RB Jahmyr Gibbs RB Aaron Jones Sr. TE Mike Gesicki WR Amon-Ra St. Brown WR Ladd McConkey WR Parker Washington,,Cody Hardy,TE,0.00%,0
804,5247303754,ajack88 (41/93),0,225.34,DST Jets  FLEX Tre Tucker QB Bryce Young RB Jahmyr Gibbs RB Bijan Robinson TE Tyler Warren WR Chris Olave WR Zay Flowers WR Jalen Coker,,Michael Wortham,FLEX,0.00%,0
804,5249277913,gourownway (110/150),0,225.34,DST Chargers  FLEX Aaron Jones Sr. QB Bryce Young RB Bijan Robinson RB Derrick Henry TE Cade Otton WR Chris Olave WR Christian Watson WR Jalen Coker,,Thomas Gordon,FLEX,0.00%,0
804,5251706649,pumpkinkings (22/150),0,225.33998,DST Browns  FLEX Christian Watson QB Bryce Young RB Jahmyr Gibbs RB Ashton Jeanty TE Michael Mayer WR Chris Olave WR Zay Flowers WR Tetairoa McMillan,,Dennis Houston,WR,0.00%,0
804,5251851154,cwilsn (89/150),0,225.34,DST Texans  FLEX Bijan Robinson QB Bryce Young RB Derrick Henry RB D'Andre Swift TE Dalton Schultz WR Amon-Ra St. Brown WR Garrett Wilson WR Jalen Coker,,JJ Galbreath,TE,0.00%,0
804,5253390287,TheFreeistNub (61/150),0,225.34,DST Jaguars  FLEX Amon-Ra St. Brown QB Bryce Young RB Ashton Jeanty RB Chuba Hubbard TE Tyler Warren WR Chris Olave WR Luther Burden III WR Jalen Coker,,Sahmir Hagans,FLEX,0.00%,0
810,5229323490,allisee (97/150),0,225.3,DST Jaguars  FLEX Jahmyr Gibbs QB Trevor Lawrence RB Derrick Henry RB Jaylen Warren TE Michael Mayer WR Zay Flowers WR DJ Moore WR Jalen Coker,,Jamaal Pritchett,WR,0.00%,0
810,5249460167,kloosman (34/150),0,225.3,DST Jaguars  FLEX Ladd McConkey QB Tyler Shough RB Jahmyr Gibbs RB D'Andre Swift TE Juwan Johnson WR Chris Olave WR Jameson Williams WR Jalen Coker,,Trey Palmer,WR,0.00%,0
810,5250403080,JSixxDFS (38/150),0,225.29999,DST Cardinals  FLEX Ashton Jeanty QB Tyler Shough RB Jahmyr Gibbs RB Bijan Robinson TE Michael Mayer WR Nico Collins WR Chris Olave WR Devaughn Vele,,Kendrick Law,WR,0.00%,0
810,5250423843,powtipzy (149/150),0,225.29999,DST Falcons  FLEX Derrick Henry QB Tyler Shough RB Bijan Robinson RB Jonathan Taylor TE Dallas Goedert WR Chris Olave WR Quentin Johnston WR Jalen Coker,,Daniel Sobkowicz,WR,0.00%,0
810,5251671699,FingNerd (116/150),0,225.29999,DST Raiders  FLEX Justin Jefferson QB Tyler Shough RB Jahmyr Gibbs RB Derrick Henry TE Juwan Johnson WR Chris Olave WR Luther Burden III WR Devaughn Vele,,Jack Stoll,TE,0.00%,0
815,5250237630,dfwtsx08 (116/150),0,225.26,DST Jets  FLEX Ashton Jeanty QB Caleb Williams RB Breece Hall RB D'Andre Swift TE Juwan Johnson WR Chris Olave WR Zay Flowers WR Luther Burden III,,Caden Prieskorn,TE,0.00%,0
815,5252645511,Thedraftking1989 (97/150),0,225.26,DST Steelers  FLEX Chris Olave QB Caleb Williams RB D'Andre Swift RB Chuba Hubbard TE Colston Loveland WR Zay Flowers WR Garrett Wilson WR Jalen Coker,,Joe Royer,TE,0.00%,0
815,5253652803,Weskat (105/150),0,225.26,DST Jaguars  FLEX Jahmyr Gibbs QB Caleb Williams RB Derrick Henry RB D'Andre Swift TE Michael Mayer WR Christian Watson WR Luther Burden III WR Chris Godwin Jr.,,Kendric Pryor,FLEX,0.00%,0
818,5250042737,oclay357 (120/150),0,225.23999,DST Texans  FLEX Ashton Jeanty QB Bryce Young RB Jonathan Taylor RB Derrick Henry TE Juwan Johnson WR Zay Flowers WR Tetairoa McMillan WR Jalen Coker,,Tyrell Shavers,WR,0.00%,0
818,5252447059,itlldofarm (57/150),0,225.23999,DST Raiders  FLEX Christian Watson QB Jared Goff RB Jahmyr Gibbs RB Ashton Jeanty TE Michael Mayer WR Amon-Ra St. Brown WR Zay Flowers WR Devaughn Vele,,JP Richardson,WR,0.00%,0
818,5253510756,thayes55 (38/150),0,225.23999,DST Raiders  FLEX Jahmyr Gibbs QB Bryce Young RB Bijan Robinson RB D'Andre Swift TE Brenton Strange WR Tetairoa McMillan WR Garrett Wilson WR Jalen Coker,,Levi Wentz,WR,0.00%,0
818,5253713316,kcoverwy (1/2),0,225.23999,DST Raiders  FLEX Chris Olave QB Bryce Young RB Jahmyr Gibbs RB Bijan Robinson TE Michael Mayer WR Tetairoa McMillan WR Ladd McConkey WR Jalen Coker,,CJ Williams,WR,0.00%,0
822,5236782391,teamferraro26 (3/3),0,225.2,DST Lions  FLEX Jahmyr Gibbs QB Trevor Lawrence RB Chase Brown RB David Montgomery TE Dallas Goedert WR DJ Moore WR Parker Washington WR Jalen Coker,,David Martin-Robinson,TE,0.00%,0
822,5244531457,john5555 (4/5),0,225.2,DST Jets  FLEX Breece Hall QB Tyler Shough RB Jahmyr Gibbs RB Ashton Jeanty TE Juwan Johnson WR Chris Olave WR Jameson Williams WR Jalen Coker,,Mitch Tinsley,FLEX,0.00%,0
822,5250362855,Ian.mauch (1/10),0,225.19998,DST Jaguars  FLEX Christian Watson QB Tyler Shough RB Jahmyr Gibbs RB Ashton Jeanty TE Juwan Johnson WR Justin Jefferson WR Jameson Williams WR Devaughn Vele,,Nick Vannett,FLEX,0.00%,0
822,5250671177,HockeyCardsPlus (84/150),0,225.2,DST Saints  FLEX Juwan Johnson QB Tyler Shough RB Derrick Henry RB D'Andre Swift TE Tyler Warren WR Amon-Ra St. Brown WR Chris Olave WR Christian Watson,,Dae'Quan Wright,FLEX,0.00%,0
822,5250983483,roholman09 (116/150),0,225.2,DST Steelers  FLEX Ladd McConkey QB Tyler Shough RB Derrick Henry RB D'Andre Swift TE Juwan Johnson WR Chris Olave WR Zay Flowers WR Luther Burden III,,Ben Patterson,FLEX,0.00%,0
822,5251691612,iqlink (115/150),0,225.2,DST Jets  FLEX Juwan Johnson QB Tyler Shough RB Jahmyr Gibbs RB Bijan Robinson TE Colston Loveland WR Chris Olave WR Christian Watson WR Jalen Coker,,Antwane Wells Jr.,WR,0.00%,0
828,5251931455,fchonor (77/150),0,225.18,DST Jaguars  FLEX Derrick Henry QB Jordan Love RB Jahmyr Gibbs RB Bijan Robinson TE Michael Mayer WR Zay Flowers WR Christian Watson WR Ted Hurst III,,Devin Culp,FLEX,0.00%,0
829,5228758178,AtillaTH (60/150),0,225.16,DST Bears  FLEX Jonathan Taylor QB Caleb Williams RB D'Andre Swift RB Kyle Monangai TE Kyle Pitts Sr. WR Chris Olave WR Zay Flowers WR Jalen Coker,,Pharaoh Brown,FLEX,0.00%,0
830,5253008366,jamonebwa (126/150),0,225.14,DST Jaguars  FLEX Jahmyr Gibbs QB Bryce Young RB Bucky Irving RB Jaylen Warren TE Tucker Kraft WR Chris Olave WR Zay Flowers WR Jalen Coker,,Ja'seem Reed,WR,0.00%,0
831,5249748278,BoJangles73,0,225.1,DST Jets  FLEX Chris Olave QB Tyler Shough RB Jahmyr Gibbs RB D'Andre Swift TE Dallas Goedert WR DeVonta Smith WR Garrett Wilson WR Jalen Coker,,Gabriel Benyard,WR,0.00%,0
831,5251130955,dbullsfan (41/150),0,225.09999,DST Jaguars  FLEX Parker Washington QB Tyler Shough RB Bijan Robinson RB Ashton Jeanty TE Sam LaPorta WR Chris Olave WR Christian Watson WR Devaughn Vele,,Cornelius Johnson,FLEX,0.00%,0
833,5252085499,davis2543 (85/150),0,225.04,DST Steelers  FLEX Ladd McConkey QB Bryce Young RB Jahmyr Gibbs RB Jonathan Taylor TE Michael Mayer WR Chris Olave WR Tetairoa McMillan WR Jalen Coker,,Lucky Jackson,FLEX,0.00%,0
833,5253150083,Justunnatural (105/150),0,225.04,DST Commanders  FLEX Jalen Coker QB Bryce Young RB Jahmyr Gibbs RB Bijan Robinson TE Michael Mayer WR Chris Olave WR Zay Flowers WR Tetairoa McMillan,,Carson Towt,TE,0.00%,0
835,5252282783,SamGarvs8 (71/150),0,225,DST Bills  FLEX Justin Jefferson QB Tyler Shough RB Jahmyr Gibbs RB Breece Hall TE Tyler Warren WR Chris Olave WR Jalen Coker WR Devaughn Vele,,Raylen Sharpe,FLEX,0.00%,0
835,5252549446,hollacity (44/150),0,225,DST Bears  FLEX Jahmyr Gibbs QB Tyler Shough RB Derrick Henry RB Bucky Irving TE Dalton Kincaid WR Chris Olave WR Christian Watson WR Tre Tucker,,Bauer Sharp,FLEX,0.00%,0
837,5253278887,RichGreen4 (135/150),0,224.95999,DST Browns  FLEX Ashton Jeanty QB Josh Allen RB Jahmyr Gibbs RB D'Andre Swift TE Pat Freiermuth WR Zay Flowers WR DJ Moore WR Khalil Shakir,,Coleman Owen,WR,0.00%,0
838,5245318122,Ilost626 (143/150),0,224.93999,DST Steelers  FLEX Michael Mayer QB Bryce Young RB Bijan Robinson RB De'Von Achane TE Dallas Goedert WR Amon-Ra St. Brown WR Justin Jefferson WR Jalen Coker,,Stephen Gosnell,WR,0.00%,0
838,5250193068,wmfloyd43 (97/150),0,224.93999,DST Colts  FLEX Ashton Jeanty QB Jared Goff RB Jahmyr Gibbs RB Jonathan Taylor TE Dallas Goedert WR Amon-Ra St. Brown WR Jalen Coker WR Devaughn Vele,,DJ Turner,FLEX,0.00%,0
838,5250582438,tylerdavis928 (80/150),0,224.94,DST Jets  FLEX Chase Brown QB Bryce Young RB Jahmyr Gibbs RB D'Andre Swift TE Michael Mayer WR Justin Jefferson WR Tetairoa McMillan WR Jalen Coker,,E.J. Horton Jr.,FLEX,0.00%,0
841,5248244854,TEXSAN (77/150),0,224.9,DST Vikings  FLEX Jahmyr Gibbs QB Tyler Shough RB Derrick Henry RB Breece Hall TE Michael Mayer WR Amon-Ra St. Brown WR Chris Olave WR Devaughn Vele,,Omari Kelly,WR,0.00%,0
841,5248670857,BEARDOWN21 (114/150),0,224.9,DST Jaguars  FLEX Ashton Jeanty QB Tyler Shough RB Bijan Robinson RB Breece Hall TE Juwan Johnson WR Chris Olave WR Luther Burden III WR Jalen Coker,,Dylan Laube,FLEX,0.00%,0
841,5249088175,nmj4786 (6/150),0,224.9,DST Chargers  FLEX Jalen Coker QB Tyler Shough RB Jahmyr Gibbs RB Bijan Robinson TE Michael Mayer WR Amon-Ra St. Brown WR Chris Olave WR Devaughn Vele,,Ja'Mori Maclin,WR,0.00%,0
841,5250939650,kamdaddy000 (3/150),0,224.89998,DST Jets  FLEX Ladd McConkey QB Tyler Shough RB Jahmyr Gibbs RB Ashton Jeanty TE Juwan Johnson WR Amon-Ra St. Brown WR Chris Olave WR Devaughn Vele,,Kyle Allen,QB,0.00%,0
841,5251201944,OmarOrozco7 (1/34),0,224.9,DST Vikings  FLEX Jahmyr Gibbs QB Tyler Shough RB Derrick Henry RB Breece Hall TE Michael Mayer WR Amon-Ra St. Brown WR Chris Olave WR Devaughn Vele,,Kedon Slovis,QB,0.00%,0
846,5250467061,coachgately (28/150),0,224.86002,DST Steelers  FLEX Dalton Kincaid QB Josh Allen RB Ashton Jeanty RB David Montgomery TE Tyler Warren WR Zay Flowers WR DJ Moore WR Parker Washington,,Sam Hartman,QB,0.00%,0
846,5251250369,ydoja2 (64/150),0,224.86,DST Jaguars  FLEX Michael Mayer QB Josh Allen RB Derrick Henry RB Ashton Jeanty TE Dalton Kincaid WR Ja'Marr Chase WR Zay Flowers WR Jalen Coker,,Jalen Brooks,FLEX,0.00%,0
846,5252500885,stokes003 (18/150),0,224.86,DST Bengals  FLEX Dallas Goedert QB Caleb Williams RB Bijan Robinson RB Derrick Henry TE Colston Loveland WR Zay Flowers WR Luther Burden III WR Jalen Coker,,Drake Dabney,TE,0.00%,0
846,5252609010,Jfish1313 (30/80),0,224.85999,DST Steelers  FLEX Jahmyr Gibbs QB Caleb Williams RB Jonathan Taylor RB D'Andre Swift TE Juwan Johnson WR Zay Flowers WR Rome Odunze WR Devaughn Vele,,Kylen Granson,FLEX,0.00%,0
850,5246034314,srodriguez34 (1/150),0,224.84,DST Jets  FLEX Breece Hall QB Bryce Young RB Jahmyr Gibbs RB Bijan Robinson TE Michael Mayer WR Chris Olave WR Tetairoa McMillan WR Jalen Coker,,Gavin Bartholomew,FLEX,0.00%,0
850,5248894336,horsebot9000 (62/150),0,224.84,DST Jets  FLEX Jahmyr Gibbs QB Bryce Young RB Bijan Robinson RB Derrick Henry TE Juwan Johnson WR Tetairoa McMillan WR Luther Burden III WR Jalen Coker,,Pierre Strong Jr.,FLEX,0.00%,0
850,5250644402,JakeUpp (15/150),0,224.84,DST Buccaneers  FLEX Breece Hall QB Bryce Young RB Jahmyr Gibbs RB Bijan Robinson TE Michael Mayer WR Chris Olave WR Tetairoa McMillan WR Jalen Coker,,Ameer Abdullah,FLEX,0.00%,4.2
850,5251756351,MaxTheMin (91/150),0,224.84,DST Lions  FLEX Ashton Jeanty QB Bryce Young RB Bijan Robinson RB D'Andre Swift TE Tucker Kraft WR Tetairoa McMillan WR Ladd McConkey WR Jalen Coker,,Ulysses Bentley IV,RB,0.00%,0
850,5252195603,39681 (137/150),0,224.84,DST Jets  FLEX Jahmyr Gibbs QB Bryce Young RB Bijan Robinson RB Derrick Henry TE Juwan Johnson WR Tetairoa McMillan WR Luther Burden III WR Jalen Coker,,Myles Price,FLEX,0.00%,0
850,5252341627,mconnolly88 (11/60),0,224.84,DST Jets  FLEX Ashton Jeanty QB Bryce Young RB Jahmyr Gibbs RB Bijan Robinson TE Cade Otton WR Amon-Ra St. Brown WR Jalen Coker WR Tre Tucker,,Johnny Pascuzzi,TE,0.00%,0
850,5253066572,JDoggness (2/2),0,224.84,DST Jaguars  FLEX Jahmyr Gibbs QB Bryce Young RB D'Andre Swift RB Bucky Irving TE Darren Waller WR Zay Flowers WR Tetairoa McMillan WR Jalen Coker,,Gary Jennings Jr.,WR,0.00%,0
850,5253075642,Mjharks22 (8/150),0,224.84,DST Jets  FLEX Breece Hall QB Bryce Young RB Jahmyr Gibbs RB Bijan Robinson TE Michael Mayer WR Chris Olave WR Tetairoa McMillan WR Jalen Coker,,Zavier Scott,FLEX,0.00%,0
850,5253349038,Seabass1977 (9/13),0,224.83998,DST Jaguars  FLEX Amon-Ra St. Brown QB Bryce Young RB Jahmyr Gibbs RB Derrick Henry TE Michael Mayer WR Chris Olave WR Tetairoa McMillan WR Devaughn Vele,,Qadir Ismail,TE,0.00%,0
850,5253595631,jerell1989 (8/10),0,224.84,DST Jaguars  FLEX Justin Jefferson QB Bryce Young RB Bijan Robinson RB Derrick Henry TE Darren Waller WR Zay Flowers WR Jayden Reed WR Jalen Coker,,Max Bredeson,RB,0.00%,0
860,5247322247,wesman21 (11/150),0,224.79999,DST Jaguars  FLEX Ashton Jeanty QB Tyler Shough RB Jahmyr Gibbs RB Travis Etienne Jr. TE Juwan Johnson WR Chris Olave WR Zay Flowers WR Devaughn Vele,,DJ Herman,FLEX,0.00%,0
860,5250905333,beatinya (103/150),0,224.79999,DST Jaguars  FLEX DJ Moore QB Tyler Shough RB Bijan Robinson RB Derrick Henry TE Michael Mayer WR Amon-Ra St. Brown WR Chris Olave WR Devaughn Vele,,Zamir White,FLEX,0.00%,0
860,5251042758,wazzu24 (32/150),0,224.79999,DST Jaguars  FLEX Dallas Goedert QB Tyler Shough RB Derrick Henry RB Travis Etienne Jr. TE Juwan Johnson WR Justin Jefferson WR Chris Olave WR Zay Flowers,,Jack Westover,TE,0.00%,0
860,5251900432,thethrash (109/150),0,224.8,DST Raiders  FLEX Ashton Jeanty QB Trevor Lawrence RB Jahmyr Gibbs RB Derrick Henry TE Brenton Strange WR Christian Watson WR Parker Washington WR KC Concepcion,,DeeJay Dallas,RB,0.00%,1.1
860,5252174081,fballjunkiee (51/150),0,224.79999,DST Steelers  FLEX Devaughn Vele QB Tyler Shough RB Jahmyr Gibbs RB Saquon Barkley TE Juwan Johnson WR Amon-Ra St. Brown WR Chris Olave WR Jalen Coker,,Dameon Pierce,FLEX,0.00%,0
860,5252438013,NoMaas21 (100/150),0,224.79999,DST Raiders  FLEX Ashton Jeanty QB Tyler Shough RB Jahmyr Gibbs RB D'Andre Swift TE Juwan Johnson WR Chris Olave WR Parker Washington WR Khalil Shakir,,Cam Grandy,TE,0.00%,0
866,5251964379,Johnnyt61 (15/100),0,224.76001,DST Steelers  FLEX D'Andre Swift QB Caleb Williams RB Jonathan Taylor RB Breece Hall TE Michael Mayer WR Amon-Ra St. Brown WR Luther Burden III WR Jalen Coker,,Keleki Latu,FLEX,0.00%,0
866,5252557085,Mav910 (4/12),0,224.76,DST Jaguars  FLEX Jalen Coker QB C.J. Stroud RB Derrick Henry RB D'Andre Swift TE Mark Andrews WR Amon-Ra St. Brown WR Nico Collins WR DJ Moore,,Kyrese Rowan,WR,0.00%,0
868,5208230717,Nobodyshero2727 (79/150),0,224.73999,DST Jets  FLEX Colston Loveland QB Bryce Young RB Jahmyr Gibbs RB Ashton Jeanty TE Brenton Strange WR Amon-Ra St. Brown WR Chris Olave WR Jalen Coker,,Skyy Moore,FLEX,0.00%,0
868,5250598759,ryanmdelaney (49/50),0,224.73999,DST Steelers  FLEX Juwan Johnson QB Bryce Young RB Jahmyr Gibbs RB Ashton Jeanty TE Sam LaPorta WR Amon-Ra St. Brown WR DeVonta Smith WR Jalen Coker,,Anthony Gould,FLEX,0.00%,0
868,5250705276,ghsfy53 (88/150),0,224.73999,DST Jaguars  FLEX Ashton Jeanty QB Bryce Young RB Jahmyr Gibbs RB Derrick Henry TE Michael Mayer WR Ja'Marr Chase WR Matthew Golden WR Jalen Coker,,Britain Covey,FLEX,0.00%,0
868,5253816887,Gerbaloony (12/22),0,224.73999,DST Raiders  FLEX Luther Burden III QB Jared Goff RB Derrick Henry RB D'Andre Swift TE Juwan Johnson WR Amon-Ra St. Brown WR Chris Olave WR Jalen Coker,,Gardner Minshew II,QB,0.00%,0
872,5251268757,TheCommish (69/150),0,224.71999,DST Raiders  FLEX Dallas Goedert QB Jalen Hurts RB Jahmyr Gibbs RB Derrick Henry TE Juwan Johnson WR Amon-Ra St. Brown WR Zay Flowers WR Dontayvion Wicks,,Mason Rudolph,QB,0.00%,0
873,5250189087,jkat2016 (100/100),0,224.69998,DST Jaguars  FLEX Caleb Douglas QB Malik Willis RB Bijan Robinson RB Derrick Henry TE Juwan Johnson WR Amon-Ra St. Brown WR Chris Olave WR Christian Watson,,Donovan Edwards,FLEX,0.00%,0
873,5250908975,jnuland (131/150),0,224.69998,DST Bengals  FLEX Ashton Jeanty QB Tyler Shough RB Omarion Hampton RB Derrick Henry TE Juwan Johnson WR Amon-Ra St. Brown WR Chris Olave WR Devaughn Vele,,Kentrel Bullock,RB,0.00%,0
873,5251835015,thekid1101 (96/150),0,224.69998,DST Jets  FLEX Ashton Jeanty QB Tyler Shough RB Bijan Robinson RB Breece Hall TE Juwan Johnson WR Justin Jefferson WR Chris Olave WR Devaughn Vele,,Lew Nichols,FLEX,0.00%,0
873,5252038962,niques33 (60/150),0,224.70001,DST Jets  FLEX D'Andre Swift QB Tyler Shough RB Jahmyr Gibbs RB Breece Hall TE Juwan Johnson WR Chris Olave WR DeVonta Smith WR Jalen Coker,,Alec Ingold,FLEX,0.00%,0
873,5252407585,megalodon860 (132/150),0,224.7,DST Steelers  FLEX Jonathan Taylor QB Malik Willis RB Jahmyr Gibbs RB David Montgomery TE Michael Mayer WR Chris Olave WR Ladd McConkey WR Jalen Coker,,Chris Moore,FLEX,0.00%,6.3
873,5252560364,Tuomi1 (116/150),0,224.69998,DST Jaguars  FLEX Christian Watson QB Tyler Shough RB Bijan Robinson RB Ashton Jeanty TE Dalton Schultz WR Nico Collins WR Chris Olave WR Devaughn Vele,,Zach Horton,TE,0.00%,0
879,5237981137,nbram (67/135),0,224.65999,DST Jaguars  FLEX Mark Andrews QB Josh Allen RB Jahmyr Gibbs RB Bijan Robinson TE Sam LaPorta WR Amon-Ra St. Brown WR Jalen Coker WR Devaughn Vele,,Anthony Tyus III,FLEX,0.00%,0