Rank,EntryId,EntryName,TimeRemaining,Points,Lineup,,Player,Roster Position,%Drafted,FPTS
1,5243991366,JPLosman0711 (10/20),0,242.95999,DST Jets  FLEX Bijan Robinson QB Caleb Williams RB Jahmyr Gibbs RB D'Andre Swift TE Colston Loveland WR Christian Watson WR Jalen Coker WR Devaughn Vele,,Jahmyr Gibbs,RB,29.62%,37.6
2,5242277981,yards86 (1/3),0,237.84,DST Steelers  FLEX Cam Skattebo QB Bryce Young RB Jonathan Taylor RB Derrick Henry TE Michael Mayer WR Amon-Ra St. Brown WR Chris Olave WR Jalen Coker,,Puka Nacua,WR,17.97%,12.4
3,5247033953,Tdog1511 (3/20),0,233.73999,DST Giants  FLEX Jonathan Taylor QB Bryce Young RB Jahmyr Gibbs RB Bijan Robinson TE Juwan Johnson WR Jaxon Smith-Njigba WR Jalen Coker WR Devaughn Vele,,George Pickens,WR,16.08%,5.8
4,5247163593,Patsfan688 (3/7),0,229.76001,DST Patriots  FLEX Derrick Henry QB Lamar Jackson RB Jahmyr Gibbs RB D'Andre Swift TE Mark Andrews WR Zay Flowers WR Michael Pittman Jr. WR Jalen Coker,,Ja'Marr Chase,WR,15.19%,3.2
5,5243539638,Diddy22e,0,227.1,DST Jets  FLEX Chris Olave QB Tyler Shough RB Jahmyr Gibbs RB Saquon Barkley TE Isaiah Likely WR Justin Jefferson WR Jalen Coker WR Dontayvion Wicks,,Jaguars ,DST,14.35%,13
6,5245924042,odinsonthewise,0,224.6,DST Raiders  FLEX Jahmyr Gibbs QB Tyler Shough RB Kyren Williams RB D'Andre Swift TE Juwan Johnson WR Chris Olave WR Tetairoa McMillan WR Jalen Coker,,Chris Olave,WR,14.31%,31.2
7,5245858157,LetEmKnow (2/20),0,220.99998,DST Seahawks  FLEX Amon-Ra St. Brown QB Tyler Shough RB Jahmyr Gibbs RB Derrick Henry TE Michael Mayer WR Chris Olave WR Garrett Wilson WR Devaughn Vele,,Jaxon Smith-Njigba,WR,13.78%,29.2
8,5241190219,bobbymo87 (7/20),0,219.4,DST Eagles  FLEX Jahmyr Gibbs QB Tyler Shough RB Bijan Robinson RB Derrick Henry TE Juwan Johnson WR Tee Higgins WR Jalen Coker WR Devaughn Vele,,Christian McCaffrey,RB,12.02%,13.8
9,5248435917,taxman1228 (6/9),0,219.12,DST Jets  FLEX Jonathan Taylor QB Drake Maye RB Jahmyr Gibbs RB Bijan Robinson TE Juwan Johnson WR Chris Olave WR Jalen Coker WR Devaughn Vele,,Javonte Williams,RB,11.99%,24.2
10,5244772259,wildryan-2002 (12/20),0,218.79999,DST Jaguars  FLEX De'Von Achane QB Tyler Shough RB Jahmyr Gibbs RB Jonathan Taylor TE Juwan Johnson WR Chris Olave WR Jalen Coker WR Devaughn Vele,,Rhamondre Stevenson,RB,11.80%,14.5
11,5247033962,Tdog1511 (12/20),0,218.04,DST Chiefs  FLEX Juwan Johnson QB Bryce Young RB Jahmyr Gibbs RB Bijan Robinson TE Sam LaPorta WR Jaxon Smith-Njigba WR Tetairoa McMillan WR Jalen Coker,,Bijan Robinson,RB,10.99%,31.3
12,5246696483,rruffrryddazz (11/20),0,217.93999,DST Steelers  FLEX David Montgomery QB Bryce Young RB Jahmyr Gibbs RB Rico Dowdle TE Juwan Johnson WR Justin Jefferson WR Tetairoa McMillan WR Jalen Coker,,Jets ,DST,10.67%,9
13,5245067482,jtsnakester (4/20),0,216,DST Chiefs  FLEX Kenneth Walker III QB Tyler Shough RB Jahmyr Gibbs RB Bijan Robinson TE Michael Mayer WR Jaxon Smith-Njigba WR Luther Burden III WR Devaughn Vele,,Amon-Ra St. Brown,WR,10.27%,28.7
14,5248472465,llllllllllllllllIll (6/20),0,215.09999,DST Raiders  FLEX Ladd McConkey QB Tyler Shough RB Jahmyr Gibbs RB Bijan Robinson TE Juwan Johnson WR Chris Olave WR Parker Washington WR Devaughn Vele,,Michael Mayer,TE,10.20%,9.2
15,5248278560,chicalipete (19/20),0,214.9,DST Jaguars  FLEX Jahmyr Gibbs QB Tyler Shough RB Bijan Robinson RB Derrick Henry TE Juwan Johnson WR Chris Olave WR Romeo Doubs WR Devaughn Vele,,Ladd McConkey,WR,10.15%,19.2
16,5246132414,Kj.T,0,214.86,DST Steelers  FLEX Omarion Hampton QB Justin Herbert RB Ashton Jeanty RB David Montgomery TE Dallas Goedert WR Zay Flowers WR Ladd McConkey WR Jalen Coker,,Juwan Johnson,TE,9.48%,14.4
17,5244383330,FearTheBeard12 (2/20),0,214.77998,DST Jets  FLEX Tetairoa McMillan QB Jordan Love RB Jahmyr Gibbs RB D'Andre Swift TE Juwan Johnson WR Justin Jefferson WR Christian Watson WR Matthew Golden,,Omarion Hampton,RB,9.42%,9.3
18,5246356378,whoisjohngalt420 (5/20),0,214.15999,DST Jaguars  FLEX Kenneth Walker III QB Patrick Mahomes RB Jahmyr Gibbs RB Travis Etienne Jr. TE Michael Mayer WR Amon-Ra St. Brown WR Chris Olave WR Devaughn Vele,,De'Von Achane,RB,9.32%,10.6
19,5243512691,littlepanthers,0,213.79999,DST Jaguars  FLEX Jahmyr Gibbs QB Jaxson Dart RB Javonte Williams RB Bucky Irving TE Michael Mayer WR Chris Olave WR Garrett Wilson WR Jalen Coker,,Garrett Wilson,WR,8.93%,13.9
20,5246845522,PCMud (5/8),0,213.7,DST Raiders  FLEX Jahmyr Gibbs QB Brock Purdy RB Bijan Robinson RB Rhamondre Stevenson TE Sam LaPorta WR Amon-Ra St. Brown WR Jalen Coker WR Devaughn Vele,,Saquon Barkley,RB,8.84%,9
21,5247622050,mrclean913 (8/20),0,213.65999,DST Jaguars  FLEX Kenneth Walker III QB Patrick Mahomes RB Bijan Robinson RB Chuba Hubbard TE T.J. Hockenson WR Jaxon Smith-Njigba WR Amon-Ra St. Brown WR Caleb Douglas,,Justin Herbert,QB,8.67%,14.26
22,5247530755,SleepyW (4/20),0,213.29999,DST Steelers  FLEX Javonte Williams QB Tyler Shough RB Jahmyr Gibbs RB Travis Etienne Jr. TE Michael Mayer WR Jaxon Smith-Njigba WR Chris Olave WR Devaughn Vele,,CeeDee Lamb,WR,8.58%,15.4
23,5245667361,HurricaneCal (7/20),0,213.2,DST Chiefs  FLEX Travis Kelce QB Brock Purdy RB Bijan Robinson RB Jonathan Taylor TE Juwan Johnson WR Jaxon Smith-Njigba WR Chris Olave WR Jalen Coker,,Kyren Williams,RB,8.39%,15.5
24,5246845521,PCMud (4/8),0,212.86,DST Jets  FLEX Sam LaPorta QB Lamar Jackson RB Jahmyr Gibbs RB Bijan Robinson TE Tyler Warren WR Jaxon Smith-Njigba WR Jalen Coker WR Devaughn Vele,,Dallas Goedert,TE,8.21%,23.7
25,5248444201,DFeerrar (3/6),0,212.49998,DST Raiders  FLEX Juwan Johnson QB Jaxson Dart RB Jahmyr Gibbs RB Bijan Robinson TE Sam LaPorta WR Amon-Ra St. Brown WR Chris Olave WR Devaughn Vele,,Dak Prescott,QB,8.18%,15.4
26,5243714909,TwitterQueen (18/20),0,210.9,DST Jaguars  FLEX Michael Mayer QB Tyler Shough RB Jahmyr Gibbs RB Kenneth Walker III TE Juwan Johnson WR Amon-Ra St. Brown WR Chris Olave WR Luther Burden III,,Davante Adams,WR,8.06%,5.6
27,5248366370,Ullys (15/20),0,210.59999,DST Raiders  FLEX Devaughn Vele QB Tyler Shough RB Jahmyr Gibbs RB Ashton Jeanty TE Michael Mayer WR Jaxon Smith-Njigba WR Chris Olave WR Davante Adams,,Quentin Johnston,WR,8.03%,3.7
28,5242310312,bdensley (6/20),0,210.26001,DST Bengals  FLEX Jadarian Price QB Caleb Williams RB Kenneth Walker III RB D'Andre Swift TE Isaiah Likely WR Jaxon Smith-Njigba WR Luther Burden III WR Rome Odunze,,Jaxson Dart,QB,7.78%,26.6
29,5242280381,FlameThrower4 (2/20),0,208.7,DST Patriots  FLEX Parker Washington QB Trevor Lawrence RB Jahmyr Gibbs RB Derrick Henry TE Colby Parkinson WR Amon-Ra St. Brown WR Chris Olave WR Devaughn Vele,,Cam Skattebo,RB,7.72%,14.1
30,5244063340,bigpimpin5705 (4/10),0,208.36,DST Bills  FLEX Ashton Jeanty QB Lamar Jackson RB Derrick Henry RB Breece Hall TE Isaiah Likely WR Christian Watson WR Michael Wilson WR Makai Lemon,,Devaughn Vele,WR,7.31%,19.9
31,5247299073,Satch65 (14/20),0,208.2,DST Jaguars  FLEX Kenneth Walker III QB Tyler Shough RB Jahmyr Gibbs RB Chase Brown TE Dalton Schultz WR Chris Olave WR Garrett Wilson WR Devaughn Vele,,Tre Tucker,WR,7.26%,4.7
31,5247299069,Satch65 (10/20),0,208.19998,DST Jaguars  FLEX Isaiah Likely QB Jaxson Dart RB Jahmyr Gibbs RB Bijan Robinson TE Mark Andrews WR Jaxon Smith-Njigba WR Garrett Wilson WR Devaughn Vele,,Browns ,DST,7.25%,0
33,5241793134,akalastein,0,207.16,DST Seahawks  FLEX James Cook III QB Josh Allen RB Bijan Robinson RB Derrick Henry TE Dallas Goedert WR Matthew Golden WR Romeo Doubs WR Jalen Coker,,Joe Burrow,QB,7.20%,15.16
34,5243925319,sosamightygg22 (9/20),0,207.05998,DST Jets  FLEX Ashton Jeanty QB C.J. Stroud RB Jahmyr Gibbs RB D'Andre Swift TE Juwan Johnson WR CeeDee Lamb WR Nico Collins WR Devaughn Vele,,Colston Loveland,TE,7.15%,0
35,5245055331,jmchillbertram (19/20),0,207,DST Vikings  FLEX Jonathan Taylor QB Tyler Shough RB Javonte Williams RB D'Andre Swift TE Juwan Johnson WR Chris Olave WR Ladd McConkey WR Parker Washington,,Tetairoa McMillan,WR,6.75%,11.5
36,5247033965,Tdog1511 (15/20),0,206.86,DST Browns  FLEX Juwan Johnson QB Caleb Williams RB Jahmyr Gibbs RB Bijan Robinson TE Sam LaPorta WR Jaxon Smith-Njigba WR Luther Burden III WR Jalen Coker,,A.J. Brown,WR,6.71%,5.6
37,5248142672,gcust357 (5/5),0,206.7,DST Bills  FLEX Jahmyr Gibbs QB Brock Purdy RB Derrick Henry RB D'Andre Swift TE Isaiah Likely WR DJ Moore WR Stefon Diggs WR De'Zhaun Stribling,,Jonathan Taylor,RB,6.59%,26.1
38,5248326999,Jagermister17,0,206.4,DST Dolphins  FLEX Javonte Williams QB Tyler Shough RB Jahmyr Gibbs RB Jonathan Taylor TE Dallas Goedert WR Chris Olave WR Luther Burden III WR Devaughn Vele,,Bucky Irving,RB,6.39%,21.3
39,5243383708,coreyd1983,0,206.2,DST Raiders  FLEX Javonte Williams QB Jaxson Dart RB Jahmyr Gibbs RB Rhamondre Stevenson TE Isaiah Likely WR Ladd McConkey WR Parker Washington WR DJ Moore,,Jadarian Price,RB,6.23%,7.8
40,5245089644,gwads (1/3),0,205.26,DST Broncos  FLEX Dallas Goedert QB Josh Allen RB James Cook III RB Derrick Henry TE Dalton Kincaid WR Chris Olave WR DJ Moore WR Stefon Diggs,,DeVonta Smith,WR,6.20%,8.3
41,5246356383,whoisjohngalt420 (10/20),0,204.99998,DST Jets  FLEX Jahmyr Gibbs QB Jaxson Dart RB Breece Hall RB Travis Etienne Jr. TE Juwan Johnson WR Amon-Ra St. Brown WR Chris Olave WR Devaughn Vele,,Parker Washington,WR,6.02%,19.3
42,5245934654,VINCESFANTASY (1/3),0,204.4,DST Jets  FLEX Travis Kelce QB Jaxson Dart RB Jahmyr Gibbs RB Bijan Robinson TE Isaiah Likely WR Jaxon Smith-Njigba WR Malik Nabers WR Devaughn Vele,,Matthew Stafford,QB,5.99%,5.1
43,5248124230,iwanaretire (5/5),0,203.8,DST Steelers  FLEX Javonte Williams QB Tyler Shough RB Jahmyr Gibbs RB Rico Dowdle TE Juwan Johnson WR Chris Olave WR DeVonta Smith WR Jalen Coker,,Derrick Henry,RB,5.89%,38.3
44,5246274617,SpeedRacer101 (7/20),0,203.7,DST Jets  FLEX Kenneth Walker III QB Tyler Shough RB Jahmyr Gibbs RB Jaylen Warren TE Juwan Johnson WR Jaxon Smith-Njigba WR Chris Olave WR Tre Tucker,,Chase Brown,RB,5.81%,18.8
45,5242380808,jrevelle3 (7/20),0,203.68,DST Ravens  FLEX Michael Mayer QB Jordan Love RB Jahmyr Gibbs RB Derrick Henry TE Sam LaPorta WR Amon-Ra St. Brown WR Christian Watson WR Garrett Wilson,,Rams ,DST,5.79%,2
46,5245067488,jtsnakester (10/20),0,203.59999,DST Browns  FLEX Saquon Barkley QB Tyler Shough RB Jahmyr Gibbs RB Derrick Henry TE Michael Mayer WR Jaxon Smith-Njigba WR Chris Olave WR Devaughn Vele,,Chargers ,DST,5.61%,1
47,5248228108,yold6 (13/20),0,203.45999,DST Bengals  FLEX Javonte Williams QB Justin Herbert RB Derrick Henry RB D'Andre Swift TE Michael Mayer WR Jaxon Smith-Njigba WR Chris Olave WR Quentin Johnston,,Michael Mayer,FLEX,5.44%,9.2
48,5245528735,brightw,0,203.36,DST Jets  FLEX Javonte Williams QB Patrick Mahomes RB Jahmyr Gibbs RB D'Andre Swift TE Michael Mayer WR A.J. Brown WR Christian Watson WR DJ Moore,,Tyler Shough,QB,5.37%,29.2
48,5245739540,Donso (1/2),0,203.35999,DST Steelers  FLEX Juwan Johnson QB Josh Allen RB Jahmyr Gibbs RB Bijan Robinson TE Sam LaPorta WR Amon-Ra St. Brown WR Jayden Reed WR Devaughn Vele,,Drake Maye,QB,5.36%,12.82
50,5246877397,Zacklemore (20/20),0,203.18,DST Cowboys  FLEX Javonte Williams QB Jordan Love RB Jahmyr Gibbs RB D'Andre Swift TE Travis Kelce WR Zay Flowers WR Christian Watson WR Quentin Johnston,,Travis Etienne Jr.,RB,5.28%,14.8
51,5244915386,genodc (9/10),0,202.94,DST Steelers  FLEX Puka Nacua QB Bryce Young RB Chase Brown RB D'Andre Swift TE Dallas Goedert WR Jameson Williams WR Garrett Wilson WR Jalen Coker,,Seahawks ,DST,5.22%,13
52,5246877379,Zacklemore (2/20),0,202.9,DST Browns  FLEX Ashton Jeanty QB Tyler Shough RB Jahmyr Gibbs RB Bijan Robinson TE Juwan Johnson WR Zay Flowers WR George Pickens WR Devaughn Vele,,Trevor Lawrence,QB,5.05%,26.1
53,5242678617,taxman1228 (5/9),0,202.76,DST Raiders  FLEX Jonathan Taylor QB Lamar Jackson RB Jahmyr Gibbs RB Bijan Robinson TE Harold Fannin Jr. WR Jayden Reed WR Jalen Coker WR Devaughn Vele,,Raiders ,DST,5.03%,13
54,5248426501,tgresh (3/3),0,202.73999,DST Jaguars  FLEX D'Andre Swift QB Bryce Young RB Jahmyr Gibbs RB Chuba Hubbard TE Michael Mayer WR Justin Jefferson WR Tetairoa McMillan WR Josh Downs,,Jaylen Waddle,WR,5.03%,1.2
55,5247184745,smw3184,0,202.59999,DST Jets  FLEX Javonte Williams QB Malik Willis RB Derrick Henry RB Ashton Jeanty TE Michael Mayer WR Chris Olave WR DeVonta Smith WR Zay Flowers,,Jahmyr Gibbs,FLEX,4.97%,37.6
56,5247078421,Balldunker (8/15),0,201.59999,DST Jets  FLEX Juwan Johnson QB Tyler Shough RB Jahmyr Gibbs RB Chase Brown TE Mike Gesicki WR Amon-Ra St. Brown WR Chris Olave WR Garrett Wilson,,Justin Jefferson,WR,4.91%,31.2
57,5245445348,LTskelter (6/20),0,201.57999,DST Eagles  FLEX Devaughn Vele QB Jordan Love RB De'Von Achane RB Derrick Henry TE Michael Mayer WR Jaxon Smith-Njigba WR Justin Jefferson WR Christian Watson,,Jared Goff,QB,4.88%,16.44
58,5243991371,JPLosman0711 (15/20),0,201.4,DST Jets  FLEX Rhamondre Stevenson QB Tyler Shough RB Jahmyr Gibbs RB Bijan Robinson TE Charlie Kolar WR Amon-Ra St. Brown WR Chris Olave WR Devaughn Vele,,Isaiah Likely,TE,4.87%,27.8
59,5243460155,systematicchaos (7/14),0,201.35999,DST Jets  FLEX Terry McLaurin QB Josh Allen RB Omarion Hampton RB Derrick Henry TE Dallas Goedert WR Christian Watson WR Parker Washington WR DJ Moore,,Chris Godwin Jr.,WR,4.78%,8.3
60,5248098541,bfitm17 (13/20),0,201,DST Vikings  FLEX Michael Mayer QB Tyler Shough RB Jahmyr Gibbs RB Kenneth Walker III TE Juwan Johnson WR Amon-Ra St. Brown WR Chris Olave WR Davante Adams,,Luther Burden III,WR,4.66%,10.5
61,5246220715,justinbre1978,0,200.79999,DST Steelers  FLEX Javonte Williams QB Trevor Lawrence RB Jahmyr Gibbs RB Bucky Irving TE Juwan Johnson WR Chris Olave WR Ladd McConkey WR KC Concepcion,,Sam LaPorta,TE,4.65%,9.8
62,5247089793,Strider1313 (2/2),0,200.76,DST Steelers  FLEX David Montgomery QB Justin Herbert RB Saquon Barkley RB Javonte Williams TE Isaiah Likely WR Chris Olave WR Michael Wilson WR Jalen Coker,,Drake London,WR,4.54%,5.5
63,5244990519,TY54321 (4/20),0,200.69998,DST Jets  FLEX Ladd McConkey QB Tyler Shough RB Jahmyr Gibbs RB Bijan Robinson TE Juwan Johnson WR Chris Olave WR Tee Higgins WR Devaughn Vele,,Steelers ,DST,4.37%,18
64,5245254522,Sirchosen (10/20),0,200.59999,DST Jets  FLEX Omarion Hampton QB Tyler Shough RB Jahmyr Gibbs RB Bucky Irving TE Juwan Johnson WR Amon-Ra St. Brown WR Chris Olave WR Devaughn Vele,,Travis Kelce,TE,4.24%,10.1
65,5248480710,lilsnupeyvert (4/6),0,200.42,DST Jets  FLEX Bijan Robinson QB Drake Maye RB Jahmyr Gibbs RB Rhamondre Stevenson TE Sam LaPorta WR Amon-Ra St. Brown WR Jalen Coker WR Devaughn Vele,,Jalen Hurts,QB,4.17%,24.72
66,5245320919,sbright (1/2),0,200.2,DST Vikings  FLEX Isaiah Likely QB Jaxson Dart RB Jahmyr Gibbs RB David Montgomery TE Sam LaPorta WR Puka Nacua WR Jaxon Smith-Njigba WR Devaughn Vele,,Kyler Murray,QB,4.17%,0.62
67,5248472475,llllllllllllllllIll (16/20),0,199.9,DST Raiders  FLEX Jahmyr Gibbs QB Tyler Shough RB Bijan Robinson RB Travis Etienne Jr. TE Juwan Johnson WR Chris Olave WR Jameson Williams WR Devaughn Vele,,Zay Flowers,WR,4.17%,29
68,5247530770,SleepyW (19/20),0,199.79999,DST Jets  FLEX MarShawn Lloyd QB Tyler Shough RB Jahmyr Gibbs RB Bijan Robinson TE Michael Mayer WR Amon-Ra St. Brown WR Chris Olave WR Devaughn Vele,,Tee Higgins,WR,4.11%,8.9
69,5246708160,jimmyb01938 (9/14),0,199.70001,DST Jets  FLEX Jonathan Taylor QB Tyler Shough RB Jahmyr Gibbs RB Jadarian Price TE Dallas Goedert WR Nico Collins WR Chris Godwin Jr. WR Jalen Coker,,Harold Fannin Jr.,TE,4.08%,4.1
70,5244990529,TY54321 (14/20),0,199.65999,DST Jaguars  FLEX Michael Mayer QB Josh Allen RB Breece Hall RB D'Andre Swift TE Dalton Kincaid WR Amon-Ra St. Brown WR CeeDee Lamb WR Matthew Golden,,MarShawn Lloyd,RB,4.05%,3.7
71,5242380821,jrevelle3 (20/20),0,199.5,DST Eagles  FLEX Parker Washington QB Trevor Lawrence RB Ashton Jeanty RB Kenneth Walker III TE Michael Mayer WR Chris Olave WR Zay Flowers WR Tee Higgins,,Deebo Samuel Sr.,WR,4.02%,18
72,5240802426,Wteeter (7/20),0,199.45999,DST Jets  FLEX Javonte Williams QB Caleb Williams RB Derrick Henry RB Kenneth Walker III TE Colston Loveland WR CeeDee Lamb WR Jalen Coker WR Rashid Shaheed,,Hunter Henry,TE,3.99%,5.6
73,5243964547,Gregorious99,0,199.3,DST Jaguars  FLEX Isaiah Likely QB Jaxson Dart RB Jahmyr Gibbs RB Kenneth Walker III TE Colston Loveland WR Jaylen Waddle WR Ladd McConkey WR Jalen Coker,,David Montgomery,RB,3.86%,28.9
74,5245293522,raremind (3/3),0,199.20001,DST Steelers  FLEX D'Andre Swift QB Tyler Shough RB Jahmyr Gibbs RB Rhamondre Stevenson TE Juwan Johnson WR Chris Olave WR Michael Wilson WR Chris Godwin Jr.,,Jalen Coker,WR,3.85%,36.8
74,5246191047,Albino_Zebra (16/20),0,199.2,DST Steelers  FLEX Dallas Goedert QB Trevor Lawrence RB Derrick Henry RB Rico Dowdle TE Sam LaPorta WR Amon-Ra St. Brown WR Chris Olave WR Parker Washington,,Rashee Rice,WR,3.82%,9.9
76,5246317043,cjwarriors (12/14),0,198.9,DST Dolphins  FLEX Jahmyr Gibbs QB Cam Ward RB Javonte Williams RB Kyren Williams TE Michael Mayer WR Amon-Ra St. Brown WR Chris Olave WR Jalen Coker,,Titans ,DST,3.73%,0
77,5241167006,cjwarriors (3/14),0,198.5,DST Jaguars  FLEX Javonte Williams QB Jaxson Dart RB Jahmyr Gibbs RB Bijan Robinson TE Isaiah Likely WR Garrett Wilson WR Wan'Dale Robinson WR Dontayvion Wicks,,Kyle Pitts Sr.,TE,3.72%,0
78,5248098548,bfitm17 (20/20),0,198.4,DST Bears  FLEX Michael Mayer QB Tyler Shough RB Jahmyr Gibbs RB Bijan Robinson TE Juwan Johnson WR Justin Jefferson WR Chris Olave WR Chris Godwin Jr.,,Kenneth Walker III,RB,3.63%,37.1
78,5246356345,whoisjohngalt420 (1/20),0,198.39998,DST Bengals  FLEX Michael Mayer QB Jaxson Dart RB Jahmyr Gibbs RB Chase Brown TE Juwan Johnson WR Amon-Ra St. Brown WR Chris Olave WR Garrett Wilson,,Romeo Doubs,WR,3.61%,0
80,5247643839,falstaff64 (13/20),0,198.21999,DST Chiefs  FLEX D'Andre Swift QB Jalen Hurts RB Jahmyr Gibbs RB Bijan Robinson TE Juwan Johnson WR Ladd McConkey WR Chris Godwin Jr. WR Dontayvion Wicks,,Mark Andrews,TE,3.59%,8.9
81,5248513113,tramon (3/4),0,198.06,DST Ravens  FLEX Derrick Henry QB Josh Allen RB Jahmyr Gibbs RB Jonathan Taylor TE Sam LaPorta WR Jalen Coker WR Xavier Worthy WR Odell Beckham Jr.,,Jameson Williams,WR,3.58%,8.5
82,5245595033,bigpeedo (2/2),0,198,DST Jaguars  FLEX Jonathan Taylor QB Jaxson Dart RB Kenneth Walker III RB Kyren Williams TE Dallas Goedert WR Tetairoa McMillan WR Christian Watson WR Michael Pittman Jr.,,Tony Pollard,RB,3.58%,4.4
82,5248098540,bfitm17 (12/20),0,197.99998,DST Steelers  FLEX Tre Tucker QB Tyler Shough RB Jahmyr Gibbs RB Christian McCaffrey TE Juwan Johnson WR Jaxon Smith-Njigba WR Chris Olave WR Devaughn Vele,,DJ Moore,WR,3.58%,24
84,5240569336,glen45,0,197.95999,DST Steelers  FLEX Javonte Williams QB Lamar Jackson RB David Montgomery RB Jadarian Price TE Dallas Goedert WR Tetairoa McMillan WR Ladd McConkey WR Christian Watson,,Broncos ,DST,3.57%,3
85,5244383347,FearTheBeard12 (19/20),0,197.7,DST Jets  FLEX Bhayshul Tuten QB Tyler Shough RB Ashton Jeanty RB Javonte Williams TE Juwan Johnson WR Amon-Ra St. Brown WR Chris Olave WR Stefon Diggs,,D'Andre Swift,RB,3.44%,35.4
85,5246693613,druff000,0,197.7,DST Jaguars  FLEX Sam LaPorta QB Jaxson Dart RB Jahmyr Gibbs RB Bijan Robinson TE Tyler Warren WR Puka Nacua WR Jalen Coker WR Devaughn Vele,,Javonte Williams,FLEX,3.31%,24.2
87,5248442807,samirnj (13/20),0,197.65999,DST Jets  FLEX Ashton Jeanty QB Justin Herbert RB Jahmyr Gibbs RB Bijan Robinson TE Juwan Johnson WR Chris Olave WR Marvin Harrison Jr. WR Devaughn Vele,,Nico Collins,WR,3.28%,21.2
88,5246397266,jbuc10951 (5/20),0,197.4,DST Chiefs  FLEX Dalton Schultz QB Jaxson Dart RB Jahmyr Gibbs RB Jonathan Taylor TE Sam LaPorta WR Jaxon Smith-Njigba WR Amon-Ra St. Brown WR Devaughn Vele,,Sam Darnold,QB,3.23%,0.52
89,5247151403,Branaman12 (10/10),0,197.29999,DST Raiders  FLEX Jameson Williams QB Tyler Shough RB Jahmyr Gibbs RB Travis Etienne Jr. TE Juwan Johnson WR Amon-Ra St. Brown WR Chris Olave WR Devaughn Vele,,Josh Allen,QB,3.22%,38.66
90,5248513141,tramon (4/4),0,196.95999,DST Ravens  FLEX Derrick Henry QB Josh Allen RB Jahmyr Gibbs RB Jonathan Taylor TE Sam LaPorta WR Quentin Johnston WR Jalen Coker WR Jauan Jennings,,Jake Ferguson,TE,3.21%,2.6
91,5241261641,bigbribri300 (2/11),0,196.76,DST Jaguars  FLEX Jahmyr Gibbs QB Caleb Williams RB Kenneth Walker III RB Kyren Williams TE Isaiah Likely WR Luther Burden III WR Deebo Samuel Sr. WR Romeo Doubs,,Cowboys ,DST,3.12%,3
92,5245298930,Calvin19691969 (2/2),0,196.59999,DST Jets  FLEX Christian McCaffrey QB Jaxson Dart RB Jahmyr Gibbs RB Bijan Robinson TE Michael Mayer WR Puka Nacua WR Jalen Coker WR Devaughn Vele,,Alec Pierce,WR,3.10%,10.1
93,5248308442,k8lynFootball (2/2),0,196.26,DST Cardinals  FLEX Ashton Jeanty QB Josh Allen RB Jonathan Taylor RB Derrick Henry TE Travis Kelce WR Garrett Wilson WR DK Metcalf WR Stefon Diggs,,Michael Wilson,WR,3.09%,10.6
94,5247408403,BigJRuck25,0,196.06,DST Steelers  FLEX Quentin Johnston QB Joe Burrow RB Javonte Williams RB Cam Skattebo TE Dallas Goedert WR Jaxon Smith-Njigba WR Chris Olave WR Jalen Coker,,Baker Mayfield,QB,2.97%,14.64
95,5243886792,PhantasyGawd,0,196.01999,DST Jaguars  FLEX Kenneth Walker III QB Drake Maye RB D'Andre Swift RB Bucky Irving TE Juwan Johnson WR Chris Olave WR Tetairoa McMillan WR Parker Washington,,Eagles ,DST,2.96%,3
96,5247070889,Richoux (2/2),0,195.9,DST Jets  FLEX Bijan Robinson QB Brock Purdy RB Jahmyr Gibbs RB Rhamondre Stevenson TE Isaiah Likely WR Amon-Ra St. Brown WR Jayden Reed WR Devaughn Vele,,Brock Purdy,QB,2.93%,22.1
96,5248363004,hogintn (6/20),0,195.9,DST Patriots  FLEX Jahmyr Gibbs QB Tyler Shough RB Christian McCaffrey RB Travis Etienne Jr. TE Juwan Johnson WR Chris Olave WR Zay Flowers WR Devaughn Vele,,Trey McBride,TE,2.90%,24.5
98,5242380811,jrevelle3 (10/20),0,195.79999,DST Jaguars  FLEX Tre Tucker QB Trevor Lawrence RB Jahmyr Gibbs RB Bucky Irving TE Mark Andrews WR Jaxon Smith-Njigba WR Christian Watson WR Parker Washington,,Lamar Jackson,QB,2.90%,28.96
99,5246410387,JERKER19 (1/6),0,195.7,DST Jaguars  FLEX Michael Mayer QB Tyler Shough RB Jahmyr Gibbs RB Bijan Robinson TE Juwan Johnson WR Puka Nacua WR Amon-Ra St. Brown WR Devaughn Vele,,Cardinals ,DST,2.86%,10
99,5248500075,JERKER19 (4/6),0,195.7,DST Jaguars  FLEX Michael Mayer QB Tyler Shough RB Jahmyr Gibbs RB Bijan Robinson TE Juwan Johnson WR Puka Nacua WR Amon-Ra St. Brown WR Devaughn Vele,,Mike Evans,WR,2.79%,16.9
101,5247907666,m0neymykah (5/10),0,195.45999,DST Jets  FLEX Jahmyr Gibbs QB Justin Herbert RB Jonathan Taylor RB Rhamondre Stevenson TE Dallas Goedert WR Chris Olave WR Ladd McConkey WR Devaughn Vele,,Lions ,DST,2.78%,10
102,5246877393,Zacklemore (16/20),0,195.44,DST Patriots  FLEX Travis Kelce QB Jared Goff RB Jahmyr Gibbs RB Ashton Jeanty TE Sam LaPorta WR Amon-Ra St. Brown WR Justin Jefferson WR Devaughn Vele,,Christian Watson,WR,2.73%,35.7
103,5243985915,thop78 (16/20),0,195.40001,DST Vikings  FLEX Tyler Warren QB Jaxson Dart RB Jahmyr Gibbs RB Derrick Henry TE Dallas Goedert WR Zay Flowers WR Emeka Egbuka WR Michael Wilson,,Ashton Jeanty,RB,2.73%,35.7
104,5247988565,rawdawg412 (3/3),0,195.28,DST Jets  FLEX Travis Etienne Jr. QB Jordan Love RB Jahmyr Gibbs RB Bijan Robinson TE Michael Mayer WR Christian Watson WR Garrett Wilson WR Parker Washington,,Rashid Shaheed,WR,2.71%,1.4
105,5247299068,Satch65 (9/20),0,195.2,DST Jaguars  FLEX Luther Burden III QB Tyler Shough RB Jahmyr Gibbs RB Travis Etienne Jr. TE Brenton Strange WR Amon-Ra St. Brown WR Chris Olave WR Devaughn Vele,,Jayden Reed,WR,2.69%,5
106,5245751092,tbanthony (15/15),0,195.1,DST Raiders  FLEX D'Andre Swift QB Tyler Shough RB Jahmyr Gibbs RB Rhamondre Stevenson TE Juwan Johnson WR Chris Olave WR Tetairoa McMillan WR Chris Godwin Jr.,,Texans ,DST,2.68%,-2
107,5244990526,TY54321 (11/20),0,194.94,DST Raiders  FLEX Tetairoa McMillan QB Bryce Young RB Jonathan Taylor RB Bucky Irving TE Michael Mayer WR Puka Nacua WR Jaxon Smith-Njigba WR Jalen Coker,,Brenton Strange,TE,2.68%,10.3
108,5245434325,gdaebass (1/2),0,194.79999,DST Bears  FLEX Amon-Ra St. Brown QB Trevor Lawrence RB D'Andre Swift RB Tyler Allgeier TE Juwan Johnson WR Chris Olave WR DeVonta Smith WR Christian Watson,,Saquon Barkley,FLEX,2.62%,9
109,5244833149,atong126 (11/20),0,194.63998,DST Raiders  FLEX Ashton Jeanty QB Jared Goff RB Jahmyr Gibbs RB Derrick Henry TE Michael Mayer WR Chris Olave WR Jameson Williams WR Tre Tucker,,Dalton Schultz,TE,2.54%,7.5
110,5246511522,VINCESFANTASY (3/3),0,194.59999,DST Jets  FLEX Jonathan Taylor QB Brock Purdy RB Jahmyr Gibbs RB Bijan Robinson TE Juwan Johnson WR Amon-Ra St. Brown WR Cooper Kupp WR Devaughn Vele,,De'Von Achane,FLEX,2.52%,10.6
111,5244591481,mld2010 (5/20),0,194.5,DST Raiders  FLEX Sam LaPorta QB Tyler Shough RB Jahmyr Gibbs RB Jonathan Taylor TE Juwan Johnson WR Chris Olave WR Garrett Wilson WR Parker Washington,,Tyler Warren,TE,2.50%,10.3
111,5245421342,Damsav2k,0,194.5,DST Saints  FLEX Jaxon Smith-Njigba QB Trevor Lawrence RB Derrick Henry RB Kyren Williams TE Dallas Goedert WR Christian Watson WR Garrett Wilson WR Alec Pierce,,James Cook III,RB,2.45%,9.9
113,5248504542,clipschutz (1/20),0,194.44,DST Lions  FLEX Omarion Hampton QB Bryce Young RB Jahmyr Gibbs RB Ashton Jeanty TE Michael Mayer WR Tee Higgins WR Tetairoa McMillan WR Jalen Coker,,Wan'Dale Robinson,WR,2.43%,8.8
114,5246397281,jbuc10951 (20/20),0,194.4,DST Chiefs  FLEX Jonathan Taylor QB Dak Prescott RB Jahmyr Gibbs RB Bijan Robinson TE Tyler Warren WR Jayden Reed WR Jalen Coker WR Devaughn Vele,,Terry McLaurin,WR,2.42%,3.4
115,5246545905,kmilton2013 (5/10),0,194.36,DST Ravens  FLEX Javonte Williams QB Lamar Jackson RB Derrick Henry RB Kenneth Walker III TE Travis Kelce WR Mike Evans WR DJ Moore WR Wan'Dale Robinson,,Bijan Robinson,FLEX,2.36%,31.3
116,5248302066,KMilli3 (2/2),0,194.24,DST Seahawks  FLEX Jonathan Taylor QB Bryce Young RB Javonte Williams RB David Montgomery TE Colston Loveland WR George Pickens WR DJ Moore WR Jalen Coker,,Omarion Hampton,FLEX,2.33%,9.3
117,5248435863,monileo12 (3/20),0,194.2,DST Raiders  FLEX Javonte Williams QB Tyler Shough RB Jahmyr Gibbs RB Rhamondre Stevenson TE Michael Mayer WR CeeDee Lamb WR Chris Olave WR Devaughn Vele,,Bo Nix,QB,2.30%,7.44
117,5247111785,minrobertson210 (1/20),0,194.19998,DST Jets  FLEX Javonte Williams QB Jaxson Dart RB Jahmyr Gibbs RB Braelon Allen TE Juwan Johnson WR Amon-Ra St. Brown WR Malik Nabers WR Jalen Coker,,Jaylen Warren,RB,2.27%,11.3
119,5246811670,Meadamaster (3/12),0,194.16,DST Patriots  FLEX Jahmyr Gibbs QB Patrick Mahomes RB Javonte Williams RB Kyren Williams TE Juwan Johnson WR Chris Olave WR George Pickens WR Jalen Coker,,Patriots ,DST,2.25%,6
120,5246988913,msabapat (19/20),0,194.14,DST 49ers  FLEX Jonathan Taylor QB Bryce Young RB Derrick Henry RB Travis Etienne Jr. TE Dallas Goedert WR DeVonta Smith WR Zay Flowers WR Luther Burden III,,Tucker Kraft,TE,2.21%,9.5
121,5247160289,wallstreetras (7/7),0,194.09999,DST Chargers  FLEX Javonte Williams QB Jaxson Dart RB Jahmyr Gibbs RB Rhamondre Stevenson TE Travis Kelce WR Chris Olave WR Zay Flowers WR Devaughn Vele,,DK Metcalf,WR,2.19%,8
122,5247733193,JcClark18 (18/20),0,193.93999,DST Bengals  FLEX Tucker Kraft QB Jared Goff RB Derrick Henry RB Chuba Hubbard TE Mark Andrews WR Amon-Ra St. Brown WR Justin Jefferson WR Ladd McConkey,,Courtland Sutton,WR,2.14%,3.1
123,5245865519,Marshall2330 (13/14),0,193.86,DST Jets  FLEX Jonathan Taylor QB Josh Allen RB Jahmyr Gibbs RB Bijan Robinson TE Dallas Goedert WR Stefon Diggs WR Malik Washington WR Tre Tucker,,Bears ,DST,2.12%,6
124,5246691225,left2right (1/10),0,193.81999,DST Steelers  FLEX Jahmyr Gibbs QB Drake Maye RB Kenneth Walker III RB Bucky Irving TE Dallas Goedert WR Parker Washington WR DJ Moore WR De'Zhaun Stribling,,Caleb Williams,QB,2.10%,37.26
125,5241410851,eagles1973 (4/9),0,193.8,DST Jaguars  FLEX Bijan Robinson QB Jaxson Dart RB Jahmyr Gibbs RB Christian McCaffrey TE Sam LaPorta WR Jayden Reed WR Jalen Coker WR Devaughn Vele,,Marvin Harrison Jr.,WR,2.04%,4.3
125,5248427218,drigamat (2/3),0,193.8,DST Raiders  FLEX Jaxon Smith-Njigba QB Trevor Lawrence RB Javonte Williams RB David Montgomery TE Mark Andrews WR Chris Olave WR DJ Moore WR Chris Godwin Jr.,,Patrick Mahomes,QB,2.03%,22.66
127,5243653688,iwanaretire (2/5),0,193.40001,DST Jaguars  FLEX Omarion Hampton QB Jaxson Dart RB Chase Brown RB Javonte Williams TE Isaiah Likely WR Chris Olave WR Josh Downs WR Jalen Coker,,Jonathan Taylor,FLEX,2.02%,26.1
128,5248228102,yold6 (7/20),0,193.30002,DST Seahawks  FLEX George Pickens QB Trevor Lawrence RB Derrick Henry RB D'Andre Swift TE Tyler Warren WR DeVonta Smith WR Parker Washington WR Jalen Coker,,AJ Barner,TE,2.01%,3.3
128,5247130089,CKBronco18 (6/14),0,193.3,DST Seahawks  FLEX Christian Watson QB Jaxson Dart RB Derrick Henry RB Javonte Williams TE Isaiah Likely WR Puka Nacua WR Garrett Wilson WR Rashid Shaheed,,Emeka Egbuka,WR,2.00%,11.3
130,5243626884,Joleana,0,193.15999,DST Jaguars  FLEX Jalen Coker QB Lamar Jackson RB Kenneth Walker III RB Javonte Williams TE Juwan Johnson WR Jaxon Smith-Njigba WR George Pickens WR Quentin Johnston,,Stefon Diggs,WR,1.96%,15.5
130,5248505124,Max4Play (6/20),0,193.15999,DST Jets  FLEX Jahmyr Gibbs QB Lamar Jackson RB Jonathan Taylor RB Rhamondre Stevenson TE Mark Andrews WR Zay Flowers WR Ladd McConkey WR Devaughn Vele,,Cade Otton,TE,1.93%,5.6
132,5245674479,BigEd62,0,193.01997,DST Jaguars  FLEX Jahmyr Gibbs QB Jalen Hurts RB Derrick Henry RB David Montgomery TE Dallas Goedert WR Garrett Wilson WR Quentin Johnston WR Keenan Allen,,Michael Pittman Jr.,WR,1.92%,8.8
133,5245737983,shanedane (1/3),0,192.90001,DST Giants  FLEX Jaylen Warren QB Jaxson Dart RB Bijan Robinson RB Rhamondre Stevenson TE Isaiah Likely WR Amon-Ra St. Brown WR Malik Nabers WR Jalen Coker,,Breece Hall,RB,1.88%,22.8
133,5247294118,shanedane (2/3),0,192.90001,DST Giants  FLEX Jaylen Warren QB Jaxson Dart RB Bijan Robinson RB Rhamondre Stevenson TE Isaiah Likely WR Amon-Ra St. Brown WR Malik Nabers WR Jalen Coker,,De'Zhaun Stribling,WR,1.79%,0
133,5247303342,shanedane (3/3),0,192.90001,DST Giants  FLEX Jaylen Warren QB Jaxson Dart RB Bijan Robinson RB Rhamondre Stevenson TE Isaiah Likely WR Amon-Ra St. Brown WR Malik Nabers WR Jalen Coker,,Juwan Johnson,FLEX,1.79%,14.4
136,5248436045,rowdy1A3 (1/3),0,192.84,DST Jaguars  FLEX DeVonta Smith QB Bryce Young RB Jahmyr Gibbs RB D'Andre Swift TE Michael Mayer WR A.J. Brown WR Tetairoa McMillan WR Jalen Coker,,Malik Nabers,WR,1.76%,12.9
137,5246122416,MARILLIONROCK,0,192.8,DST Jaguars  FLEX Jahmyr Gibbs QB Tyler Shough RB Derrick Henry RB Jaylen Warren TE Juwan Johnson WR Ladd McConkey WR Parker Washington WR Luther Burden III,,Dalton Kincaid,TE,1.74%,21
138,5244328810,newguy2015 (9/20),0,192.74,DST Jaguars  FLEX Cam Skattebo QB Jared Goff RB Jahmyr Gibbs RB Javonte Williams TE Isaiah Likely WR Chris Olave WR Jameson Williams WR Devaughn Vele,,Dolphins ,DST,1.73%,4
138,5244027470,Rusty_Trombone (16/20),0,192.73999,DST Jets  FLEX Michael Mayer QB Jared Goff RB Jahmyr Gibbs RB Ashton Jeanty TE Juwan Johnson WR Amon-Ra St. Brown WR Chris Olave WR Luther Burden III,,George Pickens,FLEX,1.72%,5.8
140,5244383343,FearTheBeard12 (15/20),0,192.62,DST Jets  FLEX Luther Burden III QB Jalen Hurts RB Ashton Jeanty RB D'Andre Swift TE Dallas Goedert WR Chris Olave WR Jameson Williams WR Garrett Wilson,,Cam Skattebo,FLEX,1.67%,14.1
141,5247384376,Tippy2112,0,192.6,DST Jaguars  FLEX DJ Moore QB Trevor Lawrence RB Jahmyr Gibbs RB Bijan Robinson TE Gunnar Helm WR Zay Flowers WR Parker Washington WR Cooper Kupp,,Makai Lemon,WR,1.60%,2.5
142,5246755141,Francy72 (1/2),0,192.31999,DST Dolphins  FLEX Isaiah Likely QB Jalen Hurts RB Chase Brown RB Derrick Henry TE Dallas Goedert WR Chris Olave WR DeVonta Smith WR Stefon Diggs,,Falcons ,DST,1.60%,5
143,5248024710,DReino9821,0,192.26,DST Jaguars  FLEX Kenneth Walker III QB Justin Herbert RB Jahmyr Gibbs RB Bucky Irving TE Isaiah Likely WR Chris Olave WR Marvin Harrison Jr. WR Jalen Nailor,,Travis Kelce,FLEX,1.58%,10.1
144,5246877381,Zacklemore (4/20),0,192.20001,DST Browns  FLEX Travis Etienne Jr. QB Tyler Shough RB Jahmyr Gibbs RB D'Andre Swift TE Travis Kelce WR Jaxon Smith-Njigba WR Chris Olave WR Tre Tucker,,Dallas Goedert,FLEX,1.55%,23.7
145,5248061953,jgAllDay (3/20),0,191.96,DST Cowboys  FLEX Zay Flowers QB Lamar Jackson RB Jahmyr Gibbs RB D'Andre Swift TE Michael Mayer WR Chris Olave WR Michael Pittman Jr. WR Wan'Dale Robinson,,Vikings ,DST,1.54%,8
146,5244833145,atong126 (7/20),0,191.79999,DST Jets  FLEX Michael Mayer QB Tyler Shough RB Jahmyr Gibbs RB Javonte Williams TE Juwan Johnson WR Amon-Ra St. Brown WR Chris Olave WR DeVonta Smith,,Colby Parkinson,TE,1.54%,1.6
147,5248413804,adistel55 (3/5),0,191.7,DST Jaguars  FLEX Jadarian Price QB Jaxson Dart RB Jahmyr Gibbs RB Derrick Henry TE Dallas Goedert WR Alec Pierce WR DJ Moore WR Michael Wilson,,T.J. Hockenson,TE,1.53%,13.6
148,5247940090,2briar (12/20),0,191.40001,DST Jets  FLEX Jahmyr Gibbs QB Tyler Shough RB Bijan Robinson RB Travis Etienne Jr. TE Juwan Johnson WR Chris Olave WR Parker Washington WR Jerry Jeudy,,Cooper Kupp,WR,1.52%,5.5
148,5240401357,mikygittings (7/20),0,191.4,DST Eagles  FLEX Drake London QB Tyler Shough RB David Montgomery RB Tony Pollard TE Dallas Goedert WR Amon-Ra St. Brown WR Chris Olave WR Jalen Coker,,Kenny Gainwell,RB,1.51%,2.8
148,5246397270,jbuc10951 (9/20),0,191.4,DST Raiders  FLEX Dalton Schultz QB Jaxson Dart RB Jahmyr Gibbs RB Bijan Robinson TE Juwan Johnson WR Puka Nacua WR Amon-Ra St. Brown WR Devaughn Vele,,Rico Dowdle,RB,1.50%,4.1
148,5248516067,DoctorRoBry (1/20),0,191.4,DST Seahawks  FLEX Javonte Williams QB Tyler Shough RB Jahmyr Gibbs RB Chase Brown TE Michael Mayer WR Chris Olave WR DeVonta Smith WR Devaughn Vele,,Josh Downs,WR,1.48%,5.7
148,5248516068,DoctorRoBry (2/20),0,191.4,DST Seahawks  FLEX Javonte Williams QB Tyler Shough RB Jahmyr Gibbs RB Chase Brown TE Michael Mayer WR Chris Olave WR DeVonta Smith WR Devaughn Vele,,Caleb Douglas,WR,1.47%,14.4
148,5248516069,DoctorRoBry (3/20),0,191.4,DST Seahawks  FLEX Javonte Williams QB Tyler Shough RB Jahmyr Gibbs RB Chase Brown TE Michael Mayer WR Chris Olave WR DeVonta Smith WR Devaughn Vele,,Ashton Jeanty,FLEX,1.47%,35.7
148,5248516070,DoctorRoBry (4/20),0,191.4,DST Seahawks  FLEX Javonte Williams QB Tyler Shough RB Jahmyr Gibbs RB Chase Brown TE Michael Mayer WR Chris Olave WR DeVonta Smith WR Devaughn Vele,,Brian Thomas Jr.,WR,1.46%,7
148,5248516071,DoctorRoBry (5/20),0,191.4,DST Seahawks  FLEX Javonte Williams QB Tyler Shough RB Jahmyr Gibbs RB Chase Brown TE Michael Mayer WR Chris Olave WR DeVonta Smith WR Devaughn Vele,,Kyren Williams,FLEX,1.45%,15.5
148,5248516072,DoctorRoBry (6/20),0,191.4,DST Seahawks  FLEX Javonte Williams QB Tyler Shough RB Jahmyr Gibbs RB Chase Brown TE Michael Mayer WR Chris Olave WR DeVonta Smith WR Devaughn Vele,,Bucky Irving,FLEX,1.44%,21.3
148,5248516073,DoctorRoBry (7/20),0,191.4,DST Seahawks  FLEX Javonte Williams QB Tyler Shough RB Jahmyr Gibbs RB Chase Brown TE Michael Mayer WR Chris Olave WR DeVonta Smith WR Devaughn Vele,,Quinshon Judkins,RB,1.43%,7
148,5248516074,DoctorRoBry (8/20),0,191.4,DST Seahawks  FLEX Javonte Williams QB Tyler Shough RB Jahmyr Gibbs RB Chase Brown TE Michael Mayer WR Chris Olave WR DeVonta Smith WR Devaughn Vele,,Christian McCaffrey,FLEX,1.39%,13.8
148,5248516075,DoctorRoBry (9/20),0,191.4,DST Seahawks  FLEX Javonte Williams QB Tyler Shough RB Jahmyr Gibbs RB Chase Brown TE Michael Mayer WR Chris Olave WR DeVonta Smith WR Devaughn Vele,,Quentin Johnston,FLEX,1.39%,3.7
148,5248516076,DoctorRoBry (10/20),0,191.4,DST Seahawks  FLEX Javonte Williams QB Tyler Shough RB Jahmyr Gibbs RB Chase Brown TE Michael Mayer WR Chris Olave WR DeVonta Smith WR Devaughn Vele,,Xavier Worthy,WR,1.36%,4.8
148,5248516077,DoctorRoBry (11/20),0,191.4,DST Seahawks  FLEX Javonte Williams QB Tyler Shough RB Jahmyr Gibbs RB Chase Brown TE Michael Mayer WR Chris Olave WR DeVonta Smith WR Devaughn Vele,,Malik Willis,QB,1.36%,17.7
148,5248516078,DoctorRoBry (12/20),0,191.4,DST Seahawks  FLEX Javonte Williams QB Tyler Shough RB Jahmyr Gibbs RB Chase Brown TE Michael Mayer WR Chris Olave WR DeVonta Smith WR Devaughn Vele,,CeeDee Lamb,FLEX,1.34%,15.4
148,5248516079,DoctorRoBry (13/20),0,191.4,DST Seahawks  FLEX Javonte Williams QB Tyler Shough RB Jahmyr Gibbs RB Chase Brown TE Michael Mayer WR Chris Olave WR DeVonta Smith WR Devaughn Vele,,Colston Loveland,FLEX,1.31%,0
148,5248516080,DoctorRoBry (14/20),0,191.4,DST Seahawks  FLEX Javonte Williams QB Tyler Shough RB Jahmyr Gibbs RB Chase Brown TE Michael Mayer WR Chris Olave WR DeVonta Smith WR Devaughn Vele,,MarShawn Lloyd,FLEX,1.30%,3.7
148,5248516081,DoctorRoBry (15/20),0,191.4,DST Seahawks  FLEX Javonte Williams QB Tyler Shough RB Jahmyr Gibbs RB Chase Brown TE Michael Mayer WR Chris Olave WR DeVonta Smith WR Devaughn Vele,,Sam LaPorta,FLEX,1.27%,9.8
148,5248516082,DoctorRoBry (16/20),0,191.4,DST Seahawks  FLEX Javonte Williams QB Tyler Shough RB Jahmyr Gibbs RB Chase Brown TE Michael Mayer WR Chris Olave WR DeVonta Smith WR Devaughn Vele,,Kirk Cousins,QB,1.27%,15.8
148,5248516083,DoctorRoBry (17/20),0,191.4,DST Seahawks  FLEX Javonte Williams QB Tyler Shough RB Jahmyr Gibbs RB Chase Brown TE Michael Mayer WR Chris Olave WR DeVonta Smith WR Devaughn Vele,,Malachi Fields,WR,1.27%,4.5
148,5248516084,DoctorRoBry (18/20),0,191.4,DST Seahawks  FLEX Javonte Williams QB Tyler Shough RB Jahmyr Gibbs RB Chase Brown TE Michael Mayer WR Chris Olave WR DeVonta Smith WR Devaughn Vele,,49ers ,DST,1.21%,8
148,5248516085,DoctorRoBry (19/20),0,191.4,DST Seahawks  FLEX Javonte Williams QB Tyler Shough RB Jahmyr Gibbs RB Chase Brown TE Michael Mayer WR Chris Olave WR DeVonta Smith WR Devaughn Vele,,RJ Harvey,RB,1.21%,8.1
148,5248516086,DoctorRoBry (20/20),0,191.4,DST Seahawks  FLEX Javonte Williams QB Tyler Shough RB Jahmyr Gibbs RB Chase Brown TE Michael Mayer WR Chris Olave WR DeVonta Smith WR Devaughn Vele,,Jordan Addison,WR,1.21%,0
171,5248125069,tndkd (15/20),0,191.21999,DST Jets  FLEX Bijan Robinson QB Jalen Hurts RB Jahmyr Gibbs RB Jonathan Taylor TE Michael Mayer WR Amon-Ra St. Brown WR Tre Tucker WR Devaughn Vele,,Kenneth Walker III,FLEX,1.19%,37.1
172,5240700001,paintgirl (8/20),0,191.2,DST Jets  FLEX Michael Mayer QB Tyler Shough RB Jahmyr Gibbs RB Bijan Robinson TE Tyler Warren WR Amon-Ra St. Brown WR Chris Olave WR Tre Tucker,,Derrick Henry,FLEX,1.19%,38.3
172,5244591486,mld2010 (10/20),0,191.2,DST Raiders  FLEX Charlie Kolar QB Tyler Shough RB Jahmyr Gibbs RB Ashton Jeanty TE Dalton Schultz WR Amon-Ra St. Brown WR Chris Olave WR DeVonta Smith,,Chase Brown,FLEX,1.18%,18.8
174,5242707160,Sleevemonster8 (10/20),0,191.1,DST Jaguars  FLEX Chase Brown QB Geno Smith RB Kenneth Walker III RB D'Andre Swift TE Tyler Warren WR Puka Nacua WR Deebo Samuel Sr. WR Jalen Coker,,Keenan Allen,WR,1.17%,9.2
175,5242280385,FlameThrower4 (6/20),0,191,DST Ravens  FLEX Juwan Johnson QB Tyler Shough RB Jahmyr Gibbs RB Derrick Henry TE Hunter Henry WR Amon-Ra St. Brown WR Chris Olave WR Romeo Doubs,,Travis Etienne Jr.,FLEX,1.16%,14.8
175,5248098539,bfitm17 (11/20),0,190.99998,DST Steelers  FLEX Ashton Jeanty QB Tyler Shough RB Jahmyr Gibbs RB Quinshon Judkins TE Michael Mayer WR Ja'Marr Chase WR Chris Olave WR Devaughn Vele,,Geno Smith,QB,1.15%,9.3
177,5248435439,derek84 (2/2),0,190.9,DST Jaguars  FLEX Omarion Hampton QB Tyler Shough RB Jahmyr Gibbs RB Ashton Jeanty TE Michael Mayer WR Chris Olave WR George Pickens WR Devaughn Vele,,Daniel Jones,QB,1.15%,10.04
178,5246481814,hiteofbob (6/20),0,190.86,DST Chiefs  FLEX Quentin Johnston QB Patrick Mahomes RB Jahmyr Gibbs RB Kenneth Walker III TE Travis Kelce WR Jaxon Smith-Njigba WR Chris Olave WR Malik Washington,,Ravens ,DST,1.15%,6
179,5248097638,gcust357 (2/5),0,190.84,DST Steelers  FLEX Jaxon Smith-Njigba QB Jared Goff RB Bijan Robinson RB Breece Hall TE Dalton Kincaid WR Luther Burden III WR Jalen Coker WR Xavier Worthy,,George Kittle,TE,1.14%,3.2
179,5244772267,wildryan-2002 (20/20),0,190.83998,DST Seahawks  FLEX Jalen Nailor QB Jared Goff RB Jahmyr Gibbs RB Bijan Robinson TE Michael Mayer WR Amon-Ra St. Brown WR Zay Flowers WR Devaughn Vele,,Bryce Young,QB,1.10%,35.44
181,5241166399,cjwarriors (2/14),0,190.74,DST Dolphins  FLEX Javonte Williams QB Bryce Young RB Kyren Williams RB D'Andre Swift TE Darren Waller WR Amon-Ra St. Brown WR Chris Olave WR Tetairoa McMillan,,Giants ,DST,1.09%,3
182,5243991374,JPLosman0711 (18/20),0,190.44,DST Jets  FLEX Bijan Robinson QB Daniel Jones RB Jahmyr Gibbs RB Derrick Henry TE Tyler Warren WR Zay Flowers WR Jayden Reed WR Devaughn Vele,,Packers ,DST,1.08%,1
183,5247111786,minrobertson210 (2/20),0,190.41998,DST Eagles  FLEX Bucky Irving QB Jalen Hurts RB Jahmyr Gibbs RB Derrick Henry TE Juwan Johnson WR Amon-Ra St. Brown WR Makai Lemon WR Devaughn Vele,,David Montgomery,FLEX,1.07%,28.9
184,5244591487,mld2010 (11/20),0,190.40001,DST Raiders  FLEX Sam LaPorta QB Trevor Lawrence RB Jahmyr Gibbs RB Jonathan Taylor TE Brenton Strange WR Zay Flowers WR Ladd McConkey WR Parker Washington,,Chiefs ,DST,1.07%,12
184,5239990123,Crazy_Azzholes (6/14),0,190.4,DST Jets  FLEX Jonathan Taylor QB Jaxson Dart RB Jahmyr Gibbs RB Cam Skattebo TE Isaiah Likely WR Justin Jefferson WR Deebo Samuel Sr. WR Darius Slayton,,Jaxon Smith-Njigba,FLEX,1.07%,29.2
184,5243714901,TwitterQueen (10/20),0,190.4,DST Jets  FLEX De'Von Achane QB Tyler Shough RB Jahmyr Gibbs RB Rhamondre Stevenson TE Michael Mayer WR Jaxon Smith-Njigba WR Chris Olave WR Devaughn Vele,,Matthew Golden,WR,1.04%,15.5
187,5244031521,lukerichards6,0,190.24,DST Steelers  FLEX Kenneth Walker III QB Jared Goff RB Derrick Henry RB Breece Hall TE Pat Freiermuth WR Amon-Ra St. Brown WR Chris Godwin Jr. WR Jayden Reed,,Ladd McConkey,FLEX,1.04%,19.2
188,5246854622,bkdbkd,0,190.16,DST Chargers  FLEX Jonathan Taylor QB Josh Allen RB Kenneth Walker III RB Quinshon Judkins TE Isaiah Likely WR Parker Washington WR DJ Moore WR Keenan Allen,,Malik Washington,WR,1.04%,7.3
189,5241190226,bobbymo87 (14/20),0,190.1,DST Seahawks  FLEX Chris Olave QB Tyler Shough RB Jahmyr Gibbs RB Travis Etienne Jr. TE Sam LaPorta WR Zay Flowers WR Davante Adams WR Devaughn Vele,,C.J. Stroud,QB,0.99%,18.46
190,5246583510,jcobb04 (6/20),0,190.03998,DST Rams  FLEX Michael Mayer QB Jared Goff RB Jahmyr Gibbs RB Derrick Henry TE Juwan Johnson WR Amon-Ra St. Brown WR Chris Olave WR Jakobi Meyers,,Kayshon Boutte,WR,0.98%,3.1
191,5245582148,trackfreek (1/2),0,190,DST Jaguars  FLEX Bijan Robinson QB Trevor Lawrence RB Kyren Williams RB David Montgomery TE Isaiah Likely WR Davante Adams WR Jayden Reed WR Jalen Coker,,KC Concepcion,WR,0.97%,8.8
192,5248411890,Jerrywoudstra (2/10),0,189.96,DST Cardinals  FLEX Garrett Wilson QB Josh Allen RB Saquon Barkley RB Derrick Henry TE Colston Loveland WR Parker Washington WR DJ Moore WR Jalen Coker,,Carnell Tate,WR,0.97%,7.8
193,5244967038,thadgus,0,189.93999,DST Chiefs  FLEX Keenan Allen QB Baker Mayfield RB Bijan Robinson RB David Montgomery TE Dalton Schultz WR Justin Jefferson WR Chris Olave WR DJ Moore,,D'Andre Swift,FLEX,0.95%,35.4
194,5244591483,mld2010 (7/20),0,189.9,DST Eagles  FLEX Tucker Kraft QB Tyler Shough RB Jahmyr Gibbs RB Ashton Jeanty TE Brenton Strange WR Amon-Ra St. Brown WR Chris Olave WR Tre Tucker,,Jauan Jennings,WR,0.93%,0
194,5247043017,ajw0519 (2/2),0,189.9,DST Bills  FLEX Kenny Gainwell QB Jaxson Dart RB Derrick Henry RB David Montgomery TE Trey McBride WR Jaxon Smith-Njigba WR Ladd McConkey WR Caleb Douglas,,Bills ,DST,0.93%,6
196,5242197401,fredulma,0,189.8,DST Raiders  FLEX Jaylen Waddle QB Tyler Shough RB Jonathan Taylor RB Chase Brown TE Isaiah Likely WR Chris Olave WR Josh Downs WR Jalen Coker,,Chris Olave,FLEX,0.92%,31.2
197,5247111788,minrobertson210 (4/20),0,189.78,DST Raiders  FLEX Michael Wilson QB Jacoby Brissett RB Jahmyr Gibbs RB Jaylen Warren TE Trey McBride WR Chris Olave WR Chris Godwin Jr. WR Jalen Coker,,Dontayvion Wicks,WR,0.90%,15.3
198,5242380819,jrevelle3 (18/20),0,189.70001,DST Jaguars  FLEX Kenneth Walker III QB Trevor Lawrence RB Bijan Robinson RB Ashton Jeanty TE Michael Mayer WR George Pickens WR Parker Washington WR Jakobi Meyers,,Jacoby Brissett,QB,0.90%,16.48
199,5247048181,LadyG007 (3/4),0,189.66,DST Broncos  FLEX Travis Kelce QB Josh Allen RB Jahmyr Gibbs RB Derrick Henry TE Isaiah Likely WR Jaxon Smith-Njigba WR Jayden Reed WR Romeo Doubs,,Colts ,DST,0.89%,0
200,5244453018,codyc84 (8/20),0,189.59999,DST Jaguars  FLEX Dallas Goedert QB Jaxson Dart RB Jahmyr Gibbs RB Bijan Robinson TE Harold Fannin Jr. WR Amon-Ra St. Brown WR Tre Tucker WR Devaughn Vele,,Tony Pollard,FLEX,0.88%,4.4
200,5244591495,mld2010 (19/20),0,189.59999,DST Browns  FLEX Saquon Barkley QB Jaxson Dart RB Bijan Robinson RB Derrick Henry TE Isaiah Likely WR Amon-Ra St. Brown WR DK Metcalf WR Devaughn Vele,,Jordan Love,QB,0.87%,24.48
202,5247985423,tndkd (14/20),0,189.51999,DST Jaguars  FLEX Michael Mayer QB Jalen Hurts RB Jahmyr Gibbs RB David Montgomery TE Juwan Johnson WR Justin Jefferson WR Emeka Egbuka WR Ladd McConkey,,Darren Waller,TE,0.86%,4.8
202,5248125070,tndkd (16/20),0,189.51999,DST Jaguars  FLEX Juwan Johnson QB Jalen Hurts RB Jahmyr Gibbs RB David Montgomery TE Michael Mayer WR Justin Jefferson WR Emeka Egbuka WR Ladd McConkey,,J.K. Dobbins,RB,0.85%,3.6
204,5247541405,RumRnr64 (9/20),0,189.5,DST Raiders  FLEX Bijan Robinson QB Brock Purdy RB Christian McCaffrey RB Travis Etienne Jr. TE Juwan Johnson WR Chris Olave WR Zay Flowers WR Devaughn Vele,,Jadarian Price,FLEX,0.84%,7.8
205,5247000432,dfashaw (2/3),0,189.43999,DST Jets  FLEX Christian McCaffrey QB Jared Goff RB Jahmyr Gibbs RB D'Andre Swift TE Michael Mayer WR Justin Jefferson WR Mike Evans WR Devaughn Vele,,Rome Odunze,WR,0.84%,7.2
206,5240400259,tlynch0 (7/20),0,189.4,DST Jaguars  FLEX CeeDee Lamb QB Tyler Shough RB Jahmyr Gibbs RB Travis Etienne Jr. TE Juwan Johnson WR Chris Olave WR Garrett Wilson WR Devaughn Vele,,Saints ,DST,0.84%,2
207,5247297230,nwspring52 (4/10),0,189.2,DST Jaguars  FLEX D'Andre Swift QB Tyler Shough RB Chase Brown RB Omarion Hampton TE Sam LaPorta WR Chris Olave WR Josh Downs WR Jalen Coker,,Terrance Ferguson,TE,0.83%,0
207,5247297231,nwspring52 (5/10),0,189.2,DST Jaguars  FLEX D'Andre Swift QB Tyler Shough RB Chase Brown RB Omarion Hampton TE Sam LaPorta WR Chris Olave WR Josh Downs WR Jalen Coker,,DeVonta Smith,FLEX,0.83%,8.3
207,5247297232,nwspring52 (6/10),0,189.2,DST Jaguars  FLEX D'Andre Swift QB Tyler Shough RB Chase Brown RB Omarion Hampton TE Sam LaPorta WR Chris Olave WR Josh Downs WR Jalen Coker,,Harold Fannin Jr.,FLEX,0.82%,4.1
207,5248514597,nwspring52 (8/10),0,189.2,DST Jaguars  FLEX D'Andre Swift QB Tyler Shough RB Chase Brown RB Omarion Hampton TE Sam LaPorta WR Chris Olave WR Josh Downs WR Jalen Coker,,Tyler Warren,FLEX,0.82%,10.3
207,5248514613,nwspring52 (10/10),0,189.2,DST Jaguars  FLEX D'Andre Swift QB Tyler Shough RB Chase Brown RB Omarion Hampton TE Sam LaPorta WR Chris Olave WR Josh Downs WR Jalen Coker,,Puka Nacua,FLEX,0.82%,12.4
212,5247940094,2briar (16/20),0,189.1,DST Cardinals  FLEX Cam Skattebo QB Tyler Shough RB Jahmyr Gibbs RB Travis Etienne Jr. TE Juwan Johnson WR Chris Olave WR Zay Flowers WR Wan'Dale Robinson,,Oronde Gadsden II,TE,0.81%,5.2
212,5245505232,micfresh410 (1/2),0,189.09999,DST Dolphins  FLEX Bijan Robinson QB Malik Willis RB Jahmyr Gibbs RB David Montgomery TE Dalton Kincaid WR Chris Olave WR Garrett Wilson WR Chris Bell,,Ja'Marr Chase,FLEX,0.80%,3.2
212,5248241586,TEXSAN (9/20),0,189.09999,DST Commanders  FLEX Jahmyr Gibbs QB Tyler Shough RB Bijan Robinson RB Christian McCaffrey TE Michael Mayer WR Chris Olave WR Garrett Wilson WR Devaughn Vele,,Kyle Pitts Sr.,FLEX,0.80%,0
215,5244801010,MR.18ZPEEEED (2/20),0,189.06,DST Commanders  FLEX Ladd McConkey QB Caleb Williams RB Jahmyr Gibbs RB D'Andre Swift TE Dallas Goedert WR Jameson Williams WR Garrett Wilson WR Luther Burden III,,Amon-Ra St. Brown,FLEX,0.80%,28.7
215,5244801012,MR.18ZPEEEED (4/20),0,189.06,DST Commanders  FLEX Ladd McConkey QB Caleb Williams RB Jahmyr Gibbs RB D'Andre Swift TE Dallas Goedert WR Jameson Williams WR Garrett Wilson WR Luther Burden III,,Tyler Allgeier,RB,0.80%,9
217,5244326730,hatanshoes (4/6),0,189,DST Bengals  FLEX Jalen Coker QB Tyler Shough RB Jahmyr Gibbs RB Saquon Barkley TE Harold Fannin Jr. WR Ja'Marr Chase WR Chris Olave WR Devaughn Vele,,Bengals ,DST,0.79%,18
218,5248497376,warwick.maulers,0,188.76,DST Jaguars  FLEX Jahmyr Gibbs QB Patrick Mahomes RB Saquon Barkley RB Cam Skattebo TE Dalton Kincaid WR DJ Moore WR Michael Wilson WR Jalen Coker,,Dalton Schultz,FLEX,0.79%,7.5
219,5243843481,DrFink (6/20),0,188.65999,DST Jaguars  FLEX MarShawn Lloyd QB Josh Allen RB Jahmyr Gibbs RB Bijan Robinson TE Gunnar Helm WR Amon-Ra St. Brown WR Khalil Shakir WR Devaughn Vele,,Blake Corum,RB,0.78%,5.4
220,5239886785,AARGH13 (15/20),0,188.6,DST Jets  FLEX Kenneth Walker III QB Trevor Lawrence RB Jahmyr Gibbs RB Rhamondre Stevenson TE Isaiah Likely WR Tee Higgins WR Parker Washington WR Chris Godwin Jr.,,Bhayshul Tuten,RB,0.78%,9.8
220,5245401550,Campa103 (1/3),0,188.59999,DST Raiders  FLEX Omarion Hampton QB Jaxson Dart RB Jahmyr Gibbs RB Saquon Barkley TE Dallas Goedert WR Chris Olave WR Jalen Coker WR Rashid Shaheed,,Tucker Kraft,FLEX,0.78%,9.5
220,5246583505,jcobb04 (1/20),0,188.59999,DST Jaguars  FLEX DeVonta Smith QB Tyler Shough RB Jahmyr Gibbs RB Bijan Robinson TE Juwan Johnson WR Chris Olave WR Quentin Johnston WR Devaughn Vele,,Mike Washington Jr.,RB,0.76%,4.1
223,5242122457,Dotzism (4/20),0,188.45999,DST Browns  FLEX Kenneth Walker III QB Joe Burrow RB Jahmyr Gibbs RB Rhamondre Stevenson TE Michael Mayer WR Nico Collins WR Christian Watson WR Deebo Samuel Sr.,,Tre Tucker,FLEX,0.74%,4.7
224,5248295429,omegaxman (12/20),0,188.34,DST Browns  FLEX Ashton Jeanty QB Jared Goff RB Jahmyr Gibbs RB Rhamondre Stevenson TE Sam LaPorta WR Amon-Ra St. Brown WR Chris Olave WR Caleb Douglas,,Rhamondre Stevenson,FLEX,0.73%,14.5
225,5245688002,team-ATX,0,188.29999,DST Jaguars  FLEX Michael Mayer QB Tyler Shough RB Jahmyr Gibbs RB Bijan Robinson TE Juwan Johnson WR Chris Olave WR Jameson Williams WR Garrett Wilson,,Trey McBride,FLEX,0.73%,24.5
225,5247530762,SleepyW (11/20),0,188.29999,DST Broncos  FLEX Michael Mayer QB Tyler Shough RB Jahmyr Gibbs RB Bijan Robinson TE Juwan Johnson WR Amon-Ra St. Brown WR Chris Olave WR Quentin Johnston,,Jaylen Warren,FLEX,0.72%,11.3
227,5248504545,clipschutz (4/20),0,188.2,DST Cardinals  FLEX Ashton Jeanty QB Trevor Lawrence RB Jahmyr Gibbs RB Derrick Henry TE Michael Mayer WR Ja'Marr Chase WR Parker Washington WR KC Concepcion,,Jalen Nailor,WR,0.72%,5.7
228,5248472468,llllllllllllllllIll (9/20),0,188,DST Jaguars  FLEX Kenneth Walker III QB Jaxson Dart RB De'Von Achane RB Derrick Henry TE T.J. Hockenson WR Malik Nabers WR Chris Olave WR Tre Tucker,,Ja'Kobi Lane,WR,0.71%,2.1
229,5245356076,mammen (9/20),0,187.94,DST Seahawks  FLEX Chase Brown QB Bryce Young RB Derrick Henry RB Travis Etienne Jr. TE Colston Loveland WR Tetairoa McMillan WR Parker Washington WR Jalen Coker,,Ryan Flournoy,WR,0.70%,4.2
230,5244591485,mld2010 (9/20),0,187.7,DST Ravens  FLEX Marvin Harrison Jr. QB Tyler Shough RB Jahmyr Gibbs RB Ashton Jeanty TE Brenton Strange WR Amon-Ra St. Brown WR Chris Olave WR Tre Tucker,,Drake London,FLEX,0.70%,5.5
230,5248241596,TEXSAN (19/20),0,187.7,DST Jaguars  FLEX Sam LaPorta QB Tyler Shough RB Bijan Robinson RB Christian McCaffrey TE Brenton Strange WR Jaxon Smith-Njigba WR Chris Olave WR Devaughn Vele,,Mark Andrews,FLEX,0.69%,8.9
232,5246687014,Jspaletta24 (11/20),0,187.61998,DST Cardinals  FLEX Juwan Johnson QB Kyler Murray RB Jahmyr Gibbs RB Javonte Williams TE Michael Mayer WR Jaxon Smith-Njigba WR Justin Jefferson WR Chris Olave,,Jordan Mason,RB,0.68%,11.9
233,5244021418,NJ127,0,187.6,DST Steelers  FLEX DJ Moore QB Jaxson Dart RB Travis Etienne Jr. RB Cam Skattebo TE Trey McBride WR Christian Watson WR Parker Washington WR Michael Wilson,,David Njoku,TE,0.68%,10.8
233,5244471890,dunte82 (1/2),0,187.59999,DST Falcons  FLEX Hunter Henry QB Tyler Shough RB Jahmyr Gibbs RB Bijan Robinson TE Juwan Johnson WR Jaxon Smith-Njigba WR CeeDee Lamb WR Devaughn Vele,,Jayden Daniels,QB,0.68%,17.66
235,5248514041,Max4Play (19/20),0,187.45999,DST Jets  FLEX DeVonta Smith QB Lamar Jackson RB Jahmyr Gibbs RB Ashton Jeanty TE Mark Andrews WR Zay Flowers WR Alec Pierce WR Devaughn Vele,,Mike Gesicki,TE,0.66%,18.8
236,5247844818,saintsdub,0,187.3,DST Seahawks  FLEX Kyren Williams QB Tyler Shough RB Jahmyr Gibbs RB Bijan Robinson TE Juwan Johnson WR Parker Washington WR Deebo Samuel Sr. WR Khalil Shakir,,Garrett Wilson,FLEX,0.65%,13.9
237,5246274622,SpeedRacer101 (12/20),0,187.2,DST Browns  FLEX Kenneth Walker III QB Tyler Shough RB Jahmyr Gibbs RB Christian McCaffrey TE Juwan Johnson WR Chris Olave WR Ladd McConkey WR Tre Tucker,,Rashee Rice,FLEX,0.63%,9.9
238,5244801027,MR.18ZPEEEED (19/20),0,187.18,DST Texans  FLEX Ladd McConkey QB Jacoby Brissett RB Jahmyr Gibbs RB D'Andre Swift TE Dallas Goedert WR Amon-Ra St. Brown WR Parker Washington WR Wan'Dale Robinson,,Mason Taylor,TE,0.62%,1.8
238,5244801028,MR.18ZPEEEED (20/20),0,187.18,DST Texans  FLEX Ladd McConkey QB Jacoby Brissett RB Jahmyr Gibbs RB D'Andre Swift TE Dallas Goedert WR Amon-Ra St. Brown WR Parker Washington WR Wan'Dale Robinson,,Aaron Rodgers,QB,0.62%,12.54
240,5245669388,GamerWing,0,187.05998,DST Dolphins  FLEX Chris Rodriguez Jr. QB Josh Allen RB Jahmyr Gibbs RB Javonte Williams TE Dallas Goedert WR Chris Olave WR DJ Moore WR Rashid Shaheed,,Justin Jefferson,FLEX,0.60%,31.2
241,5240450533,dethan (1/2),0,187,DST Chiefs  FLEX Bijan Robinson QB Jaxson Dart RB Chase Brown RB David Montgomery TE Juwan Johnson WR Justin Jefferson WR Parker Washington WR Malachi Fields,,Khalil Shakir,WR,0.60%,9
242,5247033970,Tdog1511 (20/20),0,186.95999,DST Jets  FLEX Dalton Schultz QB Lamar Jackson RB Jahmyr Gibbs RB Bijan Robinson TE Juwan Johnson WR Jaxon Smith-Njigba WR Zay Flowers WR Rashod Bateman,,Davante Adams,FLEX,0.59%,5.6
243,5241190227,bobbymo87 (15/20),0,186.94,DST Seahawks  FLEX Jalen Coker QB Bryce Young RB Jahmyr Gibbs RB Bijan Robinson TE Darren Waller WR Tee Higgins WR Jameson Williams WR Michael Wilson,,Jakobi Meyers,WR,0.59%,12.2
244,5243425898,abrowder420 (19/20),0,186.86,DST Saints  FLEX Darren Waller QB Josh Allen RB James Cook III RB De'Von Achane TE Dallas Goedert WR Jaxon Smith-Njigba WR Chris Olave WR Jalen Coker,,Buccaneers ,DST,0.57%,9
244,5247626448,whiteboywill (3/4),0,186.85999,DST Bears  FLEX Ashton Jeanty QB Justin Herbert RB Derrick Henry RB Javonte Williams TE Tucker Kraft WR Chris Olave WR DJ Moore WR Quentin Johnston,,Deebo Samuel Sr.,FLEX,0.57%,18
246,5239989615,liko42 (1/15),0,186.83998,DST Jaguars  FLEX Jahmyr Gibbs QB Bryce Young RB De'Von Achane RB Saquon Barkley TE Trey McBride WR Romeo Doubs WR Jalen Coker WR Devaughn Vele,,Tetairoa McMillan,FLEX,0.57%,11.5
247,5246076724,Christianmc (6/20),0,186.76,DST Jets  FLEX MarShawn Lloyd QB Caleb Williams RB Jahmyr Gibbs RB Christian McCaffrey TE Juwan Johnson WR Jaxon Smith-Njigba WR Jayden Reed WR Jalen Coker,,T.J. Hockenson,FLEX,0.57%,13.6
248,5245067486,jtsnakester (8/20),0,186.7,DST Browns  FLEX Omarion Hampton QB Tyler Shough RB Jahmyr Gibbs RB Breece Hall TE Dalton Schultz WR Jaxon Smith-Njigba WR Chris Olave WR Devaughn Vele,,Jaylen Waddle,FLEX,0.55%,1.2
249,5246552724,kmilton2013 (10/10),0,186.66002,DST Lions  FLEX Kenneth Walker III QB Josh Allen RB Jahmyr Gibbs RB Derrick Henry TE Travis Kelce WR Michael Wilson WR Marvin Harrison Jr. WR Jauan Jennings,,Jalen Coker,FLEX,0.55%,36.8
250,5243265054,rb477000 (4/5),0,186.6,DST Jaguars  FLEX Javonte Williams QB Tyler Shough RB Chase Brown RB Breece Hall TE Travis Kelce WR Chris Olave WR Parker Washington WR Deebo Samuel Sr.,,Adonai Mitchell,WR,0.55%,9
250,5247270299,sationsema (1/6),0,186.59999,DST Chargers  FLEX Juwan Johnson QB Tyler Shough RB Jahmyr Gibbs RB Travis Etienne Jr. TE Sam LaPorta WR Amon-Ra St. Brown WR Chris Olave WR Devaughn Vele,,Devaughn Vele,FLEX,0.55%,19.9
250,5248366655,Ullys (18/20),0,186.59999,DST Ravens  FLEX Jahmyr Gibbs QB Trevor Lawrence RB Derrick Henry RB Rhamondre Stevenson TE Mark Andrews WR Justin Jefferson WR Parker Washington WR Tre Tucker,,Greg Dulcich,TE,0.54%,3.8
253,5245651183,Tampashabbychic (6/6),0,186.56,DST Jets  FLEX Isaiah Likely QB Josh Allen RB Travis Etienne Jr. RB Bucky Irving TE Colston Loveland WR Jaxon Smith-Njigba WR Christian Watson WR Alec Pierce,,Cam Ward,QB,0.54%,11.7
254,5248352823,JERKER19 (3/6),0,186.53998,DST Jaguars  FLEX Michael Mayer QB Jared Goff RB Jahmyr Gibbs RB Bijan Robinson TE Juwan Johnson WR Amon-Ra St. Brown WR Chris Olave WR Tre Tucker,,Commanders ,DST,0.54%,3
254,5248500077,JERKER19 (6/6),0,186.53998,DST Jaguars  FLEX Michael Mayer QB Jared Goff RB Jahmyr Gibbs RB Bijan Robinson TE Juwan Johnson WR Amon-Ra St. Brown WR Chris Olave WR Tre Tucker,,Jake Ferguson,FLEX,0.54%,2.6
256,5245759681,sacking (3/20),0,186.5,DST Steelers  FLEX Javonte Williams QB Cam Ward RB Jahmyr Gibbs RB Bijan Robinson TE Gunnar Helm WR Jaxon Smith-Njigba WR Carnell Tate WR Devaughn Vele,,Odell Beckham Jr.,WR,0.53%,0
257,5245404815,Haku17 (2/2),0,186.4,DST Rams  FLEX Jahmyr Gibbs QB Jaxson Dart RB Kenneth Walker III RB Bucky Irving TE Isaiah Likely WR Tetairoa McMillan WR Brian Thomas Jr. WR Stefon Diggs,,Woody Marks,RB,0.52%,5
258,5248231894,tstyron174 (3/3),0,186.34,DST Jets  FLEX Bijan Robinson QB Bryce Young RB Jahmyr Gibbs RB Kyren Williams TE Cade Otton WR Jaylen Waddle WR Garrett Wilson WR Jalen Coker,,Nico Collins,FLEX,0.51%,21.2
259,5243717263,Coachlars (9/20),0,186.3,DST Jets  FLEX Tee Higgins QB Tyler Shough RB Jahmyr Gibbs RB Kenneth Walker III TE Juwan Johnson WR Chris Olave WR Alec Pierce WR Michael Pittman Jr.,,Aaron Jones Sr.,RB,0.50%,10
260,5246907205,jointpuffs (8/10),0,186.26,DST Rams  FLEX David Montgomery QB Caleb Williams RB Derrick Henry RB Javonte Williams TE Dalton Kincaid WR Davante Adams WR DJ Moore WR Jayden Reed,,Panthers ,DST,0.50%,0
261,5247628728,whiteboywill (4/4),0,186.2,DST Raiders  FLEX Amon-Ra St. Brown QB Trevor Lawrence RB De'Von Achane RB D'Andre Swift TE Dallas Goedert WR Garrett Wilson WR Parker Washington WR Stefon Diggs,,Jeremiyah Love,RB,0.50%,13
262,5247647548,tjwwow21 (4/5),0,186.16,DST Jaguars  FLEX Bhayshul Tuten QB Lamar Jackson RB Jonathan Taylor RB Kenneth Walker III TE Mark Andrews WR Chris Olave WR Zay Flowers WR Ja'Kobi Lane,,Pat Freiermuth,TE,0.50%,15.6
263,5241027493,hughes41 (11/20),0,186.04001,DST Lions  FLEX Dallas Goedert QB Jared Goff RB Jahmyr Gibbs RB Rhamondre Stevenson TE Sam LaPorta WR Amon-Ra St. Brown WR Jameson Williams WR Jalen Coker,,Isaiah Likely,FLEX,0.50%,27.8
264,5247940089,2briar (11/20),0,186,DST Commanders  FLEX Derrick Henry QB Tyler Shough RB Jahmyr Gibbs RB Chase Brown TE Juwan Johnson WR Chris Olave WR Wan'Dale Robinson WR Darnell Mooney,,Charlie Kolar,TE,0.50%,0
265,5248344868,cbrown9833,0,185.95999,DST Seahawks  FLEX Cade Otton QB Josh Allen RB Jahmyr Gibbs RB Javonte Williams TE Dalton Kincaid WR Nico Collins WR Ladd McConkey WR Cooper Kupp,,Rico Dowdle,FLEX,0.49%,4.1
266,5244285946,jcabernethy12 (6/6),0,185.94,DST Jaguars  FLEX Dallas Goedert QB Aaron Rodgers RB Jahmyr Gibbs RB Travis Etienne Jr. TE Pat Freiermuth WR Ja'Marr Chase WR Amon-Ra St. Brown WR Jalen Coker,,RJ Harvey,FLEX,0.48%,8.1
267,5248435875,monileo12 (15/20),0,185.9,DST Jaguars  FLEX Chris Olave QB Tyler Shough RB Jahmyr Gibbs RB Jonathan Taylor TE Juwan Johnson WR Puka Nacua WR Devaughn Vele WR Ja'Kobi Lane,,Chuba Hubbard,RB,0.48%,23.7
268,5246696486,rruffrryddazz (14/20),0,185.86,DST Texans  FLEX Christian Watson QB Lamar Jackson RB David Montgomery RB Jordan Mason TE Juwan Johnson WR Justin Jefferson WR Zay Flowers WR Carnell Tate,,James Cook III,FLEX,0.48%,9.9
268,5248515606,tristan214 (12/20),0,185.86,DST Jaguars  FLEX Michael Mayer QB Caleb Williams RB De'Von Achane RB D'Andre Swift TE Colston Loveland WR Puka Nacua WR Chris Olave WR Jalen Coker,,Kenny Gainwell,FLEX,0.47%,2.8
268,5244730420,ttalan (2/10),0,185.85999,DST Giants  FLEX Dalton Schultz QB Justin Herbert RB Jahmyr Gibbs RB Bijan Robinson TE Juwan Johnson WR Jaxon Smith-Njigba WR Amon-Ra St. Brown WR Devaughn Vele,,Jameson Williams,FLEX,0.47%,8.5
268,5245878876,yenoham1 (1/4),0,185.85999,DST Giants  FLEX Dalton Schultz QB Justin Herbert RB Jahmyr Gibbs RB Bijan Robinson TE Juwan Johnson WR Jaxon Smith-Njigba WR Amon-Ra St. Brown WR Devaughn Vele,,Chris Godwin Jr.,FLEX,0.46%,8.3
272,5242678615,taxman1228 (3/9),0,185.79999,DST Raiders  FLEX Travis Etienne Jr. QB Jaxson Dart RB Jahmyr Gibbs RB Bijan Robinson TE Mark Andrews WR Amon-Ra St. Brown WR Jayden Reed WR Devaughn Vele,,Brock Bowers,TE,0.44%,0
273,5240246461,Relaunch (2/5),0,185.76,DST Raiders  FLEX Ashton Jeanty QB Justin Herbert RB Jahmyr Gibbs RB Bijan Robinson TE Sam LaPorta WR Ladd McConkey WR Jayden Reed WR Devaughn Vele,,Parker Washington,FLEX,0.42%,19.3
274,5246006743,olewr7 (13/20),0,185.73999,DST Jets  FLEX Justin Jefferson QB Jared Goff RB Jahmyr Gibbs RB Derrick Henry TE Mason Taylor WR Amon-Ra St. Brown WR Deebo Samuel Sr. WR Darnell Mooney,,Hunter Henry,FLEX,0.41%,5.6
274,5248061961,jgAllDay (11/20),0,185.73999,DST Packers  FLEX Ashton Jeanty QB Baker Mayfield RB Jahmyr Gibbs RB Bijan Robinson TE Cade Otton WR Chris Olave WR Wan'Dale Robinson WR Devaughn Vele,,DeMario Douglas,WR,0.41%,7
276,5248349269,Ullys (2/20),0,185.6,DST Lions  FLEX Travis Kelce QB Trevor Lawrence RB Jahmyr Gibbs RB Derrick Henry TE Brenton Strange WR Jaxon Smith-Njigba WR Parker Washington WR Tre Tucker,,Chig Okonkwo,TE,0.41%,3.6
276,5247248921,Kingvisions,0,185.59999,DST Jets  FLEX Omarion Hampton QB Tyler Shough RB Jahmyr Gibbs RB Bijan Robinson TE Michael Mayer WR Chris Olave WR Tee Higgins WR Devaughn Vele,,Mike Washington Jr.,FLEX,0.40%,4.1
276,5247940095,2briar (17/20),0,185.59999,DST Cardinals  FLEX Darnell Mooney QB Trevor Lawrence RB Jahmyr Gibbs RB D'Andre Swift TE Mark Andrews WR Puka Nacua WR Chris Olave WR Parker Washington,,George Holani,RB,0.40%,2.9
276,5248504557,clipschutz (16/20),0,185.59999,DST Texans  FLEX Parker Washington QB Trevor Lawrence RB Jahmyr Gibbs RB Bucky Irving TE Michael Mayer WR Chris Olave WR Zay Flowers WR Garrett Wilson,,Kenyon Sadiq,TE,0.39%,11.4
280,5242283153,nick27221,0,185.50002,DST Jets  FLEX Travis Kelce QB Jaxson Dart RB Jahmyr Gibbs RB Rhamondre Stevenson TE Sam LaPorta WR Puka Nacua WR Amon-Ra St. Brown WR Jalen Coker,,Luther Burden III,FLEX,0.39%,10.5
280,5243945230,rkjniner,0,185.50002,DST Jets  FLEX Travis Kelce QB Jaxson Dart RB Jahmyr Gibbs RB Rhamondre Stevenson TE Sam LaPorta WR Puka Nacua WR Amon-Ra St. Brown WR Jalen Coker,,Darnell Mooney,WR,0.38%,4.7
280,5247342793,westh8bamix (5/20),0,185.5,DST Jaguars  FLEX Omarion Hampton QB Trevor Lawrence RB Jahmyr Gibbs RB Derrick Henry TE Michael Mayer WR Jaxon Smith-Njigba WR Parker Washington WR Chris Bell,,Emeka Egbuka,FLEX,0.38%,11.3
280,5247940083,2briar (5/20),0,185.5,DST 49ers  FLEX Ashton Jeanty QB Tyler Shough RB Jahmyr Gibbs RB Travis Etienne Jr. TE Juwan Johnson WR Chris Olave WR George Pickens WR Wan'Dale Robinson,,Brenton Strange,FLEX,0.37%,10.3
284,5248505274,Max4Play (12/20),0,185.3,DST Jaguars  FLEX Saquon Barkley QB Tyler Shough RB Jahmyr Gibbs RB Jonathan Taylor TE Michael Mayer WR Chris Olave WR Alec Pierce WR Devaughn Vele,,Tee Higgins,FLEX,0.37%,8.9
284,5247348479,Geebomb,0,185.29999,DST Jaguars  FLEX Cam Skattebo QB Tyler Shough RB Jahmyr Gibbs RB Bucky Irving TE Juwan Johnson WR Chris Olave WR Garrett Wilson WR Michael Wilson,,Romeo Doubs,FLEX,0.36%,0
286,5248098546,bfitm17 (18/20),0,185.24,DST Titans  FLEX Jalen Coker QB Jared Goff RB Jahmyr Gibbs RB Javonte Williams TE Michael Mayer WR Puka Nacua WR Amon-Ra St. Brown WR Devaughn Vele,,Calvin Ridley,WR,0.36%,0
287,5245206940,Balldunker (2/15),0,185.19998,DST 49ers  FLEX Rashid Shaheed QB Tyler Shough RB Jahmyr Gibbs RB Javonte Williams TE Juwan Johnson WR Amon-Ra St. Brown WR Chris Olave WR Luther Burden III,,Rashid Shaheed,FLEX,0.36%,1.4
288,5247452617,rsumrall (16/20),0,185.09999,DST Titans  FLEX Jahmyr Gibbs QB Trevor Lawrence RB Jonathan Taylor RB D'Andre Swift TE Michael Mayer WR Ladd McConkey WR Parker Washington WR Jakobi Meyers,,Rashod Bateman,WR,0.36%,0
289,5240700012,paintgirl (19/20),0,185,DST Jaguars  FLEX Tre Tucker QB Tyler Shough RB Jahmyr Gibbs RB De'Von Achane TE Travis Kelce WR Amon-Ra St. Brown WR Chris Olave WR Devaughn Vele,,Gunnar Helm,TE,0.35%,6.8
289,5247940092,2briar (14/20),0,185,DST Rams  FLEX Derrick Henry QB Tyler Shough RB Jahmyr Gibbs RB Chase Brown TE Juwan Johnson WR Chris Olave WR Wan'Dale Robinson WR Darnell Mooney,,Troy Franklin,WR,0.34%,0.5
291,5243991357,JPLosman0711 (1/20),0,184.85999,DST Jets  FLEX Rhamondre Stevenson QB Lamar Jackson RB Jahmyr Gibbs RB Bijan Robinson TE Mark Andrews WR Zay Flowers WR Josh Downs WR Devaughn Vele,,DJ Moore,FLEX,0.34%,24
292,5243038826,Chrisplay27,0,184.84,DST Seahawks  FLEX Jaylen Warren QB Bryce Young RB Jahmyr Gibbs RB Jadarian Price TE Brenton Strange WR Jaxon Smith-Njigba WR Justin Jefferson WR Adonai Mitchell,,Breece Hall,FLEX,0.34%,22.8
293,5247458209,IHATEbrady1,0,184.79999,DST Bears  FLEX Cole Kmet QB Brock Purdy RB Bijan Robinson RB Jonathan Taylor TE Dallas Goedert WR Jaxon Smith-Njigba WR Chris Olave WR Quentin Johnston,,Cooper Kupp,FLEX,0.34%,5.5
294,5246272629,HerbiesCuz (3/3),0,184.76,DST Seahawks  FLEX Cooper Kupp QB Josh Allen RB David Montgomery RB Rhamondre Stevenson TE Brenton Strange WR Justin Jefferson WR Chris Olave WR Tetairoa McMillan,,Marvin Harrison Jr.,FLEX,0.33%,4.3
295,5248450940,drigamat (3/3),0,184.7,DST Dolphins  FLEX Jahmyr Gibbs QB Jaxson Dart RB Javonte Williams RB D'Andre Swift TE Tucker Kraft WR Chris Olave WR Tetairoa McMillan WR Tre Tucker,,Wan'Dale Robinson,FLEX,0.33%,8.8
296,5240496816,kyhillbillie,0,184.66,DST Raiders  FLEX Derrick Henry QB Lamar Jackson RB Saquon Barkley RB David Montgomery TE Colby Parkinson WR Chris Olave WR Zay Flowers WR Tre Tucker,,Mack Hollins,WR,0.33%,9.1
297,5247696395,marcbrown04,0,184.62001,DST Rams  FLEX Kenneth Walker III QB Drake Maye RB Jonathan Taylor RB Travis Etienne Jr. TE Dalton Kincaid WR Jaxon Smith-Njigba WR Jalen Coker WR Xavier Worthy,,Jerry Jeudy,WR,0.33%,4.6
298,5244200947,lufo20 (2/2),0,184.6,DST Jaguars  FLEX Michael Wilson QB Jaxson Dart RB Jahmyr Gibbs RB Bijan Robinson TE Isaiah Likely WR Garrett Wilson WR Parker Washington WR Malachi Fields,,Pat Bryant,WR,0.33%,8.2
298,5246078578,Catblue1230,0,184.6,DST Jaguars  FLEX Ashton Jeanty QB Trevor Lawrence RB Bijan Robinson RB Bucky Irving TE Michael Mayer WR Amon-Ra St. Brown WR Parker Washington WR Calvin Ridley,,Travis Hunter,WR,0.33%,2.1
300,5247968981,tndkd (2/20),0,184.5,DST Jets  FLEX Michael Mayer QB Jaxson Dart RB Jahmyr Gibbs RB Bijan Robinson TE Sam LaPorta WR Puka Nacua WR Amon-Ra St. Brown WR Devaughn Vele,,Xavier Worthy,FLEX,0.32%,4.8
300,5247036073,HouseofRacing (2/20),0,184.49998,DST Steelers  FLEX Travis Etienne Jr. QB Tyler Shough RB Christian McCaffrey RB Rhamondre Stevenson TE Juwan Johnson WR Amon-Ra St. Brown WR Justin Jefferson WR Devaughn Vele,,Zay Flowers,FLEX,0.31%,29
302,5247224555,Stree (15/20),0,184.45999,DST Ravens  FLEX Michael Mayer QB Justin Herbert RB Jahmyr Gibbs RB Derrick Henry TE Dalton Schultz WR Nico Collins WR Chris Olave WR Ladd McConkey,,Andrei Iosivas,WR,0.31%,3.2
303,5248061960,jgAllDay (10/20),0,184.43999,DST Browns  FLEX Luther Burden III QB Bryce Young RB Jahmyr Gibbs RB Derrick Henry TE Colston Loveland WR Chris Olave WR Tetairoa McMillan WR Devaughn Vele,,Quinshon Judkins,FLEX,0.31%,7
304,5246013389,GmonyDS (5/12),0,184.42,DST Rams  FLEX Jonathan Taylor QB Cooper Rush RB Jahmyr Gibbs RB Bijan Robinson TE Michael Mayer WR Amon-Ra St. Brown WR Jayden Reed WR Jalen Coker,,Chris Rodriguez Jr.,RB,0.30%,2.3
305,5243143394,renegade (10/20),0,184.38,DST Jets  FLEX Michael Mayer QB Jordan Love RB Jahmyr Gibbs RB Rhamondre Stevenson TE Tyler Warren WR Puka Nacua WR Chris Olave WR Christian Watson,,A.J. Brown,FLEX,0.30%,5.6
306,5242927502,Milburnj (1/2),0,184.29999,DST Chiefs  FLEX Dalton Schultz QB Tyler Shough RB Jahmyr Gibbs RB Bijan Robinson TE Juwan Johnson WR Ja'Marr Chase WR Jaxon Smith-Njigba WR Devaughn Vele,,Chris Bell,WR,0.30%,3.5
307,5244591491,mld2010 (15/20),0,184.14,DST Commanders  FLEX Chris Olave QB Jared Goff RB Bijan Robinson RB Rhamondre Stevenson TE Travis Kelce WR Amon-Ra St. Brown WR Zay Flowers WR Devaughn Vele,,Makai Lemon,FLEX,0.29%,2.5
308,5248358271,Ullys (12/20),0,184.09999,DST Raiders  FLEX Tucker Kraft QB Tyler Shough RB Jahmyr Gibbs RB Jonathan Taylor TE Juwan Johnson WR Ja'Marr Chase WR Chris Olave WR Devaughn Vele,,Michael Wilson,FLEX,0.29%,10.6
309,5245747542,Donso (2/2),0,184,DST Raiders  FLEX Jahmyr Gibbs QB Jaxson Dart RB Bijan Robinson RB Christian McCaffrey TE Colston Loveland WR Jayden Reed WR Jalen Coker WR Devaughn Vele,,Courtland Sutton,FLEX,0.29%,3.1
309,5246650699,Gibberellins85,0,183.99998,DST Jaguars  FLEX Justin Jefferson QB Tyler Shough RB Omarion Hampton RB Derrick Henry TE Juwan Johnson WR Ladd McConkey WR Garrett Wilson WR Matthew Golden,,Michael Pittman Jr.,FLEX,0.29%,8.8
311,5240401359,mikygittings (9/20),0,183.92,DST Bills  FLEX Nico Collins QB Jalen Hurts RB Javonte Williams RB David Montgomery TE Dallas Goedert WR DeVonta Smith WR Alec Pierce WR Jalen Coker,,Dalton Kincaid,FLEX,0.28%,21
312,5245218224,Balldunker (5/15),0,183.9,DST Jets  FLEX Mike Washington Jr. QB Tyler Shough RB Jahmyr Gibbs RB Javonte Williams TE Colston Loveland WR Amon-Ra St. Brown WR Chris Olave WR Devaughn Vele,,Evan Engram,TE,0.28%,14.3
312,5245445349,LTskelter (7/20),0,183.9,DST Falcons  FLEX Tyler Warren QB Tyler Shough RB Derrick Henry RB Bucky Irving TE Juwan Johnson WR Amon-Ra St. Brown WR Chris Olave WR Drake London,,Cooper Rush,QB,0.27%,7.72
312,5248441353,Jazz1566,0,183.9,DST Cardinals  FLEX Garrett Wilson QB Trevor Lawrence RB Bijan Robinson RB D'Andre Swift TE Travis Kelce WR Zay Flowers WR Tee Higgins WR Ladd McConkey,,Cade Otton,FLEX,0.27%,5.6
315,5248479216,Derricotte,0,183.86,DST Raiders  FLEX Rhamondre Stevenson QB Lamar Jackson RB Jahmyr Gibbs RB Jonathan Taylor TE Sam LaPorta WR Zay Flowers WR Jayden Reed WR Devaughn Vele,,J.K. Dobbins,FLEX,0.27%,3.6
316,5242280383,FlameThrower4 (4/20),0,183.8,DST Patriots  FLEX Bijan Robinson QB Tyler Shough RB Jahmyr Gibbs RB Rhamondre Stevenson TE Hunter Henry WR Chris Olave WR Jameson Williams WR Devaughn Vele,,Dawson Knox,TE,0.26%,1.7
317,5247530763,SleepyW (12/20),0,183.70001,DST Browns  FLEX Michael Mayer QB Tyler Shough RB Jahmyr Gibbs RB Bijan Robinson TE T.J. Hockenson WR Puka Nacua WR Chris Olave WR Ladd McConkey,,Jauan Jennings,FLEX,0.25%,0
317,5248505104,Max4Play (2/20),0,183.7,DST Raiders  FLEX Jahmyr Gibbs QB Jaxson Dart RB Bijan Robinson RB Rhamondre Stevenson TE Michael Mayer WR Puka Nacua WR Ladd McConkey WR Devaughn Vele,,De'Zhaun Stribling,FLEX,0.24%,0
319,5247018416,LOCNOTM (17/20),0,183.62,DST Steelers  FLEX Javonte Williams QB Jalen Hurts RB D'Andre Swift RB Bucky Irving TE Michael Mayer WR Nico Collins WR Davante Adams WR DJ Moore,,Tyler Higbee,TE,0.24%,2.2
320,5244453025,codyc84 (15/20),0,183.59999,DST Jaguars  FLEX Dallas Goedert QB Jaxson Dart RB Jahmyr Gibbs RB Bijan Robinson TE Juwan Johnson WR Puka Nacua WR Tre Tucker WR Devaughn Vele,,Mike Evans,FLEX,0.24%,16.9
320,5245858175,LetEmKnow (20/20),0,183.59999,DST Chiefs  FLEX Colston Loveland QB Tyler Shough RB Jahmyr Gibbs RB De'Von Achane TE Juwan Johnson WR Amon-Ra St. Brown WR Chris Olave WR Devaughn Vele,,Blake Corum,FLEX,0.24%,5.4
322,5247447010,tbjones2121 (20/20),0,183.49998,DST Jets  FLEX Javonte Williams QB Tyler Shough RB Jahmyr Gibbs RB Travis Etienne Jr. TE Juwan Johnson WR Ja'Marr Chase WR Chris Olave WR Devaughn Vele,,Woody Marks,FLEX,0.23%,5
323,5239926132,TaeTae2893,0,183.45999,DST Cardinals  FLEX Nico Collins QB Josh Allen RB Jaylen Wright RB Devin Singletary TE David Njoku WR Jaxon Smith-Njigba WR Amon-Ra St. Brown WR Justin Jefferson,,Chuba Hubbard,FLEX,0.23%,23.7
323,5247590397,Dawgs12PopPop (3/4),0,183.45999,DST Bills  FLEX Bucky Irving QB Josh Allen RB David Montgomery RB Cam Skattebo TE Dalton Kincaid WR Nico Collins WR DJ Moore WR Chris Godwin Jr.,,George Kittle,FLEX,0.23%,3.2
323,5248295435,omegaxman (18/20),0,183.45999,DST Jets  FLEX Ashton Jeanty QB Patrick Mahomes RB Jahmyr Gibbs RB Bijan Robinson TE Travis Kelce WR Puka Nacua WR Xavier Worthy WR Devaughn Vele,,Demarcus Robinson,WR,0.22%,13
326,5248332344,killejoe (3/5),0,183.4,DST Cowboys  FLEX D'Andre Swift QB Dak Prescott RB Jahmyr Gibbs RB Javonte Williams TE Dallas Goedert WR CeeDee Lamb WR Michael Pittman Jr. WR Devaughn Vele,,Tyler Allgeier,FLEX,0.22%,9
327,5247486041,Lscanson (11/20),0,183.34,DST Steelers  FLEX Sam LaPorta QB Bryce Young RB Jahmyr Gibbs RB Jadarian Price TE Dallas Goedert WR Chris Olave WR DeVonta Smith WR Tetairoa McMillan,,Jayden Reed,FLEX,0.22%,5
327,5247530769,SleepyW (18/20),0,183.33998,DST Falcons  FLEX Jahmyr Gibbs QB Jared Goff RB Bijan Robinson RB Bucky Irving TE Michael Mayer WR Amon-Ra St. Brown WR Garrett Wilson WR Devaughn Vele,,Malik Nabers,FLEX,0.22%,12.9
329,5241544133,d00dy (1/20),0,183.23999,DST Jets  FLEX Michael Mayer QB Bryce Young RB Jahmyr Gibbs RB Bijan Robinson TE Colston Loveland WR Puka Nacua WR Tetairoa McMillan WR Jalen Coker,,Bhayshul Tuten,FLEX,0.20%,9.8
330,5248145708,Bodis22,0,183.20001,DST Bears  FLEX Javonte Williams QB Trevor Lawrence RB D'Andre Swift RB Travis Etienne Jr. TE Greg Dulcich WR Justin Jefferson WR Chris Olave WR Luther Burden III,,Darius Slayton,WR,0.19%,0
330,5245757769,sacking (1/20),0,183.2,DST Steelers  FLEX Sam LaPorta QB Brock Purdy RB Jahmyr Gibbs RB Bijan Robinson TE Tyler Warren WR Jaxon Smith-Njigba WR Jayden Reed WR Devaughn Vele,,Caleb Douglas,FLEX,0.19%,14.4
330,5246343013,Ozone,0,183.2,DST Panthers  FLEX Travis Etienne Jr. QB Geno Smith RB Jahmyr Gibbs RB Ashton Jeanty TE Dallas Goedert WR Zay Flowers WR Ladd McConkey WR Garrett Wilson,,Zavion Thomas,WR,0.19%,0
330,5246274621,SpeedRacer101 (11/20),0,183.19998,DST Raiders  FLEX Chris Olave QB Tyler Shough RB Jahmyr Gibbs RB Javonte Williams TE Juwan Johnson WR Ja'Marr Chase WR Luther Burden III WR Devaughn Vele,,DK Metcalf,FLEX,0.19%,8
334,5247474213,Cpher (6/7),0,183.1,DST Rams  FLEX Jalen Coker QB Kirk Cousins RB Bucky Irving RB Rico Dowdle TE Isaiah Likely WR Amon-Ra St. Brown WR CeeDee Lamb WR Justin Jefferson,,Tommy Tremble,TE,0.19%,5.5
335,5245254514,Sirchosen (2/20),0,182.99998,DST Titans  FLEX Michael Mayer QB Tyler Shough RB Jahmyr Gibbs RB Javonte Williams TE Juwan Johnson WR Amon-Ra St. Brown WR Chris Olave WR Jameson Williams,,Tre' Harris,WR,0.18%,5
336,5247394926,wagatttack (10/12),0,182.98,DST Giants  FLEX Jahmyr Gibbs QB Jordan Love RB Kenneth Walker III RB Quinshon Judkins TE Dalton Schultz WR Emeka Egbuka WR Christian Watson WR Parker Washington,,Stefon Diggs,FLEX,0.18%,15.5
337,5243305202,bl3rf (9/20),0,182.95998,DST Jaguars  FLEX Quentin Johnston QB Lamar Jackson RB Jahmyr Gibbs RB Ashton Jeanty TE Mark Andrews WR Chris Olave WR Ladd McConkey WR Tre Tucker,,Deshaun Watson,QB,0.18%,15
338,5247687699,jamesrocco (2/20),0,182.94,DST Texans  FLEX Chris Olave QB Jared Goff RB Bijan Robinson RB Travis Etienne Jr. TE T.J. Hockenson WR Amon-Ra St. Brown WR Zay Flowers WR Devaughn Vele,,Jake Tonges,TE,0.18%,0
339,5246420105,the_needler (20/20),0,182.90001,DST Jaguars  FLEX Kyle Monangai QB Trevor Lawrence RB Bijan Robinson RB Jonathan Taylor TE Brenton Strange WR Amon-Ra St. Brown WR Parker Washington WR Darnell Mooney,,Kimani Vidal,RB,0.18%,0
339,5248278548,chicalipete (7/20),0,182.90001,DST Raiders  FLEX Javonte Williams QB Trevor Lawrence RB Ashton Jeanty RB Travis Etienne Jr. TE Brenton Strange WR Chris Olave WR DeVonta Smith WR Parker Washington,,Zach Charbonnet,RB,0.18%,0
339,5248480711,lilsnupeyvert (5/6),0,182.9,DST Jets  FLEX Bijan Robinson QB Jaxson Dart RB Jahmyr Gibbs RB Rhamondre Stevenson TE Sam LaPorta WR Jaxon Smith-Njigba WR Jayden Reed WR Devaughn Vele,,DeMario Douglas,FLEX,0.17%,7
342,5247982854,jimmyb01938 (14/14),0,182.86,DST Broncos  FLEX Jahmyr Gibbs QB Caleb Williams RB Rhamondre Stevenson RB MarShawn Lloyd TE Dallas Goedert WR Puka Nacua WR Garrett Wilson WR Jalen Coker,,Malachi Fields,FLEX,0.17%,4.5
343,5246035528,Pigfleas,0,182.82,DST Jaguars  FLEX Devin Singletary QB Jalen Hurts RB Jonathan Taylor RB James Cook III TE Dallas Goedert WR Zay Flowers WR George Pickens WR Jalen Coker,,Colby Parkinson,FLEX,0.17%,1.6
344,5245878894,yenoham1 (3/4),0,182.8,DST Raiders  FLEX Travis Kelce QB Jaxson Dart RB Jahmyr Gibbs RB Bijan Robinson TE Sam LaPorta WR Amon-Ra St. Brown WR George Pickens WR Devaughn Vele,,Jacory Croskey-Merritt,RB,0.17%,12.6
344,5246397263,jbuc10951 (2/20),0,182.8,DST Raiders  FLEX Travis Kelce QB Jaxson Dart RB Jahmyr Gibbs RB Bijan Robinson TE Sam LaPorta WR Amon-Ra St. Brown WR George Pickens WR Devaughn Vele,,Alec Pierce,FLEX,0.17%,10.1
344,5246484868,hiteofbob (7/20),0,182.8,DST Vikings  FLEX CeeDee Lamb QB Jaxson Dart RB Ashton Jeanty RB Kyren Williams TE Isaiah Likely WR Chris Olave WR Mike Evans WR Jalen Nailor,,AJ Barner,FLEX,0.17%,3.3
347,5242814768,twotimechamp (1/2),0,182.76001,DST Broncos  FLEX Jahmyr Gibbs QB Josh Allen RB Derrick Henry RB Kenneth Walker III TE Hunter Henry WR Brian Thomas Jr. WR Stefon Diggs WR Jauan Jennings,,Christian Watson,FLEX,0.17%,35.7
348,5247531781,rmouch8914 (3/4),0,182.7,DST Jaguars  FLEX Sam LaPorta QB Jaxson Dart RB Jahmyr Gibbs RB Bijan Robinson TE Tyler Warren WR Jaxon Smith-Njigba WR Jayden Reed WR Devaughn Vele,,Tyjae Spears,RB,0.16%,4.4
348,5248193581,deweysl (3/20),0,182.7,DST Raiders  FLEX Michael Mayer QB Tyler Shough RB Chase Brown RB Breece Hall TE Juwan Johnson WR Amon-Ra St. Brown WR CeeDee Lamb WR Chris Olave,,Xavier Hutchinson,WR,0.16%,6.2
350,5246696476,rruffrryddazz (4/20),0,182.59999,DST Steelers  FLEX Saquon Barkley QB Tyler Shough RB Jahmyr Gibbs RB Omarion Hampton TE Michael Mayer WR Chris Olave WR Ladd McConkey WR Devaughn Vele,,Aaron Jones Sr.,FLEX,0.16%,10
350,5248358229,Ullys (9/20),0,182.59999,DST Jaguars  FLEX Saquon Barkley QB Tyler Shough RB Jahmyr Gibbs RB Jonathan Taylor TE Juwan Johnson WR Amon-Ra St. Brown WR Tre Tucker WR Devaughn Vele,,Denzel Boston,WR,0.16%,13.9
352,5248061956,jgAllDay (6/20),0,182.54,DST Steelers  FLEX De'Von Achane QB Jared Goff RB Jahmyr Gibbs RB Breece Hall TE Michael Mayer WR Amon-Ra St. Brown WR Parker Washington WR Devaughn Vele,,Darren Waller,FLEX,0.16%,4.8
353,5241174166,cjwarriors (5/14),0,182.5,DST Jets  FLEX Kyren Williams QB Kirk Cousins RB Jahmyr Gibbs RB Javonte Williams TE Michael Mayer WR Ja'Marr Chase WR Chris Olave WR Jalen Coker,,Elijah Arroyo,TE,0.16%,0
353,5248472477,llllllllllllllllIll (18/20),0,182.5,DST Jets  FLEX Darnell Mooney QB Jaxson Dart RB Jahmyr Gibbs RB Breece Hall TE Michael Mayer WR Puka Nacua WR Chris Olave WR Zay Flowers,,Brian Robinson Jr.,FLEX,0.15%,3.1
355,5247408097,aquafinatim (15/20),0,182.43999,DST Browns  FLEX T.J. Hockenson QB Jared Goff RB Bijan Robinson RB Breece Hall TE Michael Mayer WR Jaxon Smith-Njigba WR Amon-Ra St. Brown WR Chris Olave,,Kyle Monangai,RB,0.15%,23.4
356,5247228579,StrawMyers (17/20),0,182.40001,DST Jets  FLEX Javonte Williams QB Jaxson Dart RB Omarion Hampton RB Travis Etienne Jr. TE Isaiah Likely WR Chris Olave WR Zay Flowers WR Luther Burden III,,Kayshon Boutte,FLEX,0.15%,3.1
356,5248098535,bfitm17 (7/20),0,182.4,DST Falcons  FLEX Juwan Johnson QB Tyler Shough RB Jahmyr Gibbs RB Bijan Robinson TE Colston Loveland WR Chris Olave WR Zay Flowers WR Tre Tucker,,Tua Tagovailoa,QB,0.15%,0
358,5243292419,manning188888,0,182.36,DST Cardinals  FLEX CeeDee Lamb QB Josh Allen RB Jonathan Taylor RB De'Von Achane TE Brenton Strange WR DJ Moore WR Luther Burden III WR Jalen Coker,,Ja'Kobi Lane,FLEX,0.14%,2.1
359,5245728894,GolfSpace7 (3/7),0,182.29999,DST Eagles  FLEX Bijan Robinson QB Jaxson Dart RB Jahmyr Gibbs RB Bucky Irving TE Mark Andrews WR Amon-Ra St. Brown WR Jayden Reed WR Devaughn Vele,,Jonathon Brooks,RB,0.14%,7.2
359,5246696485,rruffrryddazz (13/20),0,182.29999,DST Texans  FLEX Jameson Williams QB Tyler Shough RB Jahmyr Gibbs RB Travis Etienne Jr. TE Juwan Johnson WR Amon-Ra St. Brown WR Chris Olave WR Devaughn Vele,,Brian Thomas Jr.,FLEX,0.14%,7
361,5248269464,tango46 (10/10),0,182.26,DST Chiefs  FLEX Ja'Marr Chase QB Josh Allen RB Kenneth Walker III RB D'Andre Swift TE Dalton Kincaid WR Amon-Ra St. Brown WR Xavier Hutchinson WR Kyle Williams,,Mason Taylor,FLEX,0.14%,1.8
362,5247299063,Satch65 (4/20),0,182.2,DST Titans  FLEX Dallas Goedert QB Tyler Shough RB Jahmyr Gibbs RB Christian McCaffrey TE Juwan Johnson WR Puka Nacua WR Chris Olave WR Devaughn Vele,,Terry McLaurin,FLEX,0.14%,3.4
362,5248375716,NATION81 (5/5),0,182.2,DST Steelers  FLEX Dallas Goedert QB Jaxson Dart RB Jahmyr Gibbs RB Chase Brown TE Michael Mayer WR Puka Nacua WR Justin Jefferson WR Tre Tucker,,Chris Rodriguez Jr.,FLEX,0.14%,2.3
364,5244306699,mcadam6 (2/3),0,182.09999,DST Raiders  FLEX Mark Andrews QB Jaxson Dart RB Jahmyr Gibbs RB Bijan Robinson TE Sam LaPorta WR Jaxon Smith-Njigba WR George Pickens WR Devaughn Vele,,Tyjae Spears,FLEX,0.14%,4.4
364,5245764278,sacking (5/20),0,182.09999,DST Jets  FLEX Dalton Schultz QB Jaxson Dart RB Jahmyr Gibbs RB Christian McCaffrey TE Sam LaPorta WR Jaxon Smith-Njigba WR Amon-Ra St. Brown WR Devaughn Vele,,Jalen Nailor,FLEX,0.14%,5.7
364,5246845519,PCMud (2/8),0,182.09999,DST Raiders  FLEX Mark Andrews QB Jaxson Dart RB Jahmyr Gibbs RB Bijan Robinson TE Sam LaPorta WR Jaxon Smith-Njigba WR George Pickens WR Devaughn Vele,,Jerry Jeudy,FLEX,0.14%,4.6
364,5247299061,Satch65 (2/20),0,182.09999,DST Jets  FLEX Jahmyr Gibbs QB Tyler Shough RB Breece Hall RB Travis Etienne Jr. TE Juwan Johnson WR Ja'Marr Chase WR Chris Olave WR Devaughn Vele,,Bub Means,WR,0.14%,0
368,5248349281,Ullys (3/20),0,182,DST Rams  FLEX Devaughn Vele QB Tyler Shough RB Jahmyr Gibbs RB Travis Etienne Jr. TE Sam LaPorta WR Amon-Ra St. Brown WR Chris Olave WR Wan'Dale Robinson,,Tyrone Tracy Jr.,RB,0.13%,0.4
369,5242009018,F___thejets (10/20),0,181.95999,DST Lions  FLEX De'Von Achane QB Patrick Mahomes RB Jahmyr Gibbs RB Ashton Jeanty TE Dallas Goedert WR Jaylen Waddle WR Quentin Johnston WR Jalen Coker,,Hollywood Brown,WR,0.13%,0
370,5240239731,bertosf49ers,0,181.92,DST Lions  FLEX Cam Skattebo QB Jalen Hurts RB D'Andre Swift RB David Montgomery TE Dallas Goedert WR Chris Olave WR Garrett Wilson WR De'Zhaun Stribling,,Omar Cooper Jr.,WR,0.13%,4
371,5248116293,chazstrack (2/3),0,181.90001,DST Lions  FLEX Derrick Henry QB Jaxson Dart RB Christian McCaffrey RB D'Andre Swift TE Isaiah Likely WR Nico Collins WR Michael Pittman Jr. WR Romeo Doubs,,Josh Downs,FLEX,0.13%,5.7
371,5245696071,dreamteam77s (1/3),0,181.9,DST Raiders  FLEX Parker Washington QB Brock Purdy RB Jonathan Taylor RB Kenneth Walker III TE Trey McBride WR CeeDee Lamb WR Malachi Fields WR Devaughn Vele,,Malik Washington,FLEX,0.12%,7.3
371,5247672417,nas_pphoa,0,181.9,DST Jaguars  FLEX Jahmyr Gibbs QB Tyler Shough RB De'Von Achane RB Javonte Williams TE Juwan Johnson WR Amon-Ra St. Brown WR Marvin Harrison Jr. WR Devaughn Vele,,Kyle Williams,WR,0.12%,0
374,5246420102,the_needler (17/20),0,181.87999,DST Chiefs  FLEX Juwan Johnson QB Jacoby Brissett RB Derrick Henry RB Rhamondre Stevenson TE Trey McBride WR Jaxon Smith-Njigba WR Jameson Williams WR DJ Moore,,Chris Brooks,RB,0.12%,2.9
375,5245886380,starkzinger (8/14),0,181.86,DST Jaguars  FLEX Jalen Coker QB Joe Burrow RB D'Andre Swift RB Travis Etienne Jr. TE Isaiah Likely WR Ja'Marr Chase WR Chris Olave WR Malachi Fields,,Oronde Gadsden II,FLEX,0.12%,5.2
376,5242645867,jointpuffs (1/10),0,181.84001,DST Rams  FLEX Derrick Henry QB Bryce Young RB Javonte Williams RB Kyren Williams TE Colston Loveland WR A.J. Brown WR DJ Moore WR Jalen Coker,,Travis Hunter,FLEX,0.12%,2.1
377,5244453012,codyc84 (2/20),0,181.8,DST Jaguars  FLEX Dallas Goedert QB Jaxson Dart RB Jahmyr Gibbs RB Bijan Robinson TE T.J. Hockenson WR Puka Nacua WR Quentin Johnston WR Devaughn Vele,,Isaac TeSlaa,WR,0.12%,0
378,5248504546,clipschutz (5/20),0,181.71999,DST Jaguars  FLEX Dallas Goedert QB Jalen Hurts RB Bijan Robinson RB Derrick Henry TE Michael Mayer WR DeVonta Smith WR Garrett Wilson WR Parker Washington,,Khalil Shakir,FLEX,0.12%,9
379,5245906278,yenoham1 (4/4),0,181.7,DST Giants  FLEX Sam LaPorta QB Tyler Shough RB Jahmyr Gibbs RB James Cook III TE Juwan Johnson WR Jaxon Smith-Njigba WR Amon-Ra St. Brown WR Devaughn Vele,,Charlie Kolar,FLEX,0.12%,0
379,5248168762,n2bash (3/4),0,181.7,DST Seahawks  FLEX Puka Nacua QB Tyler Shough RB D'Andre Swift RB Cam Skattebo TE Dallas Goedert WR Chris Olave WR Garrett Wilson WR Wan'Dale Robinson,,KaVontae Turpin,WR,0.12%,1.8
379,5248185513,n2bash (4/4),0,181.7,DST Seahawks  FLEX Puka Nacua QB Tyler Shough RB D'Andre Swift RB Cam Skattebo TE Dallas Goedert WR Chris Olave WR Garrett Wilson WR Wan'Dale Robinson,,Elic Ayomanor,WR,0.12%,8.1
379,5244772266,wildryan-2002 (19/20),0,181.69998,DST Raiders  FLEX Ashton Jeanty QB Matthew Stafford RB Jahmyr Gibbs RB Derrick Henry TE Michael Mayer WR Puka Nacua WR Luther Burden III WR Devaughn Vele,,Darnell Washington,TE,0.12%,3.8
383,5247033964,Tdog1511 (14/20),0,181.66,DST Browns  FLEX Jonathan Taylor QB Caleb Williams RB Jahmyr Gibbs RB Bijan Robinson TE Dalton Schultz WR Tetairoa McMillan WR Luther Burden III WR Devaughn Vele,,Terrance Ferguson,FLEX,0.12%,0
384,5247937725,GoGators4824 (1/3),0,181.59999,DST Jets  FLEX Bijan Robinson QB Jaxson Dart RB Jahmyr Gibbs RB Javonte Williams TE Michael Mayer WR Garrett Wilson WR Parker Washington WR Luther Burden III,,David Njoku,FLEX,0.12%,10.8
384,5248241589,TEXSAN (12/20),0,181.59999,DST Raiders  FLEX Michael Mayer QB Tyler Shough RB Jahmyr Gibbs RB Travis Etienne Jr. TE Juwan Johnson WR Ja'Marr Chase WR Chris Olave WR Zay Flowers,,Carnell Tate,FLEX,0.12%,7.8
386,5245356083,mammen (16/20),0,181.56,DST Jaguars  FLEX Dallas Goedert QB C.J. Stroud RB Derrick Henry RB Ashton Jeanty TE Dalton Schultz WR Ja'Marr Chase WR Justin Jefferson WR Luther Burden III,,Rome Odunze,FLEX,0.11%,7.2
387,5248481255,mng77777 (1/2),0,181.52,DST Steelers  FLEX Tucker Kraft QB Jalen Hurts RB Jahmyr Gibbs RB Jaylen Warren TE Michael Mayer WR Ja'Marr Chase WR Chris Olave WR Jalen Coker,,Cyrus Allen,WR,0.11%,0
388,5246191049,Albino_Zebra (18/20),0,181.48,DST Giants  FLEX Saquon Barkley QB Jordan Love RB Jahmyr Gibbs RB Derrick Henry TE Tucker Kraft WR Ladd McConkey WR Christian Watson WR Tre Tucker,,Jonnu Smith,TE,0.11%,7
389,5239878460,AARGH13 (4/20),0,181.44,DST Jets  FLEX Rhamondre Stevenson QB Jared Goff RB Jahmyr Gibbs RB D'Andre Swift TE Isaiah Likely WR Amon-Ra St. Brown WR Chris Godwin Jr. WR Quentin Johnston,,Dontayvion Wicks,FLEX,0.11%,15.3
390,5242122465,Dotzism (12/20),0,181.40001,DST 49ers  FLEX Kenneth Walker III QB Trevor Lawrence RB Bijan Robinson RB Rhamondre Stevenson TE Brenton Strange WR Zay Flowers WR George Pickens WR Parker Washington,,Theo Wease Jr.,FLEX,0.11%,0
390,5242557517,mackers5757 (7/20),0,181.40001,DST Cowboys  FLEX Isaiah Likely QB Dak Prescott RB Derrick Henry RB Chuba Hubbard TE Jake Ferguson WR CeeDee Lamb WR Justin Jefferson WR DJ Moore,,Keenan Allen,FLEX,0.11%,9.2
390,5240923484,dduykakip (1/2),0,181.4,DST Jets  FLEX De'Von Achane QB Jaxson Dart RB Chase Brown RB Bucky Irving TE Mark Andrews WR Chris Olave WR Christian Watson WR Parker Washington,,Jahan Dotson,WR,0.11%,2.9
393,5248066183,buccanes (2/2),0,181.34,DST Buccaneers  FLEX Derrick Henry QB Baker Mayfield RB Jahmyr Gibbs RB Kenny Gainwell TE Dallas Goedert WR Emeka Egbuka WR Christian Watson WR Chris Godwin Jr.,,Darius Slayton,FLEX,0.11%,0
394,5248010884,cjwarriors (14/14),0,181.31999,DST Jets  FLEX Bijan Robinson QB Kyler Murray RB Jahmyr Gibbs RB Javonte Williams TE T.J. Hockenson WR Justin Jefferson WR Garrett Wilson WR Devaughn Vele,,Cole Kmet,TE,0.11%,11.5
394,5248366634,Ullys (17/20),0,181.31999,DST Browns  FLEX Tre Tucker QB Sam Darnold RB Jahmyr Gibbs RB Ashton Jeanty TE Michael Mayer WR Jaxon Smith-Njigba WR Amon-Ra St. Brown WR Christian Watson,,Corey Kiner,RB,0.11%,1.1
396,5244074431,mapham (8/13),0,181.26001,DST Titans  FLEX Jonathan Taylor QB Caleb Williams RB De'Von Achane RB Travis Etienne Jr. TE Isaiah Likely WR Rashee Rice WR Deebo Samuel Sr. WR Jalen Coker,,Theo Johnson,FLEX,0.10%,1.9
397,5246573143,svafinis91,0,181.22,DST Steelers  FLEX Wan'Dale Robinson QB Jalen Hurts RB Jahmyr Gibbs RB Rhamondre Stevenson TE Dallas Goedert WR Chris Olave WR Garrett Wilson WR Michael Pittman Jr.,,Olamide Zaccheaus,FLEX,0.10%,1.5
398,5240700007,paintgirl (14/20),0,181.2,DST Lions  FLEX CeeDee Lamb QB Dak Prescott RB Jahmyr Gibbs RB Breece Hall TE Michael Mayer WR Zay Flowers WR Jayden Reed WR Jalen Coker,,Theo Wease Jr.,WR,0.10%,0
398,5245217071,Balldunker (4/15),0,181.19998,DST Jets  FLEX Rashid Shaheed QB Tyler Shough RB Jahmyr Gibbs RB Javonte Williams TE Colston Loveland WR Amon-Ra St. Brown WR Chris Olave WR Devaughn Vele,,KC Concepcion,FLEX,0.10%,8.8
400,5239860710,chi09 (1/2),0,181.15999,DST Dolphins  FLEX D'Andre Swift QB Joe Burrow RB Jahmyr Gibbs RB Bijan Robinson TE Dallas Goedert WR Ja'Marr Chase WR Kalif Raymond WR Caleb Douglas,,Devin Singletary,FLEX,0.10%,13.8
401,5240185901,Jandrewx11 (1/3),0,181.09999,DST Vikings  FLEX Michael Mayer QB Tyler Shough RB Jahmyr Gibbs RB Bijan Robinson TE Juwan Johnson WR Chris Olave WR Tee Higgins WR Emeka Egbuka,,Zavion Thomas,FLEX,0.10%,0
402,5246449447,dawns1976,0,181.02002,DST Lions  FLEX D'Andre Swift QB Jalen Hurts RB Kenneth Walker III RB Bucky Irving TE Travis Kelce WR DeVonta Smith WR Alec Pierce WR DJ Moore,,Tyquan Thornton,WR,0.10%,0
403,5244794326,JamesBlond057 (1/5),0,180.90001,DST Raiders  FLEX Javonte Williams QB Jaxson Dart RB Jonathan Taylor RB Travis Etienne Jr. TE Isaiah Likely WR Jaxon Smith-Njigba WR Ladd McConkey WR Darius Slayton,,Keon Coleman,WR,0.10%,1.1
403,5247495737,Poppy0 (1/2),0,180.9,DST Jets  FLEX Jahmyr Gibbs QB Jaxson Dart RB Christian McCaffrey RB Rhamondre Stevenson TE Tyler Warren WR Puka Nacua WR Jalen Coker WR Devaughn Vele,,Pat Freiermuth,FLEX,0.10%,15.6
405,5241660297,PeldogOne,0,180.82,DST Jaguars  FLEX Saquon Barkley QB Jalen Hurts RB Jahmyr Gibbs RB Javonte Williams TE Juwan Johnson WR George Pickens WR Jalen Coker WR Dontayvion Wicks,,Matthew Golden,FLEX,0.09%,15.5
406,5246897730,yards86 (3/3),0,180.8,DST Steelers  FLEX Davante Adams QB Jaxson Dart RB Christian McCaffrey RB Saquon Barkley TE Isaiah Likely WR Ladd McConkey WR DJ Moore WR Jalen Coker,,Omar Cooper Jr.,FLEX,0.09%,4
407,5247170535,thill9 (7/10),0,180.7,DST Steelers  FLEX Chase Brown QB Jaxson Dart RB Derrick Henry RB Javonte Williams TE Juwan Johnson WR George Pickens WR DJ Moore WR Michael Wilson,,Chris Bell,FLEX,0.09%,3.5
407,5248444637,taxman1228 (8/9),0,180.7,DST Raiders  FLEX Bijan Robinson QB Jaxson Dart RB Jahmyr Gibbs RB Rhamondre Stevenson TE Harold Fannin Jr. WR Amon-Ra St. Brown WR Jayden Reed WR Devaughn Vele,,Jordan Mason,FLEX,0.09%,11.9
409,5246135476,CashMoneyClassic (20/20),0,180.65999,DST Jaguars  FLEX Jahmyr Gibbs QB Justin Herbert RB Bijan Robinson RB Derrick Henry TE Michael Mayer WR Puka Nacua WR Tre Tucker WR Devaughn Vele,,Barion Brown,WR,0.09%,0.3
410,5245254521,Sirchosen (9/20),0,180.61998,DST Jets  FLEX Kenneth Walker III QB Kyler Murray RB Jahmyr Gibbs RB Derrick Henry TE Michael Mayer WR Justin Jefferson WR Garrett Wilson WR Quentin Johnston,,Theo Johnson,TE,0.09%,1.9
411,5244833141,atong126 (3/20),0,180.59999,DST Jets  FLEX Juwan Johnson QB Tyler Shough RB Jahmyr Gibbs RB De'Von Achane TE Colston Loveland WR Amon-Ra St. Brown WR Chris Olave WR Devaughn Vele,,Darnell Mooney,FLEX,0.09%,4.7
412,5247366543,magman1211 (3/5),0,180.56,DST Raiders  FLEX Kyren Williams QB Lamar Jackson RB Derrick Henry RB David Montgomery TE Mark Andrews WR Jameson Williams WR Ladd McConkey WR Parker Washington,,Bryce Lance,FLEX,0.09%,7.2
413,5244127932,ryshry6,0,180.50002,DST Jaguars  FLEX George Pickens QB Jaxson Dart RB Bijan Robinson RB Saquon Barkley TE Dallas Goedert WR Chris Olave WR Jalen Coker WR Kayshon Boutte,,Marvin Mims Jr.,WR,0.08%,0
413,5245667359,HurricaneCal (5/20),0,180.49998,DST Raiders  FLEX Dalton Schultz QB Jaxson Dart RB Bijan Robinson RB Jonathan Taylor TE Dallas Goedert WR Ja'Marr Chase WR Jaxon Smith-Njigba WR Devaughn Vele,,Kaelon Black,RB,0.08%,8
413,5247530771,SleepyW (20/20),0,180.49998,DST Chargers  FLEX Tre Tucker QB Tyler Shough RB Jahmyr Gibbs RB Christian McCaffrey TE Juwan Johnson WR Amon-Ra St. Brown WR Chris Olave WR Devaughn Vele,,Braelon Allen,RB,0.08%,4
413,5247907663,m0neymykah (2/10),0,180.49998,DST Jets  FLEX Jahmyr Gibbs QB Tyler Shough RB Jonathan Taylor RB Derrick Henry TE Sam LaPorta WR Puka Nacua WR Quentin Johnston WR Caleb Douglas,,Mike Gesicki,FLEX,0.08%,18.8
417,5240699999,paintgirl (6/20),0,180.4,DST Jaguars  FLEX Michael Mayer QB Tyler Shough RB Jahmyr Gibbs RB Kenneth Walker III TE Colston Loveland WR Ja'Marr Chase WR Chris Olave WR Devaughn Vele,,Odell Beckham Jr.,FLEX,0.08%,0
417,5248491362,edaugh,0,180.4,DST Jets  FLEX Jahmyr Gibbs QB Malik Willis RB Bucky Irving RB Rhamondre Stevenson TE Dallas Goedert WR Chris Olave WR Tetairoa McMillan WR Garrett Wilson,,Tyrone Tracy Jr.,FLEX,0.08%,0.4
419,5248436047,rowdy1A3 (3/3),0,180.29999,DST Jaguars  FLEX David Montgomery QB Jaxson Dart RB Jahmyr Gibbs RB Chase Brown TE Michael Mayer WR Puka Nacua WR Garrett Wilson WR Devaughn Vele,,Mack Hollins,FLEX,0.08%,9.1
420,5241079714,Josiefig (16/20),0,180.26,DST Chiefs  FLEX Isaiah Likely QB Caleb Williams RB Bijan Robinson RB Kyren Williams TE Colston Loveland WR Christian Watson WR Parker Washington WR Rashid Shaheed,,Kalif Raymond,WR,0.07%,16.4
421,5241104578,WoodlandsDoc (1/18),0,180.22002,DST Jaguars  FLEX Jahmyr Gibbs QB Jalen Hurts RB Javonte Williams RB David Montgomery TE Isaiah Likely WR Tetairoa McMillan WR Quentin Johnston WR KC Concepcion,,Ryan Flournoy,FLEX,0.07%,4.2
422,5244128765,jgrandsire,0,180.2,DST Jets  FLEX Matthew Golden QB Malik Willis RB Jahmyr Gibbs RB De'Von Achane TE Juwan Johnson WR Chris Olave WR Jameson Williams WR Christian Watson,,Elic Ayomanor,FLEX,0.07%,8.1
422,5248082322,DiggiddyDog (20/20),0,180.2,DST Jets  FLEX Javonte Williams QB Tyler Shough RB Jahmyr Gibbs RB Travis Etienne Jr. TE Mason Taylor WR Amon-Ra St. Brown WR Chris Olave WR Quentin Johnston,,Calvin Ridley,FLEX,0.07%,0
422,5246845523,PCMud (6/8),0,180.19998,DST Raiders  FLEX Mark Andrews QB Brock Purdy RB Jahmyr Gibbs RB Bijan Robinson TE Sam LaPorta WR Amon-Ra St. Brown WR Tee Higgins WR Devaughn Vele,,KaVontae Turpin,FLEX,0.07%,1.8
425,5241870018,1Cooper22 (2/16),0,180.16,DST Vikings  FLEX Trey McBride QB Caleb Williams RB Jahmyr Gibbs RB Derrick Henry TE Colston Loveland WR Ladd McConkey WR Dontayvion Wicks WR Cyrus Allen,,Kyle Monangai,FLEX,0.07%,23.4
426,5245067490,jtsnakester (12/20),0,180.09999,DST Steelers  FLEX Javonte Williams QB Tyler Shough RB James Cook III RB Omarion Hampton TE Michael Mayer WR Jaxon Smith-Njigba WR Chris Olave WR Devaughn Vele,,Dawson Knox,FLEX,0.07%,1.7
427,5246276178,Dirtysdozen,0,180.05998,DST Cowboys  FLEX Dawson Knox QB Justin Herbert RB Jahmyr Gibbs RB Bijan Robinson TE Juwan Johnson WR Jaxon Smith-Njigba WR Amon-Ra St. Brown WR Devaughn Vele,,Kyle Williams,FLEX,0.07%,0
428,5248289228,winners4life2023,0,179.94002,DST Jaguars  FLEX Sam LaPorta QB Jared Goff RB Jahmyr Gibbs RB Javonte Williams TE Isaiah Likely WR Amon-Ra St. Brown WR Parker Washington WR Kayshon Boutte,,Denzel Boston,FLEX,0.06%,13.9
429,5246870606,jaidensoupene97 (3/4),0,179.8,DST Jets  FLEX Chris Olave QB Brock Purdy RB Jahmyr Gibbs RB Jaylen Warren TE Mark Andrews WR Puka Nacua WR Luther Burden III WR Jalen Coker,,Brock Bowers,FLEX,0.06%,0
429,5248494603,RachelHugle (6/6),0,179.79999,DST Jaguars  FLEX Quentin Johnston QB Tyler Shough RB Derrick Henry RB Rhamondre Stevenson TE Tucker Kraft WR Jaxon Smith-Njigba WR A.J. Brown WR Jalen Coker,,Jahan Dotson,FLEX,0.06%,2.9
431,5248337585,bwash76 (7/9),0,179.76001,DST Steelers  FLEX Jaxon Smith-Njigba QB Justin Herbert RB Chase Brown RB Javonte Williams TE T.J. Hockenson WR Nico Collins WR Quentin Johnston WR Jalen Coker,,Xavier Hutchinson,FLEX,0.06%,6.2
432,5248371267,hokiegirl1011,0,179.70001,DST Jaguars  FLEX Jadarian Price QB Jaxson Dart RB Jahmyr Gibbs RB Ashton Jeanty TE Brenton Strange WR Mike Evans WR DJ Moore WR Carnell Tate,,Kimani Vidal,FLEX,0.06%,0
432,5242009016,F___thejets (8/20),0,179.7,DST Jets  FLEX Javonte Williams QB Jaxson Dart RB Saquon Barkley RB Derrick Henry TE Michael Mayer WR Malik Nabers WR Chris Olave WR Parker Washington,,Tutu Atwell,WR,0.06%,0
432,5246537806,busabear,0,179.7,DST Panthers  FLEX Derrick Henry QB Trevor Lawrence RB Kenneth Walker III RB Travis Etienne Jr. TE Michael Mayer WR Puka Nacua WR Chris Olave WR Michael Wilson,,Ted Hurst III,WR,0.06%,6.6
432,5242678616,taxman1228 (4/9),0,179.69998,DST Raiders  FLEX Jonathan Taylor QB Jaxson Dart RB Jahmyr Gibbs RB Bijan Robinson TE Juwan Johnson WR George Pickens WR Jayden Reed WR Devaughn Vele,,Greg Dulcich,FLEX,0.06%,3.8
432,5247004926,big_dog7 (3/4),0,179.69998,DST Raiders  FLEX Jonathan Taylor QB Jaxson Dart RB Jahmyr Gibbs RB Bijan Robinson TE Juwan Johnson WR George Pickens WR Jayden Reed WR Devaughn Vele,,Jaylen Wright,RB,0.05%,-0.1
437,5246407829,socal06 (6/20),0,179.65999,DST Buccaneers  FLEX Chase Brown QB Joe Burrow RB Jahmyr Gibbs RB Kyren Williams TE Juwan Johnson WR Jaxon Smith-Njigba WR Jalen Coker WR Andrei Iosivas,,Devin Singletary,RB,0.05%,13.8
438,5240246464,Relaunch (5/5),0,179.59999,DST Jets  FLEX Jahmyr Gibbs QB Jaxson Dart RB Christian McCaffrey RB Rhamondre Stevenson TE Mark Andrews WR Amon-Ra St. Brown WR Quentin Johnston WR Jalen Coker,,Xavier Legette,WR,0.05%,0
438,5246687013,Jspaletta24 (10/20),0,179.59999,DST Chargers  FLEX Devaughn Vele QB Tyler Shough RB Javonte Williams RB D'Andre Swift TE Juwan Johnson WR Puka Nacua WR Jaxon Smith-Njigba WR Garrett Wilson,,Jeremiyah Love,FLEX,0.05%,13
440,5243410319,scotthsargent67,0,179.55998,DST Jaguars  FLEX Kenneth Walker III QB Justin Herbert RB Javonte Williams RB Rhamondre Stevenson TE Juwan Johnson WR Zay Flowers WR Ladd McConkey WR Garrett Wilson,,Evan Engram,FLEX,0.05%,14.3
441,5247193872,tonyfarrow,0,179.52,DST Vikings  FLEX Dallas Goedert QB Jalen Hurts RB Jahmyr Gibbs RB Travis Etienne Jr. TE Hunter Henry WR Chris Olave WR Rashee Rice WR DJ Moore,,Emari Demercado,RB,0.05%,0.7
442,5242230092,BRoach126,0,179.5,DST Cardinals  FLEX Kyren Williams QB Jaxson Dart RB Jahmyr Gibbs RB Tony Pollard TE Isaiah Likely WR Jaxon Smith-Njigba WR Ladd McConkey WR Keenan Allen,,Najee Harris,RB,0.05%,0
442,5247224542,Stree (2/20),0,179.5,DST Jets  FLEX Juwan Johnson QB Tyler Shough RB Jahmyr Gibbs RB Christian McCaffrey TE Brenton Strange WR Jaxon Smith-Njigba WR Chris Olave WR Xavier Worthy,,Jonah Coleman,RB,0.05%,0
444,5247284479,andrewirish,0,179.46,DST Bills  FLEX Isaiah Likely QB Josh Allen RB Jonathan Taylor RB Devin Singletary TE Dalton Kincaid WR Puka Nacua WR Jaxon Smith-Njigba WR Malachi Fields,,Antonio Williams,WR,0.05%,16.4
444,5247647547,tjwwow21 (3/5),0,179.46,DST Titans  FLEX David Montgomery QB Caleb Williams RB Jahmyr Gibbs RB Tony Pollard TE Colston Loveland WR DJ Moore WR Luther Burden III WR Jalen Coker,,Jalen McMillan,WR,0.05%,0
446,5248487035,And2tes (4/4),0,179.44,DST Steelers  FLEX Garrett Wilson QB Jared Goff RB Jahmyr Gibbs RB Rhamondre Stevenson TE Sam LaPorta WR Amon-Ra St. Brown WR Quentin Johnston WR Jalen Coker,,Germie Bernard,WR,0.05%,0
447,5248061965,jgAllDay (15/20),0,179.35999,DST Jets  FLEX Michael Mayer QB C.J. Stroud RB Bijan Robinson RB Derrick Henry TE Brenton Strange WR Amon-Ra St. Brown WR Nico Collins WR Malik Nabers,,Tre' Harris,FLEX,0.05%,5
448,5247036076,HouseofRacing (5/20),0,179.26001,DST Cowboys  FLEX Jahmyr Gibbs QB C.J. Stroud RB Bijan Robinson RB David Montgomery TE Dalton Schultz WR Nico Collins WR DJ Moore WR Malik Washington,,Jahdae Walker,FLEX,0.05%,7.1
448,5246044535,Biasfan (4/10),0,179.26,DST Chiefs  FLEX Puka Nacua QB Josh Allen RB Chase Brown RB Bucky Irving TE Greg Dulcich WR Tetairoa McMillan WR DJ Moore WR Jalen Coker,,Daniel Bellinger,TE,0.05%,1.7
450,5242380815,jrevelle3 (14/20),0,179.21999,DST Raiders  FLEX Michael Mayer QB Sam Darnold RB Jahmyr Gibbs RB Derrick Henry TE AJ Barner WR Jaxon Smith-Njigba WR Chris Olave WR Mike Evans,,Rashod Bateman,FLEX,0.05%,0
451,5247141400,Rosiepigs,0,179.20001,DST Steelers  FLEX Kenneth Walker III QB Tyler Shough RB Jonathan Taylor RB Jaylen Warren TE Harold Fannin Jr. WR Chris Olave WR Garrett Wilson WR Chris Godwin Jr.,,Luke Schoonmaker,FLEX,0.05%,2.2
451,5246198163,stock2mail (6/20),0,179.2,DST Lions  FLEX Ashton Jeanty QB Trevor Lawrence RB Jahmyr Gibbs RB Christian McCaffrey TE Dallas Goedert WR Parker Washington WR Chris Godwin Jr. WR Tre Tucker,,Drew Sample,FLEX,0.05%,4.9
453,5246407833,socal06 (10/20),0,179.15999,DST Buccaneers  FLEX Chase Brown QB Joe Burrow RB Jahmyr Gibbs RB Kyren Williams TE Juwan Johnson WR Amon-Ra St. Brown WR Jalen Coker WR Andrei Iosivas,,Dylan Sampson,RB,0.05%,0
454,5247733176,JcClark18 (1/20),0,179.12,DST Browns  FLEX Bijan Robinson QB Jalen Hurts RB Jahmyr Gibbs RB Chuba Hubbard TE Travis Kelce WR DeVonta Smith WR Zay Flowers WR Caleb Douglas,,Brian Robinson Jr.,RB,0.05%,3.1
455,5244097845,ftknox (9/20),0,179.09999,DST Jaguars  FLEX Garrett Wilson QB Tyler Shough RB Omarion Hampton RB Derrick Henry TE Juwan Johnson WR Chris Olave WR Ladd McConkey WR Michael Wilson,,Justice Hill,FLEX,0.05%,3.8
456,5242828258,Italiano76,0,179.01999,DST Raiders  FLEX Javonte Williams QB Drake Maye RB David Montgomery RB Cam Skattebo TE Juwan Johnson WR Jaxon Smith-Njigba WR A.J. Brown WR Jalen Coker,,Kaleb Johnson,RB,0.04%,0
456,5248435874,monileo12 (14/20),0,179.01999,DST Raiders  FLEX Michael Mayer QB Drake Maye RB Jahmyr Gibbs RB Rhamondre Stevenson TE Dallas Goedert WR Amon-Ra St. Brown WR Zay Flowers WR Luther Burden III,,Xavier Legette,FLEX,0.04%,0
456,5248515595,tristan214 (1/20),0,179.01999,DST Browns  FLEX Michael Mayer QB Kyler Murray RB Jahmyr Gibbs RB Ashton Jeanty TE Colston Loveland WR Justin Jefferson WR Zay Flowers WR Christian Watson,,Jordan Addison,FLEX,0.04%,0
459,5243845186,craigp85 (2/2),0,179,DST Jets  FLEX Devaughn Vele QB Tyler Shough RB Jahmyr Gibbs RB Rhamondre Stevenson TE Jake Ferguson WR Jaxon Smith-Njigba WR Chris Olave WR George Pickens,,Justice Hill,RB,0.04%,3.8
459,5247014262,jonathanrife,0,179,DST Raiders  FLEX Jahmyr Gibbs QB Tyler Shough RB Omarion Hampton RB Rhamondre Stevenson TE Dallas Goedert WR Chris Olave WR Tetairoa McMillan WR Adonai Mitchell,,Robert Tonyan,TE,0.04%,0
459,5247160019,wallstreetras (6/7),0,178.99998,DST Chargers  FLEX Javonte Williams QB Jaxson Dart RB Jahmyr Gibbs RB Rhamondre Stevenson TE Travis Kelce WR Chris Olave WR Garrett Wilson WR Devaughn Vele,,Jakobi Meyers,FLEX,0.04%,12.2
462,5248219088,jwillny,0,178.96,DST Steelers  FLEX Jahmyr Gibbs QB Justin Herbert RB Ashton Jeanty RB Bucky Irving TE Isaiah Likely WR Davante Adams WR Terry McLaurin WR Dontayvion Wicks,,TreVeyon Henderson,RB,0.04%,0
462,5248363017,hogintn (19/20),0,178.96,DST Bengals  FLEX Jahmyr Gibbs QB Justin Herbert RB Bijan Robinson RB Rhamondre Stevenson TE Dallas Goedert WR George Pickens WR Garrett Wilson WR Devaughn Vele,,Tank Bigsby,RB,0.04%,0.3
464,5245858164,LetEmKnow (9/20),0,178.94,DST Raiders  FLEX Ashton Jeanty QB Bryce Young RB Bijan Robinson RB Bucky Irving TE Juwan Johnson WR George Pickens WR Tetairoa McMillan WR Luther Burden III,,Emmett Johnson,RB,0.04%,8.8
465,5246696487,rruffrryddazz (15/20),0,178.83998,DST Steelers  FLEX Jameson Williams QB Jared Goff RB Jahmyr Gibbs RB Rico Dowdle TE Juwan Johnson WR Amon-Ra St. Brown WR Chris Olave WR Devaughn Vele,,Camden Brown,WR,0.04%,0
466,5246877380,Zacklemore (3/20),0,178.7,DST Jets  FLEX Juwan Johnson QB Tyler Shough RB Jahmyr Gibbs RB Bijan Robinson TE Mark Andrews WR Puka Nacua WR Chris Olave WR Tre Tucker,,Hollywood Brown,FLEX,0.04%,0
467,5245858173,LetEmKnow (18/20),0,178.66,DST Bengals  FLEX Travis Kelce QB C.J. Stroud RB Chase Brown RB Javonte Williams TE Dalton Schultz WR Jaxon Smith-Njigba WR Nico Collins WR Chris Olave,,Bryce Lance,WR,0.04%,7.2
467,5247622051,mrclean913 (9/20),0,178.66,DST Browns  FLEX Ashton Jeanty QB Lamar Jackson RB Jahmyr Gibbs RB Chase Brown TE Evan Engram WR Zay Flowers WR Alec Pierce WR Ryan Flournoy,,Jonathon Brooks,FLEX,0.04%,7.2
469,5243027116,abrowder420 (14/20),0,178.56001,DST Eagles  FLEX Bijan Robinson QB Josh Allen RB De'Von Achane RB Rico Dowdle TE Travis Kelce WR Christian Watson WR Chris Godwin Jr. WR Jalen Coker,,Ray Davis,RB,0.04%,0.3
469,5242798491,wind222 (2/6),0,178.56,DST Chargers  FLEX Kyren Williams QB Justin Herbert RB Jahmyr Gibbs RB Omarion Hampton TE Michael Mayer WR Ladd McConkey WR Christian Watson WR Jalen Coker,,John Metchie III,WR,0.04%,0
469,5248497832,EskimoNinja,0,178.56,DST Bills  FLEX Sam LaPorta QB Josh Allen RB Kyren Williams RB D'Andre Swift TE Tucker Kraft WR Jaxon Smith-Njigba WR DJ Moore WR Luther Burden III,,Adam Trautman,TE,0.04%,3
472,5248295433,omegaxman (16/20),0,178.52,DST Rams  FLEX Ashton Jeanty QB Kyler Murray RB Jahmyr Gibbs RB D'Andre Swift TE Brenton Strange WR Justin Jefferson WR George Pickens WR Devaughn Vele,,Troy Franklin,FLEX,0.04%,0.5
473,5240681066,publix15 (1/3),0,178.5,DST Browns  FLEX Derrick Henry QB Tyler Shough RB Omarion Hampton RB D'Andre Swift TE Michael Mayer WR CeeDee Lamb WR Chris Olave WR Luther Burden III,,Isaac TeSlaa,FLEX,0.04%,0
473,5246274611,SpeedRacer101 (1/20),0,178.5,DST Jaguars  FLEX Michael Mayer QB Trevor Lawrence RB Jahmyr Gibbs RB De'Von Achane TE Brenton Strange WR Nico Collins WR Chris Olave WR Parker Washington,,Montorie Foster Jr.,WR,0.04%,0
473,5248155696,Jbird531 (1/20),0,178.5,DST Jaguars  FLEX Javonte Williams QB Jaxson Dart RB De'Von Achane RB Rhamondre Stevenson TE Michael Mayer WR Puka Nacua WR Chris Olave WR Jalen Coker,,Emanuel Wilson,RB,0.04%,0.3
473,5248498825,Jbird531 (4/20),0,178.5,DST Jaguars  FLEX Javonte Williams QB Jaxson Dart RB De'Von Achane RB Rhamondre Stevenson TE Michael Mayer WR Puka Nacua WR Chris Olave WR Jalen Coker,,Chimere Dike,WR,0.04%,0.7
473,5248498835,Jbird531 (6/20),0,178.5,DST Jaguars  FLEX Javonte Williams QB Jaxson Dart RB De'Von Achane RB Rhamondre Stevenson TE Michael Mayer WR Puka Nacua WR Chris Olave WR Jalen Coker,,Mac Jones,QB,0.04%,0
473,5248498847,Jbird531 (8/20),0,178.5,DST Jaguars  FLEX Javonte Williams QB Jaxson Dart RB De'Von Achane RB Rhamondre Stevenson TE Michael Mayer WR Puka Nacua WR Chris Olave WR Jalen Coker,,Jacory Croskey-Merritt,FLEX,0.04%,12.6
473,5248506698,Jbird531 (10/20),0,178.5,DST Jaguars  FLEX Javonte Williams QB Jaxson Dart RB De'Von Achane RB Rhamondre Stevenson TE Michael Mayer WR Puka Nacua WR Chris Olave WR Jalen Coker,,Noah Gray,TE,0.04%,1.5
473,5248506708,Jbird531 (12/20),0,178.5,DST Jaguars  FLEX Javonte Williams QB Jaxson Dart RB De'Von Achane RB Rhamondre Stevenson TE Michael Mayer WR Puka Nacua WR Chris Olave WR Jalen Coker,,Jameis Winston,QB,0.04%,0
473,5248506721,Jbird531 (14/20),0,178.5,DST Jaguars  FLEX Javonte Williams QB Jaxson Dart RB De'Von Achane RB Rhamondre Stevenson TE Michael Mayer WR Puka Nacua WR Chris Olave WR Jalen Coker,,Germie Bernard,FLEX,0.03%,0
473,5248515727,Jbird531 (16/20),0,178.5,DST Jaguars  FLEX Javonte Williams QB Jaxson Dart RB De'Von Achane RB Rhamondre Stevenson TE Michael Mayer WR Puka Nacua WR Chris Olave WR Jalen Coker,,Marvin Mims Jr.,FLEX,0.03%,0
473,5248515740,Jbird531 (18/20),0,178.5,DST Jaguars  FLEX Javonte Williams QB Jaxson Dart RB De'Von Achane RB Rhamondre Stevenson TE Michael Mayer WR Puka Nacua WR Chris Olave WR Jalen Coker,,Zachariah Branch,FLEX,0.03%,0
473,5248515748,Jbird531 (20/20),0,178.5,DST Jaguars  FLEX Javonte Williams QB Jaxson Dart RB De'Von Achane RB Rhamondre Stevenson TE Michael Mayer WR Puka Nacua WR Chris Olave WR Jalen Coker,,Ray Davis,FLEX,0.03%,0.3
485,5247486047,Lscanson (17/20),0,178.4,DST Jaguars  FLEX Juwan Johnson QB Trevor Lawrence RB Jahmyr Gibbs RB Bucky Irving TE Sam LaPorta WR Chris Olave WR George Pickens WR Ladd McConkey,,Jonathan Mingo,WR,0.03%,2
486,5246687006,Jspaletta24 (3/20),0,178.31999,DST Cardinals  FLEX Devaughn Vele QB Drake Maye RB Jahmyr Gibbs RB Christian McCaffrey TE Dallas Goedert WR A.J. Brown WR Ladd McConkey WR Christian Watson,,Jacob Saylors,RB,0.03%,0
487,5246356390,whoisjohngalt420 (17/20),0,178.3,DST Raiders  FLEX Sam LaPorta QB Jaxson Dart RB Jahmyr Gibbs RB Derrick Henry TE Tyler Warren WR Chris Olave WR George Pickens WR Jalen Nailor,,Pat Bryant,FLEX,0.03%,8.2
488,5245929275,BounceTheCat (7/15),0,178.2,DST Cardinals  FLEX Dallas Goedert QB Dak Prescott RB Jahmyr Gibbs RB Javonte Williams TE Michael Mayer WR CeeDee Lamb WR Chris Olave WR Tetairoa McMillan,,Bam Knight,RB,0.03%,0
488,5247299067,Satch65 (8/20),0,178.2,DST Jets  FLEX Chris Olave QB Tyler Shough RB Jahmyr Gibbs RB Chase Brown TE Juwan Johnson WR Puka Nacua WR Josh Downs WR Devaughn Vele,,George Holani,FLEX,0.03%,2.9
490,5246703520,Chadillac74,0,178.18001,DST Jets  FLEX Chase Brown QB Jordan Love RB Kenneth Walker III RB Javonte Williams TE Tyler Warren WR Puka Nacua WR Christian Watson WR Xavier Hutchinson,,Sione Vaki,RB,0.03%,2.8
491,5243925329,sosamightygg22 (19/20),0,178.15999,DST Browns  FLEX Ashton Jeanty QB Justin Herbert RB Jahmyr Gibbs RB Bijan Robinson TE Juwan Johnson WR George Pickens WR Ladd McConkey WR Devaughn Vele,,Olamide Zaccheaus,WR,0.03%,1.5
492,5243712315,Deathflower74 (20/20),0,178.14,DST Jets  FLEX Jahmyr Gibbs QB Jared Goff RB Christian McCaffrey RB Rhamondre Stevenson TE Michael Mayer WR Amon-Ra St. Brown WR Zay Flowers WR Devaughn Vele,,Samaje Perine,RB,0.03%,8
492,5247408098,aquafinatim (16/20),0,178.14,DST Cardinals  FLEX Dalton Schultz QB Jared Goff RB Jahmyr Gibbs RB Kenneth Walker III TE Michael Mayer WR Puka Nacua WR Amon-Ra St. Brown WR Ladd McConkey,,Ja'Tavion Sanders,FLEX,0.03%,0
494,5242525414,Pokerbeast420 (5/20),0,178.1,DST Cardinals  FLEX Kayshon Boutte QB Tyler Shough RB Bijan Robinson RB Jonathan Taylor TE Dallas Goedert WR Puka Nacua WR Drake London WR Jalen Coker,,Cedric Tillman,WR,0.03%,0
494,5248364052,Rodzilla67,0,178.1,DST Browns  FLEX Rhamondre Stevenson QB Jaxson Dart RB Jahmyr Gibbs RB Bijan Robinson TE Mike Gesicki WR Chris Olave WR Alec Pierce WR DK Metcalf,,Hunter Long,TE,0.03%,0
496,5246100523,FFenomenal (1/5),0,178.06,DST Buccaneers  FLEX Javonte Williams QB Caleb Williams RB De'Von Achane RB Bucky Irving TE Isaiah Likely WR Chris Olave WR Jaylen Waddle WR Matthew Golden,,Roman Wilson,WR,0.03%,5.6
497,5248504548,clipschutz (7/20),0,178.04001,DST Raiders  FLEX Michael Mayer QB Jared Goff RB Jahmyr Gibbs RB Ashton Jeanty TE Sam LaPorta WR Amon-Ra St. Brown WR Parker Washington WR Chris Godwin Jr.,,Braelon Allen,FLEX,0.03%,4
498,5247170534,thill9 (6/10),0,178,DST Steelers  FLEX David Montgomery QB Tyler Shough RB Javonte Williams RB Travis Etienne Jr. TE Juwan Johnson WR Chris Olave WR George Pickens WR Tetairoa McMillan,,Daniel Bellinger,FLEX,0.03%,1.7
499,5242702639,lala75216 (13/20),0,177.98,DST 49ers  FLEX Jaxon Smith-Njigba QB Jacoby Brissett RB Derrick Henry RB Jeremiyah Love TE George Kittle WR Amon-Ra St. Brown WR Marvin Harrison Jr. WR Jalen Coker,,Tank Bigsby,FLEX,0.03%,0.3
500,5247643836,falstaff64 (10/20),0,177.93999,DST Bears  FLEX Javonte Williams QB Aaron Rodgers RB Jahmyr Gibbs RB Jonathan Taylor TE Juwan Johnson WR Jaxon Smith-Njigba WR DK Metcalf WR Devaughn Vele,,Kenny Pickett,QB,0.03%,2.4
501,5246132539,DoubleHelix66,0,177.90001,DST Texans  FLEX Sam LaPorta QB Trevor Lawrence RB Jahmyr Gibbs RB Kenneth Walker III TE Dallas Goedert WR Justin Jefferson WR Davante Adams WR Wan'Dale Robinson,,Will Shipley,RB,0.03%,2.2
501,5244801011,MR.18ZPEEEED (3/20),0,177.9,DST Bears  FLEX De'Von Achane QB Trevor Lawrence RB Jahmyr Gibbs RB D'Andre Swift TE Dallas Goedert WR Ladd McConkey WR Luther Burden III WR Wan'Dale Robinson,,Noah Fant,TE,0.03%,13.3
503,5245055323,jmchillbertram (11/20),0,177.86,DST Steelers  FLEX Derrick Henry QB Josh Allen RB Javonte Williams RB Kyren Williams TE Juwan Johnson WR George Pickens WR Parker Washington WR Quentin Johnston,,Jordan Whittington,WR,0.03%,1.8
503,5244383341,FearTheBeard12 (13/20),0,177.85999,DST Jaguars  FLEX Tyler Allgeier QB Lamar Jackson RB Jahmyr Gibbs RB Rhamondre Stevenson TE Mark Andrews WR Chris Olave WR Ladd McConkey WR Matthew Golden,,John Metchie III,FLEX,0.03%,0
503,5245213088,rickcube,0,177.85999,DST Seahawks  FLEX Kyren Williams QB Josh Allen RB Travis Etienne Jr. RB Cam Skattebo TE Dallas Goedert WR Jameson Williams WR Christian Watson WR Garrett Wilson,,Seth McGowan,RB,0.03%,1
506,5247985529,cjwarriors (13/14),0,177.81999,DST Eagles  FLEX Kyren Williams QB Kyler Murray RB Jonathan Taylor RB Javonte Williams TE Michael Mayer WR Justin Jefferson WR Chris Olave WR Jalen Coker,,Rachaad White,RB,0.03%,4.7
507,5243716765,UneekOne806,0,177.7,DST Browns  FLEX Dallas Goedert QB Jaxson Dart RB Jahmyr Gibbs RB Chase Brown TE Trey McBride WR Chris Olave WR Michael Wilson WR Tre Tucker,,Jake Tonges,FLEX,0.03%,0
508,5244218995,Duceloco2 (2/13),0,177.65999,DST Raiders  FLEX Dallas Goedert QB Jayden Daniels RB Jahmyr Gibbs RB Bijan Robinson TE Oronde Gadsden II WR Christian Watson WR Terry McLaurin WR Alec Pierce,,Adonai Mitchell,FLEX,0.03%,9
508,5248515602,tristan214 (8/20),0,177.65999,DST Steelers  FLEX De'Von Achane QB Caleb Williams RB Jahmyr Gibbs RB Derrick Henry TE Michael Mayer WR Tetairoa McMillan WR Luther Burden III WR Tre Tucker,,Eli Raridon,TE,0.03%,7.2
510,5240419653,jaredGT46 (1/5),0,177.59999,DST Falcons  FLEX Jahmyr Gibbs QB Jaxson Dart RB Javonte Williams RB Kyren Williams TE Dallas Goedert WR Chris Olave WR Alec Pierce WR Quentin Johnston,,Konata Mumpfield,WR,0.03%,0
510,5248428591,Pbjsteelerz2012 (10/10),0,177.59998,DST Vikings  FLEX Javonte Williams QB Brock Purdy RB Jahmyr Gibbs RB Rhamondre Stevenson TE Michael Mayer WR Chris Olave WR Mike Evans WR Garrett Wilson,,Jimmy Horn Jr.,WR,0.03%,-1
512,5241190230,bobbymo87 (18/20),0,177.56,DST Eagles  FLEX Khalil Shakir QB Josh Allen RB Jahmyr Gibbs RB Bijan Robinson TE Dawson Knox WR Tee Higgins WR Michael Wilson WR Jalen Coker,,Jalen Tolbert,WR,0.03%,0
513,5244063343,bigpimpin5705 (7/10),0,177.54001,DST Jets  FLEX Justin Jefferson QB Bryce Young RB Jonathan Taylor RB Ashton Jeanty TE Tyler Warren WR Parker Washington WR Luther Burden III WR De'Zhaun Stribling,,Emari Demercado,FLEX,0.03%,0.7
514,5240467828,zdra827 (4/20),0,177.44,DST Chiefs  FLEX Jaxon Smith-Njigba QB Bo Nix RB David Montgomery RB Cam Skattebo TE Isaiah Likely WR Courtland Sutton WR Ladd McConkey WR Christian Watson,,Ted Hurst III,FLEX,0.02%,6.6
515,5244169114,rou5 (1/2),0,177.40001,DST Seahawks  FLEX Xavier Worthy QB Kirk Cousins RB Jahmyr Gibbs RB Ashton Jeanty TE Sam LaPorta WR George Pickens WR Ladd McConkey WR Christian Watson,,Chimere Dike,FLEX,0.02%,0.7
515,5246274630,SpeedRacer101 (20/20),0,177.40001,DST Steelers  FLEX Isaiah Likely QB Jaxson Dart RB Javonte Williams RB Cam Skattebo TE Michael Mayer WR Jaxon Smith-Njigba WR CeeDee Lamb WR Malik Nabers,,Tommy Tremble,FLEX,0.02%,5.5
515,5247874591,dcw331 (1/3),0,177.39998,DST Jaguars  FLEX Juwan Johnson QB Jaxson Dart RB Jahmyr Gibbs RB Javonte Williams TE Michael Mayer WR Ja'Marr Chase WR Puka Nacua WR Jalen Coker,,Kaelon Black,FLEX,0.02%,8
515,5247882222,dcw331 (2/3),0,177.39998,DST Jaguars  FLEX Juwan Johnson QB Jaxson Dart RB Jahmyr Gibbs RB Javonte Williams TE Michael Mayer WR Ja'Marr Chase WR Puka Nacua WR Jalen Coker,,Drew Sample,TE,0.02%,4.9
515,5247882405,dcw331 (3/3),0,177.39998,DST Jaguars  FLEX Juwan Johnson QB Jaxson Dart RB Jahmyr Gibbs RB Javonte Williams TE Michael Mayer WR Ja'Marr Chase WR Puka Nacua WR Jalen Coker,,Demond Claiborne,FLEX,0.02%,0
520,5247077947,Balldunker (7/15),0,177.36,DST Jets  FLEX Dontayvion Wicks QB Justin Herbert RB Jahmyr Gibbs RB Chase Brown TE Mike Gesicki WR Amon-Ra St. Brown WR Chris Olave WR Quentin Johnston,,Elijah Higgins,FLEX,0.02%,0
520,5248399120,DraftKingsEAD (10/20),0,177.35999,DST Raiders  FLEX Luther Burden III QB C.J. Stroud RB Jahmyr Gibbs RB Chase Brown TE Michael Mayer WR Amon-Ra St. Brown WR Nico Collins WR Devaughn Vele,,Isaiah Bond,WR,0.02%,0
522,5247146845,DoomsdayX (3/7),0,177.3,DST Patriots  FLEX Bijan Robinson QB Jaxson Dart RB Jahmyr Gibbs RB Chase Brown TE Jake Ferguson WR Garrett Wilson WR Quentin Johnston WR Jalen Coker,,Joshua Palmer,FLEX,0.02%,10.4
522,5248139518,Mrhodes,0,177.3,DST Rams  FLEX Evan Engram QB Matthew Stafford RB Derrick Henry RB Bucky Irving TE Dallas Goedert WR Puka Nacua WR Chris Olave WR Zay Flowers,,Demarcus Robinson,FLEX,0.02%,13
524,5246356376,whoisjohngalt420 (3/20),0,177.25998,DST Titans  FLEX Michael Mayer QB Josh Allen RB Jahmyr Gibbs RB Derrick Henry TE Juwan Johnson WR Ja'Marr Chase WR Chris Olave WR Tre Tucker,,Chris Brooks,FLEX,0.02%,2.9
525,5248505220,Max4Play (10/20),0,177.21999,DST Jaguars  FLEX Justin Jefferson QB Jalen Hurts RB Jahmyr Gibbs RB Cam Skattebo TE Michael Mayer WR DeVonta Smith WR Ladd McConkey WR Devaughn Vele,,Josh Oliver,TE,0.02%,4.2
526,5242383995,kpvada (1/2),0,177.20001,DST Seahawks  FLEX Demarcus Robinson QB Trevor Lawrence RB Bijan Robinson RB Travis Etienne Jr. TE Trey McBride WR Amon-Ra St. Brown WR Ladd McConkey WR Ted Hurst III,,Cade Stover,TE,0.02%,0.8
527,5244726161,guahanian05 (1/10),0,177.15999,DST Jaguars  FLEX Michael Mayer QB Justin Herbert RB Jahmyr Gibbs RB Omarion Hampton TE Juwan Johnson WR Chris Olave WR Zay Flowers WR Ladd McConkey,,Nick Singleton,RB,0.02%,0
527,5244726162,guahanian05 (2/10),0,177.15999,DST Jaguars  FLEX Michael Mayer QB Justin Herbert RB Jahmyr Gibbs RB Omarion Hampton TE Juwan Johnson WR Chris Olave WR Zay Flowers WR Ladd McConkey,,Tez Johnson,WR,0.02%,-0.4
527,5244726163,guahanian05 (3/10),0,177.15999,DST Jaguars  FLEX Michael Mayer QB Justin Herbert RB Jahmyr Gibbs RB Omarion Hampton TE Juwan Johnson WR Chris Olave WR Zay Flowers WR Ladd McConkey,,Tyquan Thornton,FLEX,0.02%,0
527,5244726164,guahanian05 (4/10),0,177.15999,DST Jaguars  FLEX Michael Mayer QB Justin Herbert RB Jahmyr Gibbs RB Omarion Hampton TE Juwan Johnson WR Chris Olave WR Zay Flowers WR Ladd McConkey,,Jawhar Jordan,RB,0.02%,0
527,5244726165,guahanian05 (5/10),0,177.15999,DST Jaguars  FLEX Michael Mayer QB Justin Herbert RB Jahmyr Gibbs RB Omarion Hampton TE Juwan Johnson WR Chris Olave WR Zay Flowers WR Ladd McConkey,,Elijah Sarratt,WR,0.02%,0
527,5244726166,guahanian05 (6/10),0,177.15999,DST Jaguars  FLEX Michael Mayer QB Justin Herbert RB Jahmyr Gibbs RB Omarion Hampton TE Juwan Johnson WR Chris Olave WR Zay Flowers WR Ladd McConkey,,Deion Burks,WR,0.02%,0
527,5244726167,guahanian05 (7/10),0,177.15999,DST Jaguars  FLEX Michael Mayer QB Justin Herbert RB Jahmyr Gibbs RB Omarion Hampton TE Juwan Johnson WR Chris Olave WR Zay Flowers WR Ladd McConkey,,Emanuel Wilson,FLEX,0.02%,0.3
527,5244726168,guahanian05 (8/10),0,177.15999,DST Jaguars  FLEX Michael Mayer QB Justin Herbert RB Jahmyr Gibbs RB Omarion Hampton TE Juwan Johnson WR Chris Olave WR Zay Flowers WR Ladd McConkey,,Jack Bech,FLEX,0.02%,11.3
527,5244726169,guahanian05 (9/10),0,177.15999,DST Jaguars  FLEX Michael Mayer QB Justin Herbert RB Jahmyr Gibbs RB Omarion Hampton TE Juwan Johnson WR Chris Olave WR Zay Flowers WR Ladd McConkey,,Roman Wilson,FLEX,0.02%,5.6
527,5244726170,guahanian05 (10/10),0,177.15999,DST Jaguars  FLEX Michael Mayer QB Justin Herbert RB Jahmyr Gibbs RB Omarion Hampton TE Juwan Johnson WR Chris Olave WR Zay Flowers WR Ladd McConkey,,Kalif Raymond,FLEX,0.02%,16.4
537,5245667360,HurricaneCal (6/20),0,177.10002,DST Jets  FLEX Travis Kelce QB Jaxson Dart RB Christian McCaffrey RB Jonathan Taylor TE T.J. Hockenson WR Puka Nacua WR Amon-Ra St. Brown WR Jalen Coker,,Chig Okonkwo,FLEX,0.02%,3.6
537,5243143399,renegade (15/20),0,177.09999,DST Jets  FLEX Chris Olave QB Tyler Shough RB Jahmyr Gibbs RB Rhamondre Stevenson TE Juwan Johnson WR Puka Nacua WR Tee Higgins WR Devaughn Vele,,Corey Kiner,FLEX,0.02%,1.1
537,5243519263,rosarioinc11 (6/20),0,177.09999,DST Titans  FLEX Cam Skattebo QB Trevor Lawrence RB Kenneth Walker III RB David Montgomery TE Dalton Kincaid WR Amon-Ra St. Brown WR Nico Collins WR Odell Beckham Jr.,,Blake Whiteheart,TE,0.02%,2.4
537,5243519391,rosarioinc11 (7/20),0,177.09999,DST Titans  FLEX Cam Skattebo QB Trevor Lawrence RB Kenneth Walker III RB David Montgomery TE Dalton Kincaid WR Amon-Ra St. Brown WR Nico Collins WR Odell Beckham Jr.,,Jaylin Noel,WR,0.02%,7.3
537,5243523163,rosarioinc11 (8/20),0,177.09999,DST Titans  FLEX Cam Skattebo QB Trevor Lawrence RB Kenneth Walker III RB David Montgomery TE Dalton Kincaid WR Amon-Ra St. Brown WR Nico Collins WR Odell Beckham Jr.,,Colbie Young,WR,0.02%,0
537,5243523170,rosarioinc11 (9/20),0,177.09999,DST Titans  FLEX Cam Skattebo QB Trevor Lawrence RB Kenneth Walker III RB David Montgomery TE Dalton Kincaid WR Amon-Ra St. Brown WR Nico Collins WR Odell Beckham Jr.,,Jonah Coleman,FLEX,0.02%,0
537,5243523180,rosarioinc11 (10/20),0,177.09999,DST Titans  FLEX Cam Skattebo QB Trevor Lawrence RB Kenneth Walker III RB David Montgomery TE Dalton Kincaid WR Amon-Ra St. Brown WR Nico Collins WR Odell Beckham Jr.,,Greg Dortch,FLEX,0.02%,0
544,5243460898,Marvelous.1,0,177.08,DST Dolphins  FLEX Jahmyr Gibbs QB Jordan Love RB De'Von Achane RB David Montgomery TE Tucker Kraft WR Justin Jefferson WR Matthew Golden WR Dontayvion Wicks,,Malik Davis,RB,0.02%,0
545,5247213208,billpenny76 (3/3),0,177.06,DST Vikings  FLEX Chuba Hubbard QB Josh Allen RB Derrick Henry RB Javonte Williams TE Dawson Knox WR Malik Nabers WR Davante Adams WR DJ Moore,,Elijah Arroyo,FLEX,0.02%,0
546,5247039551,ajw0519 (1/2),0,177.04,DST Seahawks  FLEX Ja'Kobi Lane QB Bo Nix RB Derrick Henry RB David Montgomery TE Trey McBride WR Jaxon Smith-Njigba WR Ladd McConkey WR Caleb Douglas,,Treylon Burks,FLEX,0.02%,0
547,5243010513,abrowder420 (4/20),0,176.95999,DST Rams  FLEX Xavier Hutchinson QB Caleb Williams RB Jahmyr Gibbs RB Javonte Williams TE Dallas Goedert WR Nico Collins WR Drake London WR Parker Washington,,Cole Kmet,FLEX,0.02%,11.5
547,5243017889,abrowder420 (5/20),0,176.95999,DST Rams  FLEX Xavier Hutchinson QB Caleb Williams RB Jahmyr Gibbs RB Javonte Williams TE Dallas Goedert WR Nico Collins WR Drake London WR Parker Washington,,Eli Heidenreich,RB,0.02%,0
549,5248215293,kaisersousay,0,176.92,DST Raiders  FLEX Ladd McConkey QB Kyler Murray RB Jahmyr Gibbs RB Bucky Irving TE Mark Andrews WR Chris Olave WR DeVonta Smith WR Jalen Coker,,Skyler Bell,FLEX,0.02%,0
550,5244334332,kittykittykitty (2/7),0,176.90001,DST Lions  FLEX Jadarian Price QB Jaxson Dart RB Bijan Robinson RB Cam Skattebo TE Isaiah Likely WR Justin Jefferson WR Parker Washington WR Michael Pittman Jr.,,Michael Bandy,WR,0.02%,0
550,5246779676,jimmyb01938 (11/14),0,176.90001,DST Jets  FLEX Bijan Robinson QB Tyler Shough RB Kenneth Walker III RB Rhamondre Stevenson TE Sam LaPorta WR Chris Olave WR Luther Burden III WR Marvin Harrison Jr.,,Emmett Johnson,FLEX,0.01%,8.8
552,5248445370,UrsulaBecker (9/20),0,176.88,DST Packers  FLEX Tucker Kraft QB Jordan Love RB Jahmyr Gibbs RB Jonathan Taylor TE Tyler Warren WR Amon-Ra St. Brown WR Christian Watson WR Chris Bell,,Reggie Virgil,WR,0.01%,0
552,5248451582,UrsulaBecker (14/20),0,176.88,DST Packers  FLEX Tucker Kraft QB Jordan Love RB Jahmyr Gibbs RB Jonathan Taylor TE Tyler Warren WR Amon-Ra St. Brown WR Christian Watson WR Chris Bell,,Jalen Brooks,WR,0.01%,0
552,5248454407,UrsulaBecker (18/20),0,176.88,DST Packers  FLEX Tucker Kraft QB Jordan Love RB Jahmyr Gibbs RB Jonathan Taylor TE Tyler Warren WR Amon-Ra St. Brown WR Christian Watson WR Chris Bell,,Ben VanSumeren,RB,0.01%,0
555,5244113184,sawyer8802,0,176.86,DST Seahawks  FLEX Quentin Johnston QB Lamar Jackson RB Kenneth Walker III RB David Montgomery TE Harold Fannin Jr. WR Jaxon Smith-Njigba WR Garrett Wilson WR Deebo Samuel Sr.,,Cedric Tillman,FLEX,0.01%,0
555,5245588644,jbautista1974 (1/2),0,176.86,DST Lions  FLEX Jahmyr Gibbs QB Lamar Jackson RB Bijan Robinson RB Christian McCaffrey TE Cole Kmet WR Ladd McConkey WR Jerry Jeudy WR Devaughn Vele,,Jalen Tolbert,FLEX,0.01%,0
557,5246719940,Danny_9114 (6/20),0,176.8,DST Cardinals  FLEX Dallas Goedert QB Trevor Lawrence RB Christian McCaffrey RB Kenneth Walker III TE Brenton Strange WR Puka Nacua WR Justin Jefferson WR Jakobi Meyers,,Jackson Hawes,TE,0.01%,0
558,5247447001,tbjones2121 (11/20),0,176.73999,DST Jets  FLEX De'Von Achane QB Baker Mayfield RB Jahmyr Gibbs RB Derrick Henry TE Michael Mayer WR Jaxon Smith-Njigba WR Chris Godwin Jr. WR Devaughn Vele,,Sean Tucker,FLEX,0.01%,0
559,5244158086,jaiess,0,176.70001,DST Chargers  FLEX Jahmyr Gibbs QB Trevor Lawrence RB Bijan Robinson RB Tony Pollard TE Harold Fannin Jr. WR Chris Olave WR Jalen Coker WR Ryan Flournoy,,Rachaad White,FLEX,0.01%,4.7
559,5245254517,Sirchosen (5/20),0,176.7,DST Jets  FLEX Saquon Barkley QB Jaxson Dart RB Jahmyr Gibbs RB Jonathan Taylor TE Dallas Goedert WR Chris Olave WR Michael Pittman Jr. WR Tre Tucker,,Nick Westbrook-Ikhine,WR,0.01%,0
559,5246151586,douknowbigt,0,176.7,DST Jaguars  FLEX Sam LaPorta QB Tyler Shough RB Jahmyr Gibbs RB Bijan Robinson TE Juwan Johnson WR Chris Olave WR Drake London WR Tre Tucker,,Skyler Bell,WR,0.01%,0
562,5247643744,RR7373 (18/20),0,176.62,DST Titans  FLEX Bucky Irving QB Jalen Hurts RB Jahmyr Gibbs RB Javonte Williams TE Dallas Goedert WR DeVonta Smith WR Mike Evans WR Devaughn Vele,,Jimmy Horn Jr.,FLEX,0.01%,-1
563,5245815194,rjorgen (1/2),0,176.6,DST Jets  FLEX Isaiah Likely QB Jaxson Dart RB Jahmyr Gibbs RB Rhamondre Stevenson TE Michael Mayer WR Puka Nacua WR Chris Olave WR DeVonta Smith,,Luke McCaffrey,WR,0.01%,0
563,5246397262,jbuc10951 (1/20),0,176.6,DST Raiders  FLEX Harold Fannin Jr. QB Jaxson Dart RB Jahmyr Gibbs RB Bijan Robinson TE Sam LaPorta WR Puka Nacua WR Jayden Reed WR Jalen Coker,,Johnny Mundt,TE,0.01%,0
563,5247573431,syphuon,0,176.6,DST Jaguars  FLEX David Montgomery QB Trevor Lawrence RB Jahmyr Gibbs RB Omarion Hampton TE Oronde Gadsden II WR Ladd McConkey WR Parker Washington WR Deebo Samuel Sr.,,Will Shipley,FLEX,0.01%,2.2
566,5241912746,1Cooper22 (9/16),0,176.46,DST Raiders  FLEX Derrick Henry QB Lamar Jackson RB Jahmyr Gibbs RB Saquon Barkley TE Jake Ferguson WR Zay Flowers WR Deebo Samuel Sr. WR Skyler Bell,,Kaden Wetjen,FLEX,0.01%,0
566,5243991375,JPLosman0711 (19/20),0,176.46,DST Jets  FLEX Bijan Robinson QB Lamar Jackson RB Jahmyr Gibbs RB Christian McCaffrey TE Tyler Warren WR Zay Flowers WR Ja'Kobi Lane WR Caleb Douglas,,Jackson Meeks,TE,0.01%,0
568,5242660320,kpato82 (9/20),0,176.4,DST Jets  FLEX Chase Brown QB Jaxson Dart RB Jahmyr Gibbs RB Christian McCaffrey TE Colston Loveland WR Garrett Wilson WR Jalen Coker WR Devaughn Vele,,Joshua Palmer,WR,0.01%,10.4
569,5244990516,TY54321 (1/20),0,176.34001,DST Jets  FLEX Brenton Strange QB Jared Goff RB Jahmyr Gibbs RB Ashton Jeanty TE Mason Taylor WR Amon-Ra St. Brown WR Chris Olave WR Davante Adams,,Jordyn Tyson,WR,0.01%,0
570,5243976318,pat_the_hat2 (18/20),0,176.3,DST Jaguars  FLEX Michael Mayer QB Trevor Lawrence RB Jahmyr Gibbs RB Javonte Williams TE Brenton Strange WR CeeDee Lamb WR Nico Collins WR Parker Washington,,Jaylen Wright,FLEX,0.01%,-0.1
570,5243707969,JohnZaps (1/6),0,176.29999,DST Steelers  FLEX De'Von Achane QB Geno Smith RB Jahmyr Gibbs RB Quinshon Judkins TE Juwan Johnson WR Amon-Ra St. Brown WR Garrett Wilson WR Jalen Coker,,Nate Boerkircher,TE,0.01%,1.9
570,5247771506,JohnZaps (6/6),0,176.29999,DST Steelers  FLEX De'Von Achane QB Geno Smith RB Jahmyr Gibbs RB Quinshon Judkins TE Juwan Johnson WR Amon-Ra St. Brown WR Garrett Wilson WR Jalen Coker,,Jonnu Smith,FLEX,0.01%,7
573,5244801015,MR.18ZPEEEED (7/20),0,176.26001,DST Jets  FLEX Juwan Johnson QB Josh Allen RB De'Von Achane RB Ashton Jeanty TE David Njoku WR CeeDee Lamb WR Justin Jefferson WR Luther Burden III,,Jacob Saylors,FLEX,0.01%,0
574,5247989565,Jacksonmandm1,0,176.20001,DST Jaguars  FLEX Sam LaPorta QB Jaxson Dart RB Jahmyr Gibbs RB Bijan Robinson TE Tyler Warren WR George Pickens WR Jayden Reed WR Jalen Coker,,Carson Wentz,QB,0.01%,19.22
574,5245640214,QTip1983,0,176.2,DST Vikings  FLEX CeeDee Lamb QB Trevor Lawrence RB Bijan Robinson RB Derrick Henry TE Juwan Johnson WR Garrett Wilson WR DJ Moore WR Xavier Worthy,,AJ Dillon,RB,0.01%,2.8
576,5248278549,chicalipete (8/20),0,176.13998,DST Jets  FLEX Sam LaPorta QB Jared Goff RB Jahmyr Gibbs RB Derrick Henry TE Juwan Johnson WR Amon-Ra St. Brown WR Garrett Wilson WR DK Metcalf,,Braxton Berrios,WR,0.01%,0
577,5240400263,tlynch0 (11/20),0,176.06,DST Titans  FLEX Travis Kelce QB Patrick Mahomes RB Jahmyr Gibbs RB Bijan Robinson TE Michael Mayer WR Jaxon Smith-Njigba WR Chris Olave WR Xavier Worthy,,Tylan Wallace,WR,0.01%,0
578,5246198164,stock2mail (7/20),0,176.04,DST Browns  FLEX Travis Kelce QB Bryce Young RB Jahmyr Gibbs RB Bijan Robinson TE Michael Mayer WR Ja'Marr Chase WR Puka Nacua WR Jalen Coker,,Gunnar Helm,FLEX,0.01%,6.8
579,5248369264,khtheosfan1 (3/3),0,175.99998,DST Giants  FLEX Breece Hall QB Jaxson Dart RB Kenneth Walker III RB Kyren Williams TE Juwan Johnson WR Justin Jefferson WR Tetairoa McMillan WR Garrett Wilson,,Robert Henry Jr.,FLEX,0.01%,0
580,5248435868,monileo12 (8/20),0,175.92,DST Jaguars  FLEX T.J. Hockenson QB Kyler Murray RB Jahmyr Gibbs RB Ashton Jeanty TE Mark Andrews WR CeeDee Lamb WR Justin Jefferson WR Devaughn Vele,,James Conner,RB,0.01%,0
581,5243642529,NATION81 (1/5),0,175.90001,DST Vikings  FLEX Harold Fannin Jr. QB Jaxson Dart RB Omarion Hampton RB Ashton Jeanty TE Dallas Goedert WR Chris Olave WR DeVonta Smith WR Zay Flowers,,Jake Bobo,FLEX,0.01%,0
581,5246030891,NATION81 (4/5),0,175.90001,DST Vikings  FLEX Harold Fannin Jr. QB Jaxson Dart RB Omarion Hampton RB Ashton Jeanty TE Dallas Goedert WR Chris Olave WR DeVonta Smith WR Zay Flowers,,Dylan Sampson,FLEX,0.01%,0
583,5247348029,chipcosby,0,175.86,DST Vikings  FLEX Ja'Kobi Lane QB Lamar Jackson RB Jahmyr Gibbs RB Bijan Robinson TE Dalton Schultz WR Jaxon Smith-Njigba WR Chris Olave WR Rashod Bateman,,Erick All Jr.,FLEX,0.01%,0
584,5240400270,tlynch0 (18/20),0,175.84,DST Jets  FLEX Saquon Barkley QB Jared Goff RB Jahmyr Gibbs RB Travis Etienne Jr. TE Michael Mayer WR Amon-Ra St. Brown WR Chris Olave WR Devaughn Vele,,Austin Hooper,TE,0.01%,0
585,5241312093,willmcbrinn (1/15),0,175.7,DST Texans  FLEX Tyler Allgeier QB Tyler Shough RB Jahmyr Gibbs RB Travis Etienne Jr. TE Juwan Johnson WR Chris Olave WR George Pickens WR Christian Watson,,Jack Westover,FLEX,0.01%,0
585,5243976303,pat_the_hat2 (3/20),0,175.7,DST Seahawks  FLEX Ashton Jeanty QB Trevor Lawrence RB Bijan Robinson RB Jonathan Taylor TE Brenton Strange WR Tee Higgins WR Parker Washington WR Tre' Harris,,Michael Carter,RB,0.01%,0
585,5245978383,dunte82 (2/2),0,175.69998,DST Titans  FLEX Juwan Johnson QB Tyler Shough RB Jahmyr Gibbs RB Bijan Robinson TE Mark Andrews WR Ja'Marr Chase WR Chris Olave WR Devaughn Vele,,Roschon Johnson,FLEX,0.01%,0
588,5245667363,HurricaneCal (9/20),0,175.65999,DST Patriots  FLEX Tyler Warren QB Lamar Jackson RB Jonathan Taylor RB Javonte Williams TE Colston Loveland WR Chris Olave WR Zay Flowers WR Devaughn Vele,,Cash Jones,RB,0.01%,0
589,5245067494,jtsnakester (16/20),0,175.6,DST Titans  FLEX Kenneth Walker III QB Trevor Lawrence RB De'Von Achane RB Derrick Henry TE Brenton Strange WR Jaxon Smith-Njigba WR Parker Washington WR Tre Tucker,,Kene Nwangwu,RB,0.01%,0
589,5247486036,Lscanson (6/20),0,175.59999,DST Steelers  FLEX Juwan Johnson QB Jaxson Dart RB Jahmyr Gibbs RB Kyren Williams TE Colston Loveland WR Puka Nacua WR Chris Olave WR Devaughn Vele,,Joe Milton III,QB,0.01%,0
591,5242525419,Pokerbeast420 (10/20),0,175.5,DST Cardinals  FLEX Kayshon Boutte QB Jaxson Dart RB Bijan Robinson RB Jonathan Taylor TE Dallas Goedert WR Puka Nacua WR Drake London WR Jalen Coker,,Malik Davis,FLEX,0.01%,0
591,5248444626,taxman1228 (7/9),0,175.49998,DST Eagles  FLEX Bijan Robinson QB Jaxson Dart RB Jahmyr Gibbs RB Rhamondre Stevenson TE Mark Andrews WR Amon-Ra St. Brown WR Jayden Reed WR Devaughn Vele,,Isaiah Davis,FLEX,0.01%,0
593,5248376397,RubyX220 (2/4),0,175.48,DST Cardinals  FLEX Chris Bell QB Jordan Love RB Jonathan Taylor RB Ashton Jeanty TE Tucker Kraft WR Jaxon Smith-Njigba WR Chris Olave WR George Pickens,,Justin Fields,QB,0.01%,0
594,5245085475,raremind (1/3),0,175.45999,DST Jaguars  FLEX Kenneth Walker III QB Joe Burrow RB Derrick Henry RB Rhamondre Stevenson TE Dallas Goedert WR Ja'Marr Chase WR Michael Wilson WR Devaughn Vele,,Thomas Odukoya,TE,0.01%,0
594,5246955075,dibhotman,0,175.45999,DST Chiefs  FLEX Rico Dowdle QB Joe Burrow RB Kenneth Walker III RB Javonte Williams TE Dallas Goedert WR Ja'Marr Chase WR Ladd McConkey WR Jalen Coker,,Zachariah Branch,WR,0.01%,0
596,5247729458,Icebergg (2/4),0,175.42,DST Vikings  FLEX DJ Moore QB Jalen Hurts RB Jahmyr Gibbs RB Cam Skattebo TE Dallas Goedert WR Garrett Wilson WR Alec Pierce WR Parker Washington,,Brashard Smith,RB,0.01%,0
597,5246076722,Christianmc (4/20),0,175.40001,DST Jets  FLEX Sam LaPorta QB Jaxson Dart RB Jahmyr Gibbs RB Christian McCaffrey TE Gunnar Helm WR Jaxon Smith-Njigba WR George Pickens WR Jalen Coker,,Casey Washington,WR,0.01%,0
597,5241442395,toastmaster2015,0,175.4,DST Jets  FLEX Cam Skattebo QB Jaxson Dart RB Saquon Barkley RB David Montgomery TE Dallas Goedert WR Jaxon Smith-Njigba WR Chris Olave WR Quentin Johnston,,Davis Allen,TE,0.01%,2.3
597,5247703477,Nomada4444,0,175.4,DST Steelers  FLEX Omarion Hampton QB Tyler Shough RB Jonathan Taylor RB Chase Brown TE Juwan Johnson WR Chris Olave WR Jameson Williams WR Devaughn Vele,,Efton Chism III,WR,0.01%,0
600,5247033951,Tdog1511 (1/20),0,175.37999,DST Giants  FLEX Jonathan Taylor QB Jacoby Brissett RB Jahmyr Gibbs RB Bijan Robinson TE Dalton Schultz WR Jaxon Smith-Njigba WR Marvin Harrison Jr. WR Devaughn Vele,,Jaylin Noel,FLEX,0.01%,7.3
601,5245222808,maddawg65 (1/2),0,175.3,DST Raiders  FLEX Dalton Schultz QB Jaxson Dart RB Bijan Robinson RB Jonathan Taylor TE Sam LaPorta WR Puka Nacua WR Amon-Ra St. Brown WR Devaughn Vele,,Darnell Washington,FLEX,0.01%,3.8
601,5247032758,darinboudreau,0,175.3,DST Steelers  FLEX Isaiah Likely QB Brock Purdy RB Ashton Jeanty RB Travis Etienne Jr. TE Kyle Pitts Sr. WR Jaxon Smith-Njigba WR Jameson Williams WR Ladd McConkey,,Dyami Brown,WR,0.01%,0
601,5244880836,vanb11,0,175.29999,DST Jets  FLEX Jaylen Warren QB Jaxson Dart RB Kyren Williams RB Jadarian Price TE Isaiah Likely WR Jaxon Smith-Njigba WR Chris Olave WR Mike Evans,,Josh Williams,RB,0.01%,0
601,5247298273,clbergh1 (13/14),0,175.29999,DST Titans  FLEX Kenneth Walker III QB Tyler Shough RB Bijan Robinson RB MarShawn Lloyd TE Mark Andrews WR Jaxon Smith-Njigba WR Chris Olave WR Tre Tucker,,Kevin Austin Jr.,WR,0.01%,0
605,5247111792,minrobertson210 (8/20),0,175.28,DST Jets  FLEX Marvin Harrison Jr. QB Jacoby Brissett RB Jahmyr Gibbs RB Javonte Williams TE Trey McBride WR Amon-Ra St. Brown WR Michael Wilson WR Devaughn Vele,,Al-Jay Henderson,FLEX,0.01%,0
606,5247036077,HouseofRacing (6/20),0,175.20001,DST Jets  FLEX Harold Fannin Jr. QB Trevor Lawrence RB Jahmyr Gibbs RB Jonathan Taylor TE Brenton Strange WR Chris Olave WR Tetairoa McMillan WR Parker Washington,,Zamir White,FLEX,0.01%,0
607,5245109494,helpme13 (16/16),0,175.16002,DST Chiefs  FLEX Jahmyr Gibbs QB Patrick Mahomes RB Kenneth Walker III RB D'Andre Swift TE Travis Kelce WR Rashee Rice WR Davante Adams WR Xavier Worthy,,Dillon Bell,WR,0.01%,0
607,5245276550,FrankieNoLeaks (3/7),0,175.16,DST Falcons  FLEX D'Andre Swift QB Patrick Mahomes RB Jeremiyah Love RB David Montgomery TE Tucker Kraft WR Nico Collins WR Chris Olave WR Chris Godwin Jr.,,Tyler Badie,RB,0.01%,0
609,5247858050,Sally_Bunn (1/3),0,175.13998,DST Jaguars  FLEX Ashton Jeanty QB Bryce Young RB Jahmyr Gibbs RB Bijan Robinson TE Michael Mayer WR Ja'Marr Chase WR Cooper Kupp WR Ryan Flournoy,,Lucas Krull,FLEX,0.01%,0
609,5247858051,Sally_Bunn (2/3),0,175.13998,DST Seahawks  FLEX Ashton Jeanty QB Bryce Young RB Jahmyr Gibbs RB Bijan Robinson TE Michael Mayer WR Ja'Marr Chase WR Cooper Kupp WR Ryan Flournoy,,Kolbe Katsis,WR,0.01%,0
609,5247858052,Sally_Bunn (3/3),0,175.13998,DST Jaguars  FLEX Ashton Jeanty QB Bryce Young RB Jahmyr Gibbs RB Bijan Robinson TE Michael Mayer WR Ja'Marr Chase WR Cooper Kupp WR Ryan Flournoy,,Calvin Austin III,FLEX,0.01%,0
612,5240727192,publix15 (3/3),0,175.1,DST Colts  FLEX Travis Etienne Jr. QB Dak Prescott RB Jonathan Taylor RB Derrick Henry TE Mark Andrews WR Zay Flowers WR George Pickens WR Jalen Coker,,Fernando Mendoza,QB,0.01%,0
613,5246260647,hansgruberfc,0,175.06,DST Giants  FLEX Amon-Ra St. Brown QB Justin Herbert RB Jahmyr Gibbs RB Jonathan Taylor TE Juwan Johnson WR Luther Burden III WR Quentin Johnston WR Jalen Coker,,Trayvon Rudolph,FLEX,0.01%,0
613,5245067497,jtsnakester (19/20),0,175.05998,DST Bengals  FLEX Caleb Douglas QB C.J. Stroud RB Jonathan Taylor RB Saquon Barkley TE Dalton Schultz WR Jaxon Smith-Njigba WR Nico Collins WR Chris Olave,,Tyler Higbee,FLEX,0.01%,2.2
615,5246166167,DANGPOPS,0,175.02,DST Seahawks  FLEX Makai Lemon QB Jalen Hurts RB Kyren Williams RB Bucky Irving TE Dallas Goedert WR Jaxon Smith-Njigba WR DeVonta Smith WR Jalen Coker,,Kenyon Sadiq,FLEX,0.01%,11.4
616,5243143397,renegade (13/20),0,175,DST Jaguars  FLEX Omarion Hampton QB Trevor Lawrence RB Bijan Robinson RB Breece Hall TE Travis Kelce WR Amon-Ra St. Brown WR Parker Washington WR Caleb Douglas,,Tank Dell,WR,0.01%,0
617,5244538711,billsboys,0,174.95999,DST Seahawks  FLEX Justin Jefferson QB Josh Allen RB Jonathan Taylor RB Derrick Henry TE Travis Kelce WR Quentin Johnston WR Romeo Doubs WR Denzel Boston,,Andrei Iosivas,FLEX,0.01%,3.2
617,5245254530,Sirchosen (18/20),0,174.95999,DST Steelers  FLEX Colston Loveland QB Caleb Williams RB Jahmyr Gibbs RB Kenneth Walker III TE Juwan Johnson WR CeeDee Lamb WR Luther Burden III WR Tre Tucker,,Malik Benson,WR,0.01%,0.8
619,5246988911,msabapat (17/20),0,174.92,DST 49ers  FLEX Harold Fannin Jr. QB Jalen Hurts RB Jonathan Taylor RB Derrick Henry TE Dallas Goedert WR Chris Olave WR DeVonta Smith WR Luther Burden III,,Luke Schoonmaker,TE,0.01%,2.2
619,5246988912,msabapat (18/20),0,174.92,DST 49ers  FLEX Harold Fannin Jr. QB Jalen Hurts RB Jonathan Taylor RB Derrick Henry TE Dallas Goedert WR Chris Olave WR DeVonta Smith WR Luther Burden III,,Reggie Gilliam,RB,0.01%,0
621,5243471325,cjwarriors (8/14),0,174.9,DST Titans  FLEX Javonte Williams QB Brock Purdy RB Christian McCaffrey RB Kyren Williams TE Juwan Johnson WR Chris Olave WR Mike Evans WR Jalen Coker,,Noah Gray,FLEX,0.01%,1.5
621,5243712061,Coachlars (8/20),0,174.9,DST Falcons  FLEX Mike Evans QB Tyler Shough RB Jahmyr Gibbs RB Jadarian Price TE Michael Mayer WR Jaxon Smith-Njigba WR Chris Olave WR Wan'Dale Robinson,,Lil'Jordan Humphrey,WR,0.01%,0