Rank,EntryId,EntryName,TimeRemaining,Points,Lineup,,Player,Roster Position,%Drafted,FPTS
1,5255787216,Nobodyshero2727 (89/150),0,228.68,DST Panthers  FLEX George Kittle QB Brock Purdy RB Christian McCaffrey RB Chuba Hubbard TE Dalton Schultz WR Jaxon Smith-Njigba WR CeeDee Lamb WR Demarcus Robinson,,Bijan Robinson,RB,40.19%,11.1
2,5257400456,jspawloski (2/17),0,228.36,DST Panthers  FLEX George Pickens QB Dak Prescott RB Braelon Allen RB Jonah Coleman TE Dalton Schultz WR Jaxon Smith-Njigba WR Ja'Marr Chase WR CeeDee Lamb,,Derrick Henry,RB,28.71%,17.7
3,5262268522,devoboards (22/150),0,227.98001,DST Panthers  FLEX George Kittle QB Brock Purdy RB Christian McCaffrey RB De'Von Achane TE Dalton Schultz WR Jaxon Smith-Njigba WR CeeDee Lamb WR Roman Wilson,,Dalton Schultz,TE,23.83%,29
4,5256844611,drewbushman (113/150),0,227.85999,DST Patriots  FLEX Jaxon Smith-Njigba QB Dak Prescott RB Derrick Henry RB Aaron Jones Sr. TE Dalton Schultz WR CeeDee Lamb WR Stefon Diggs WR Devaughn Vele,,Aaron Jones Sr.,RB,19.81%,13.5
5,5262555575,snejames001 (28/150),0,225.86,DST Panthers  FLEX Dalton Schultz QB Dak Prescott RB Christian McCaffrey RB Bucky Irving TE Mason Taylor WR Jaxon Smith-Njigba WR CeeDee Lamb WR Stefon Diggs,,CeeDee Lamb,WR,17.36%,38.3
6,5259704937,lvsmanhole (80/150),0,225.22,DST Patriots  FLEX Jaxon Smith-Njigba QB Kirk Cousins RB Christian McCaffrey RB Bucky Irving TE Dalton Schultz WR Ja'Marr Chase WR Tre Tucker WR Denzel Boston,,Garrett Wilson,WR,16.58%,16.7
7,5263442465,weezy3232 (22/23),0,225.18001,DST Panthers  FLEX Jaxon Smith-Njigba QB Tyler Shough RB Breece Hall RB Bucky Irving TE Dalton Schultz WR Chris Olave WR DeVonta Smith WR Rashod Bateman,,George Pickens,WR,15.70%,10
8,5258163831,BoangTao33 (82/150),0,224.86,DST Panthers  FLEX Jaxon Smith-Njigba QB Dak Prescott RB De'Von Achane RB Aaron Jones Sr. TE Dalton Schultz WR CeeDee Lamb WR George Pickens WR Denzel Boston,,Christian McCaffrey,RB,15.32%,22.6
9,5262189046,Sajohnson98 (136/150),0,224.18,DST Panthers  FLEX George Kittle QB Brock Purdy RB Christian McCaffrey RB Chuba Hubbard TE Dalton Schultz WR Jaxon Smith-Njigba WR CeeDee Lamb WR DeMario Douglas,,Ja'Marr Chase,WR,15.03%,26.5
10,5259825883,xmalachi (40/150),0,223.9,DST Panthers  FLEX Dalton Schultz QB Drew Lock RB Christian McCaffrey RB Aaron Jones Sr. TE Mark Andrews WR Jaxon Smith-Njigba WR CeeDee Lamb WR Garrett Wilson,,Justin Jefferson,WR,14.29%,8.5
11,5259517404,clintjr8195 (37/150),0,223.86,DST Panthers  FLEX Jake Ferguson QB Dak Prescott RB Derrick Henry RB Omarion Hampton TE Dalton Schultz WR CeeDee Lamb WR Chris Olave WR Stefon Diggs,,Jalen Coker,WR,13.89%,14.6
12,5262654432,itlldofarm (104/150),0,223.45999,DST Panthers  FLEX CeeDee Lamb QB Dak Prescott RB Jaylen Warren RB Aaron Jones Sr. TE Dalton Schultz WR Jaxon Smith-Njigba WR George Pickens WR Stefon Diggs,,Terry McLaurin,WR,13.84%,7
12,5263436034,bhess777 (74/100),0,223.45999,DST Panthers  FLEX Jaxon Smith-Njigba QB Dak Prescott RB Jaylen Warren RB Aaron Jones Sr. TE Dalton Schultz WR CeeDee Lamb WR George Pickens WR Stefon Diggs,,Dak Prescott,QB,12.87%,29.76
14,5261811770,KTR84 (15/20),0,223.28,DST Panthers  FLEX George Kittle QB Brock Purdy RB Christian McCaffrey RB Aaron Jones Sr. TE Dalton Schultz WR CeeDee Lamb WR DeVonta Smith WR Garrett Wilson,,Javonte Williams,RB,12.85%,8
15,5260194499,Zombie333 (20/20),0,223.18001,DST Jets  FLEX George Kittle QB Brock Purdy RB Christian McCaffrey RB Aaron Jones Sr. TE Dalton Schultz WR Jaxon Smith-Njigba WR CeeDee Lamb WR Rashod Bateman,,Matthew Golden,WR,12.80%,9.8
16,5260922998,rseid12345 (11/150),0,222.90001,DST Panthers  FLEX Trey McBride QB Drew Lock RB Chuba Hubbard RB Aaron Jones Sr. TE Dalton Schultz WR Jaxon Smith-Njigba WR CeeDee Lamb WR Garrett Wilson,,Mark Andrews,TE,12.02%,10.9
17,5256711750,suntzjim (41/150),0,222.66,DST Patriots  FLEX Jake Ferguson QB Dak Prescott RB Christian McCaffrey RB Aaron Jones Sr. TE Dalton Schultz WR Ja'Marr Chase WR CeeDee Lamb WR Stefon Diggs,,Michael Mayer,TE,11.76%,5.3
18,5255805847,Racktracker13 (16/150),0,221.86002,DST Jets  FLEX Jake Ferguson QB Dak Prescott RB Bucky Irving RB Aaron Jones Sr. TE Dalton Schultz WR Jaxon Smith-Njigba WR Ja'Marr Chase WR CeeDee Lamb,,Ashton Jeanty,RB,11.76%,10.3
19,5261781200,henry296 (58/150),0,221.66,DST Panthers  FLEX Denzel Boston QB Dak Prescott RB Omarion Hampton RB Bucky Irving TE Jake Ferguson WR Jaxon Smith-Njigba WR CeeDee Lamb WR Matthew Golden,,Javonte Williams,FLEX,11.57%,8
20,5262308971,abernethy89 (62/150),0,221.16,DST Panthers  FLEX Dalton Schultz QB Dak Prescott RB Bucky Irving RB Chuba Hubbard TE Tucker Kraft WR Jaxon Smith-Njigba WR CeeDee Lamb WR Stefon Diggs,,Buccaneers ,DST,10.85%,2
21,5260549279,ialmost1 (24/150),0,221.06,DST Patriots  FLEX Michael Mayer QB Dak Prescott RB Javonte Williams RB Aaron Jones Sr. TE Dalton Schultz WR Jaxon Smith-Njigba WR CeeDee Lamb WR DeVonta Smith,,Bucky Irving,RB,10.51%,13
22,5262566477,TB701 (78/150),0,220.76001,DST Panthers  FLEX Evan Engram QB Dak Prescott RB Omarion Hampton RB Breece Hall TE Dalton Schultz WR Jaxon Smith-Njigba WR CeeDee Lamb WR Parker Washington,,Jaxon Smith-Njigba,WR,10.39%,45.5
23,5259517456,clintjr8195 (89/150),0,220.7,DST Patriots  FLEX Mark Andrews QB Drew Lock RB Omarion Hampton RB Aaron Jones Sr. TE Dalton Schultz WR Jaxon Smith-Njigba WR CeeDee Lamb WR Chris Olave,,Brock Purdy,QB,10.38%,28.48
24,5260983142,drmcpool (36/150),0,220.62,DST Panthers  FLEX Jaxon Smith-Njigba QB C.J. Stroud RB Breece Hall RB Chuba Hubbard TE Dalton Schultz WR Ja'Marr Chase WR CeeDee Lamb WR Xavier Hutchinson,,Christian Watson,WR,10.36%,14.1
25,5257850242,PNH324 (129/150),0,220.48001,DST Panthers  FLEX Juwan Johnson QB Brock Purdy RB Christian McCaffrey RB Aaron Jones Sr. TE Dalton Schultz WR Jaxon Smith-Njigba WR CeeDee Lamb WR Deebo Samuel Sr.,,DK Metcalf,WR,9.95%,6.7
26,5262195967,KCMO24 (1/150),0,219.56001,DST Patriots  FLEX Michael Mayer QB Dak Prescott RB Christian McCaffrey RB Aaron Jones Sr. TE Dalton Schultz WR Jaxon Smith-Njigba WR CeeDee Lamb WR Jalen Coker,,Christian McCaffrey,FLEX,9.59%,22.6
26,5262666495,therizzo (14/150),0,219.56,DST Panthers  FLEX CeeDee Lamb QB Dak Prescott RB Omarion Hampton RB Javonte Williams TE Dalton Schultz WR Ja'Marr Chase WR Stefon Diggs WR Rashod Bateman,,Jayden Daniels,QB,9.21%,14.74
28,5261469362,ramarbury (74/150),0,219.48,DST Patriots  FLEX Dalton Schultz QB Bryce Young RB Christian McCaffrey RB Aaron Jones Sr. TE Mark Andrews WR Jaxon Smith-Njigba WR CeeDee Lamb WR Jalen Coker,,Parker Washington,WR,9.02%,16.8
29,5260174693,MNKD (142/150),0,219.18001,DST Panthers  FLEX Christian McCaffrey QB Brock Purdy RB Derrick Henry RB Aaron Jones Sr. TE Dalton Schultz WR Jaxon Smith-Njigba WR Jalen Coker WR Rashod Bateman,,Breece Hall,RB,8.45%,14.2
30,5262226186,mpeter692 (133/150),0,218.88,DST Panthers  FLEX Jaxon Smith-Njigba QB Bryce Young RB Chuba Hubbard RB Aaron Jones Sr. TE Dalton Schultz WR CeeDee Lamb WR George Pickens WR Tetairoa McMillan,,Colston Loveland,TE,8.34%,1.3
31,5261742454,Silverado518 (73/150),0,218.36,DST Patriots  FLEX Jaxon Smith-Njigba QB Dak Prescott RB Omarion Hampton RB Bucky Irving TE Dalton Schultz WR CeeDee Lamb WR Jalen Coker WR Malik Washington,,Stefon Diggs,WR,8.29%,21.7
32,5260026508,markertassel (50/150),0,218.31999,DST Panthers  FLEX Jaxon Smith-Njigba QB Bo Nix RB Bucky Irving RB Aaron Jones Sr. TE Dalton Schultz WR Ja'Marr Chase WR CeeDee Lamb WR Devaughn Vele,,Luther Burden III,WR,8.10%,6.2
33,5257593284,BucNasty27 (5/150),0,218.26001,DST Panthers  FLEX Dalton Schultz QB Dak Prescott RB Derrick Henry RB Chuba Hubbard TE Juwan Johnson WR Jaxon Smith-Njigba WR CeeDee Lamb WR Terry McLaurin,,Ravens ,DST,8.06%,3
33,5261453152,AverageTuesday (133/150),0,218.26,DST Panthers  FLEX Dalton Schultz QB Dak Prescott RB Javonte Williams RB Bucky Irving TE Hunter Henry WR Jaxon Smith-Njigba WR CeeDee Lamb WR Stefon Diggs,,49ers ,DST,7.89%,8
35,5259490237,Amenrabuck (21/150),0,218.18,DST Panthers  FLEX CeeDee Lamb QB Brock Purdy RB Chuba Hubbard RB Aaron Jones Sr. TE Dalton Schultz WR Jaxon Smith-Njigba WR Parker Washington WR Luther Burden III,,Quentin Johnston,WR,7.80%,2.4
36,5255805874,Racktracker13 (43/150),0,217.78001,DST Panthers  FLEX George Kittle QB Brock Purdy RB Christian McCaffrey RB Chuba Hubbard TE Dalton Schultz WR Jaxon Smith-Njigba WR Ja'Marr Chase WR Ryan Flournoy,,Saquon Barkley,RB,7.59%,3
37,5261618957,Schrinepiece92 (117/150),0,217.7,DST Panthers  FLEX Greg Dulcich QB Drew Lock RB Christian McCaffrey RB Chuba Hubbard TE Dalton Schultz WR Jaxon Smith-Njigba WR CeeDee Lamb WR Parker Washington,,Devaughn Vele,WR,7.48%,11.4
38,5261328784,JMK529 (27/150),0,217.65999,DST Panthers  FLEX Dalton Schultz QB Dak Prescott RB Derrick Henry RB Aaron Jones Sr. TE Mark Andrews WR Jaxon Smith-Njigba WR CeeDee Lamb WR Terry McLaurin,,Tetairoa McMillan,WR,7.33%,18.1
39,5262744291,qdales1 (35/150),0,217.48,DST Patriots  FLEX George Kittle QB Brock Purdy RB Derrick Henry RB Aaron Jones Sr. TE Dalton Schultz WR Jaxon Smith-Njigba WR Chris Olave WR Stefon Diggs,,Jaguars ,DST,7.12%,3
40,5260766778,JPTarHeel4Life (135/150),0,217.24,DST Panthers  FLEX Jaxon Smith-Njigba QB Jayden Daniels RB Chuba Hubbard RB Aaron Jones Sr. TE Dalton Schultz WR CeeDee Lamb WR Christian Watson WR Stefon Diggs,,Carson Wentz,QB,7.08%,6.32
41,5262264883,TheodoreStampsV (9/150),0,216.98001,DST Panthers  FLEX Jaylen Waddle QB Bryce Young RB Bucky Irving RB Aaron Jones Sr. TE Dalton Schultz WR Jaxon Smith-Njigba WR Ja'Marr Chase WR Jalen Coker,,Caleb Williams,QB,7.07%,8.72
42,5261916135,Zack7831 (62/150),0,216.95999,DST Panthers  FLEX Jacory Croskey-Merritt QB Dak Prescott RB Derrick Henry RB Aaron Jones Sr. TE Dalton Schultz WR Jaxon Smith-Njigba WR CeeDee Lamb WR Devaughn Vele,,David Montgomery,RB,7.01%,4.4
43,5258141234,Ocin_D_Clown (79/150),0,216.79999,DST Panthers  FLEX AJ Barner QB Drew Lock RB Javonte Williams RB Breece Hall TE Dalton Schultz WR Jaxon Smith-Njigba WR Ja'Marr Chase WR CeeDee Lamb,,Broncos ,DST,6.69%,8
44,5261986045,Jasong80 (148/150),0,216.78,DST Patriots  FLEX George Kittle QB Brock Purdy RB Bucky Irving RB Aaron Jones Sr. TE Dalton Schultz WR Jaxon Smith-Njigba WR CeeDee Lamb WR George Pickens,,Eagles ,DST,6.31%,3
45,5260188548,brabbit511 (21/150),0,216.76,DST Patriots  FLEX Jaxon Smith-Njigba QB Dak Prescott RB Breece Hall RB Aaron Jones Sr. TE Dalton Schultz WR CeeDee Lamb WR Christian Watson WR Devaughn Vele,,Jordan Love,QB,6.30%,13.8
45,5262124255,cmalas (2/150),0,216.76,DST Panthers  FLEX Michael Mayer QB Dak Prescott RB Derrick Henry RB Aaron Jones Sr. TE Dalton Schultz WR Ja'Marr Chase WR CeeDee Lamb WR DeVonta Smith,,Emeka Egbuka,WR,6.14%,10.3
45,5262587213,dreamchaser_b55 (94/150),0,216.76,DST Patriots  FLEX Dalton Schultz QB Dak Prescott RB Derrick Henry RB Aaron Jones Sr. TE Michael Mayer WR Jaxon Smith-Njigba WR CeeDee Lamb WR Garrett Wilson,,Bryce Young,QB,5.77%,24.08
48,5262222755,chieftom16 (52/100),0,216.68001,DST Patriots  FLEX Xavier Hutchinson QB Tyler Shough RB Derrick Henry RB Aaron Jones Sr. TE Dalton Schultz WR Jaxon Smith-Njigba WR CeeDee Lamb WR Chris Olave,,Mike Evans,WR,5.62%,8.4
48,5260895002,kidzero (21/150),0,216.68,DST Panthers  FLEX George Kittle QB Brock Purdy RB Ashton Jeanty RB Chuba Hubbard TE Dalton Schultz WR Jaxon Smith-Njigba WR CeeDee Lamb WR DK Metcalf,,Lamar Jackson,QB,5.59%,15.8
50,5261518544,KingNine (87/150),0,216.62,DST Panthers  FLEX Christian McCaffrey QB C.J. Stroud RB Bucky Irving RB Aaron Jones Sr. TE Dalton Schultz WR Jaxon Smith-Njigba WR CeeDee Lamb WR Malik Washington,,Chris Olave,WR,5.39%,22.6
51,5262541946,WOW318 (141/150),0,216.56,DST Broncos  FLEX Jake Ferguson QB Dak Prescott RB Derrick Henry RB Aaron Jones Sr. TE Dalton Schultz WR Jaxon Smith-Njigba WR CeeDee Lamb WR Tee Higgins,,Seahawks ,DST,5.14%,8
52,5260612929,COLTSwLuCKeOline (31/150),0,216.4,DST Panthers  FLEX Caleb Douglas QB Drew Lock RB Christian McCaffrey RB Bucky Irving TE Dalton Schultz WR Jaxon Smith-Njigba WR CeeDee Lamb WR Garrett Wilson,,Panthers ,DST,5.06%,26
53,5261289819,TheBigOuch (30/150),0,216.06,DST Panthers  FLEX Mark Andrews QB Dak Prescott RB Ashton Jeanty RB Rhamondre Stevenson TE Dalton Schultz WR Jaxon Smith-Njigba WR CeeDee Lamb WR Stefon Diggs,,Dallas Goedert,TE,4.90%,1.4
54,5261691788,3JOH22A (113/150),0,215.98001,DST Jets  FLEX George Kittle QB Brock Purdy RB Christian McCaffrey RB Aaron Jones Sr. TE Dalton Schultz WR Jaxon Smith-Njigba WR CeeDee Lamb WR Jalen Coker,,Patriots ,DST,4.88%,21
55,5263510865,Radley1975 (14/19),0,215.95999,DST Vikings  FLEX Christian McCaffrey QB Dak Prescott RB TreVeyon Henderson RB Aaron Jones Sr. TE Dalton Schultz WR Jaxon Smith-Njigba WR CeeDee Lamb WR Kayshon Boutte,,Deebo Samuel Sr.,WR,4.82%,6.5
56,5259490252,Amenrabuck (36/150),0,215.78,DST Panthers  FLEX Michael Mayer QB Baker Mayfield RB Omarion Hampton RB Aaron Jones Sr. TE Dalton Schultz WR Jaxon Smith-Njigba WR Ja'Marr Chase WR CeeDee Lamb,,Rashod Bateman,WR,4.65%,21.8
57,5262124258,cmalas (5/150),0,215.46,DST Panthers  FLEX Trey McBride QB Dak Prescott RB Javonte Williams RB Aaron Jones Sr. TE Dalton Schultz WR Jaxon Smith-Njigba WR CeeDee Lamb WR Ryan Flournoy,,Baker Mayfield,QB,4.63%,13.18
58,5261716141,Cliffx (61/150),0,215.4,DST Panthers  FLEX CeeDee Lamb QB Drew Lock RB Christian McCaffrey RB J.K. Dobbins TE Dalton Schultz WR Jaxon Smith-Njigba WR Rome Odunze WR Stefon Diggs,,Xavier Hutchinson,WR,4.51%,6.7
59,5260429625,gula-tel (43/150),0,215.36002,DST Browns  FLEX Dalton Schultz QB Dak Prescott RB Christian McCaffrey RB D'Andre Swift TE Jake Ferguson WR Jaxon Smith-Njigba WR Ja'Marr Chase WR Rashod Bateman,,Michael Mayer,FLEX,4.49%,5.3
59,5256623335,j11five (129/150),0,215.36,DST Panthers  FLEX Jake Ferguson QB Dak Prescott RB Saquon Barkley RB Aaron Jones Sr. TE Dalton Schultz WR Jaxon Smith-Njigba WR CeeDee Lamb WR George Pickens,,Ashton Jeanty,FLEX,4.38%,10.3
61,5257318020,albatrossing (5/6),0,215.3,DST Patriots  FLEX CeeDee Lamb QB Drew Lock RB De'Von Achane RB Omarion Hampton TE Dalton Schultz WR Jaxon Smith-Njigba WR Jaylen Waddle WR Jack Bech,,D'Andre Swift,RB,4.31%,13.9
62,5260247121,Szentiger (81/150),0,215.28,DST Panthers  FLEX Juwan Johnson QB Tyler Shough RB Christian McCaffrey RB D'Andre Swift TE Dalton Schultz WR Jaxon Smith-Njigba WR CeeDee Lamb WR Terry McLaurin,,Chuba Hubbard,RB,4.30%,14.4
63,5263093628,jwclark311 (140/150),0,215.26,DST Panthers  FLEX Michael Mayer QB Dak Prescott RB Ashton Jeanty RB Chuba Hubbard TE Dalton Schultz WR Jaxon Smith-Njigba WR CeeDee Lamb WR Garrett Wilson,,Juwan Johnson,TE,4.10%,10.6
64,5261596778,kramreprah (64/150),0,215.18001,DST Panthers  FLEX George Kittle QB Brock Purdy RB Christian McCaffrey RB Breece Hall TE Dalton Schultz WR Jaxon Smith-Njigba WR Parker Washington WR Jalen Coker,,DeVonta Smith,WR,4.08%,30.7
64,5262233964,Camcarre16 (36/100),0,215.18001,DST Patriots  FLEX Rashod Bateman QB Bryce Young RB Christian McCaffrey RB Omarion Hampton TE Dalton Schultz WR Jaxon Smith-Njigba WR Tetairoa McMillan WR Jalen Coker,,Justin Herbert,QB,4.05%,9.88
64,5260944484,neuens7 (137/150),0,215.18,DST Panthers  FLEX Jaxon Smith-Njigba QB Brock Purdy RB Christian McCaffrey RB Aaron Jones Sr. TE Jake Ferguson WR DeVonta Smith WR Stefon Diggs WR Demarcus Robinson,,Trevor Lawrence,QB,4.01%,7.16
67,5260549298,ialmost1 (43/150),0,215.06,DST Panthers  FLEX Michael Mayer QB Dak Prescott RB Derrick Henry RB Aaron Jones Sr. TE Dalton Schultz WR Jaxon Smith-Njigba WR CeeDee Lamb WR George Pickens,,Steelers ,DST,3.94%,8
68,5259488116,843FantasySports (2/150),0,214.76,DST Patriots  FLEX Hunter Henry QB Dak Prescott RB Ashton Jeanty RB Javonte Williams TE Dalton Schultz WR Jaxon Smith-Njigba WR CeeDee Lamb WR Tre Tucker,,Rhamondre Stevenson,RB,3.91%,4.6
69,5256724046,bsandark (7/150),0,214.62,DST Panthers  FLEX Christian McCaffrey QB C.J. Stroud RB Bucky Irving RB Aaron Jones Sr. TE Dalton Schultz WR Jaxon Smith-Njigba WR CeeDee Lamb WR Kayshon Boutte,,Cardinals ,DST,3.90%,2
69,5261897291,xxSPURS21xx (21/150),0,214.62,DST Panthers  FLEX Christian McCaffrey QB C.J. Stroud RB Bucky Irving RB Aaron Jones Sr. TE Dalton Schultz WR Jaxon Smith-Njigba WR CeeDee Lamb WR Kayshon Boutte,,Caleb Douglas,WR,3.88%,3.9
71,5261001576,Chompie1515 (19/54),0,214.48,DST Panthers  FLEX George Kittle QB Brock Purdy RB Javonte Williams RB Breece Hall TE Dalton Schultz WR Jaxon Smith-Njigba WR CeeDee Lamb WR Terry McLaurin,,George Kittle,TE,3.84%,18
71,5262774549,vthrill (36/150),0,214.48,DST Panthers  FLEX George Kittle QB Brock Purdy RB Christian McCaffrey RB Derrick Henry TE Dalton Schultz WR Jaxon Smith-Njigba WR DK Metcalf WR Denzel Boston,,Drake London,WR,3.82%,8.9
73,5262387912,beardown553 (7/13),0,214.28,DST Panthers  FLEX George Kittle QB Brock Purdy RB Christian McCaffrey RB Aaron Jones Sr. TE Dalton Schultz WR Jaxon Smith-Njigba WR Tee Higgins WR Garrett Wilson,,Omarion Hampton,RB,3.79%,18.5
74,5263005397,ryahanso (4/150),0,214.2,DST Panthers  FLEX Michael Mayer QB Drew Lock RB Javonte Williams RB Breece Hall TE Dalton Schultz WR Jaxon Smith-Njigba WR Ja'Marr Chase WR CeeDee Lamb,,Bijan Robinson,FLEX,3.78%,11.1
75,5260465913,408Steeler (75/150),0,214.16,DST Patriots  FLEX Jake Ferguson QB Dak Prescott RB Ashton Jeanty RB Aaron Jones Sr. TE Dalton Schultz WR Jaxon Smith-Njigba WR CeeDee Lamb WR Ladd McConkey,,Jayden Reed,WR,3.75%,1.4
76,5261521985,joeyfoley (82/150),0,213.96,DST Broncos  FLEX Jake Ferguson QB Dak Prescott RB Christian McCaffrey RB Aaron Jones Sr. TE Dalton Schultz WR Jaxon Smith-Njigba WR CeeDee Lamb WR Terry McLaurin,,Kayshon Boutte,WR,3.73%,6.7
76,5261723181,Jakethesnakeplummer (76/150),0,213.96,DST Vikings  FLEX Jaxon Smith-Njigba QB Dak Prescott RB Bijan Robinson RB Rachaad White TE Dalton Schultz WR CeeDee Lamb WR Stefon Diggs WR Ryan Flournoy,,Browns ,DST,3.68%,6
78,5260669301,texasnumbercruncher (112/150),0,213.86,DST Panthers  FLEX Jake Ferguson QB Dak Prescott RB Christian McCaffrey RB Chuba Hubbard TE Dalton Schultz WR Ja'Marr Chase WR CeeDee Lamb WR Terry McLaurin,,De'Von Achane,RB,3.64%,12.3
79,5262798847,Jetsfanwny (1/13),0,213.84,DST Patriots  FLEX Dontayvion Wicks QB Jayden Daniels RB Derrick Henry RB Aaron Jones Sr. TE Dalton Schultz WR Jaxon Smith-Njigba WR CeeDee Lamb WR Stefon Diggs,,Trey McBride,TE,3.64%,18.1
80,5261805571,aquafinatim (78/80),0,213.48,DST Panthers  FLEX Christian McCaffrey QB Bryce Young RB Bucky Irving RB Aaron Jones Sr. TE Dalton Schultz WR Jaxon Smith-Njigba WR Tetairoa McMillan WR Stefon Diggs,,Hunter Henry,TE,3.59%,7
81,5262654399,itlldofarm (71/150),0,213.28,DST Panthers  FLEX Stefon Diggs QB Brock Purdy RB Christian McCaffrey RB Aaron Jones Sr. TE Dalton Schultz WR Jaxon Smith-Njigba WR Garrett Wilson WR Matthew Golden,,T.J. Hockenson,TE,3.55%,5.9
82,5260613374,4prongdigger (6/21),0,213.18001,DST Raiders  FLEX Dalton Schultz QB Brock Purdy RB Ashton Jeanty RB Aaron Jones Sr. TE George Kittle WR Jaxon Smith-Njigba WR CeeDee Lamb WR Tetairoa McMillan,,Jets ,DST,3.51%,6
82,5260958682,mdunning33 (63/150),0,213.18001,DST Broncos  FLEX George Kittle QB Brock Purdy RB Christian McCaffrey RB Aaron Jones Sr. TE Dalton Schultz WR Jaxon Smith-Njigba WR CeeDee Lamb WR Matthew Golden,,DeMario Douglas,WR,3.49%,1.9
82,5263005860,Noah393 (15/150),0,213.18001,DST Broncos  FLEX George Kittle QB Brock Purdy RB Christian McCaffrey RB Aaron Jones Sr. TE Dalton Schultz WR Jaxon Smith-Njigba WR CeeDee Lamb WR Matthew Golden,,CeeDee Lamb,FLEX,3.44%,38.3
85,5258531784,csurunnerccr (117/150),0,213.16,DST Broncos  FLEX Jake Ferguson QB Dak Prescott RB Javonte Williams RB J.K. Dobbins TE Dalton Schultz WR Jaxon Smith-Njigba WR CeeDee Lamb WR DeVonta Smith,,Tyler Shough,QB,3.39%,22.38
85,5261723126,Jakethesnakeplummer (73/150),0,213.16,DST Vikings  FLEX Jaxon Smith-Njigba QB Dak Prescott RB Bijan Robinson RB Aaron Jones Sr. TE Dalton Schultz WR CeeDee Lamb WR Stefon Diggs WR Ryan Flournoy,,Aaron Jones Sr.,FLEX,3.32%,13.5
87,5260923006,rseid12345 (19/150),0,213.02,DST Panthers  FLEX CeeDee Lamb QB C.J. Stroud RB Derrick Henry RB Bucky Irving TE Dalton Schultz WR Jaxon Smith-Njigba WR Parker Washington WR Kayshon Boutte,,Titans ,DST,3.28%,7
88,5262196588,jp.miles (27/150),0,212.9,DST Panthers  FLEX Michael Mayer QB Drew Lock RB Derrick Henry RB Bucky Irving TE Dalton Schultz WR Jaxon Smith-Njigba WR CeeDee Lamb WR Garrett Wilson,,Tee Higgins,WR,3.25%,14.5
89,5257396854,paintgirl (19/150),0,212.76001,DST Panthers  FLEX Michael Mayer QB Dak Prescott RB Javonte Williams RB Breece Hall TE Dalton Schultz WR Jaxon Smith-Njigba WR CeeDee Lamb WR Garrett Wilson,,Jake Ferguson,TE,3.25%,20.3
90,5256844514,drewbushman (16/150),0,212.65999,DST Patriots  FLEX Mark Andrews QB Dak Prescott RB Derrick Henry RB Aaron Jones Sr. TE Dalton Schultz WR Jaxon Smith-Njigba WR CeeDee Lamb WR Terry McLaurin,,Tucker Kraft,TE,3.24%,3.5
90,5263147348,plants77 (60/150),0,212.65999,DST Patriots  FLEX George Pickens QB Dak Prescott RB Breece Hall RB Aaron Jones Sr. TE Dalton Schultz WR Jaxon Smith-Njigba WR CeeDee Lamb WR Devaughn Vele,,Chargers ,DST,3.23%,4
92,5262796437,nickfromcwe (72/150),0,212.56,DST Panthers  FLEX Jaxon Smith-Njigba QB Dak Prescott RB Breece Hall RB Bucky Irving TE Dalton Schultz WR CeeDee Lamb WR Terry McLaurin WR Matthew Golden,,Drake Maye,QB,3.03%,9.02
93,5261910447,davis2543 (71/150),0,212.48001,DST Cowboys  FLEX Darren Waller QB Bryce Young RB Derrick Henry RB Omarion Hampton TE Dalton Schultz WR Jaxon Smith-Njigba WR CeeDee Lamb WR Tetairoa McMillan,,Chase Brown,RB,3.03%,11.2
94,5259524706,chrishoops (22/150),0,212.4,DST Panthers  FLEX Mark Andrews QB Drew Lock RB Bijan Robinson RB Aaron Jones Sr. TE Dalton Schultz WR Jaxon Smith-Njigba WR CeeDee Lamb WR Garrett Wilson,,Jaylen Waddle,WR,2.95%,24.8
95,5261846772,agatkins (16/150),0,212.38,DST Panthers  FLEX Aaron Jones Sr. QB Bryce Young RB Derrick Henry RB Chuba Hubbard TE Darren Waller WR Jaxon Smith-Njigba WR CeeDee Lamb WR Jalen Coker,,J.K. Dobbins,RB,2.94%,3.6
95,5261588895,caricomj (75/150),0,212.37999,DST Vikings  FLEX George Kittle QB Brock Purdy RB Breece Hall RB Aaron Jones Sr. TE Dalton Schultz WR Jaxon Smith-Njigba WR CeeDee Lamb WR Mike Evans,,Derrick Henry,FLEX,2.91%,17.7
97,5261929456,dshot12 (119/150),0,212.28,DST Titans  FLEX George Kittle QB Brock Purdy RB Derrick Henry RB Omarion Hampton TE Dalton Schultz WR Jaxon Smith-Njigba WR CeeDee Lamb WR Matthew Golden,,Rome Odunze,WR,2.76%,7.3
98,5260784311,rob316 (34/150),0,212.18001,DST Panthers  FLEX George Kittle QB Brock Purdy RB Christian McCaffrey RB Omarion Hampton TE Dalton Schultz WR CeeDee Lamb WR Garrett Wilson WR Jalen Coker,,C.J. Stroud,QB,2.75%,20.02
98,5262006679,newnew50 (6/20),0,212.18,DST Panthers  FLEX Mark Andrews QB Brock Purdy RB Christian McCaffrey RB Omarion Hampton TE Dalton Schultz WR CeeDee Lamb WR Garrett Wilson WR Stefon Diggs,,George Pickens,FLEX,2.74%,10
100,5259661384,GridIronMetalHead (148/150),0,212.15999,DST Patriots  FLEX Harold Fannin Jr. QB Dak Prescott RB Javonte Williams RB Aaron Jones Sr. TE Dalton Schultz WR Jaxon Smith-Njigba WR CeeDee Lamb WR Garrett Wilson,,Jalen Hurts,QB,2.72%,18.16
101,5262188922,Sajohnson98 (12/150),0,212.09999,DST Panthers  FLEX Dalton Schultz QB Drew Lock RB Christian McCaffrey RB Aaron Jones Sr. TE Mark Andrews WR Jaxon Smith-Njigba WR Ja'Marr Chase WR Garrett Wilson,,Dalton Schultz,FLEX,2.65%,29
102,5258183950,jstout2014 (9/150),0,211.96,DST Patriots  FLEX Michael Mayer QB Dak Prescott RB Christian McCaffrey RB Aaron Jones Sr. TE Dalton Schultz WR Jaxon Smith-Njigba WR CeeDee Lamb WR Terry McLaurin,,Bears ,DST,2.62%,7
102,5263450836,Mistermer (136/150),0,211.96,DST Patriots  FLEX Michael Mayer QB Dak Prescott RB Christian McCaffrey RB Aaron Jones Sr. TE Dalton Schultz WR Jaxon Smith-Njigba WR CeeDee Lamb WR Terry McLaurin,,Bo Nix,QB,2.61%,15.12
102,5263573925,StashKing (13/150),0,211.96,DST Patriots  FLEX Michael Mayer QB Dak Prescott RB Christian McCaffrey RB Aaron Jones Sr. TE Dalton Schultz WR Jaxon Smith-Njigba WR CeeDee Lamb WR Terry McLaurin,,Jordan Addison,WR,2.37%,4.1
102,5263312967,chfen07 (80/150),0,211.95999,DST Panthers  FLEX Christian McCaffrey QB Dak Prescott RB Chuba Hubbard RB Aaron Jones Sr. TE Dalton Schultz WR CeeDee Lamb WR Garrett Wilson WR Stefon Diggs,,Kalif Raymond,WR,2.28%,9
106,5260170000,MNKD (31/150),0,211.87999,DST Panthers  FLEX Terry McLaurin QB Brock Purdy RB Christian McCaffrey RB J.K. Dobbins TE Dalton Schultz WR Jaxon Smith-Njigba WR CeeDee Lamb WR Devaughn Vele,,Chris Godwin Jr.,WR,2.26%,8.8
107,5258183991,jstout2014 (50/150),0,211.78,DST Seahawks  FLEX Michael Mayer QB Brock Purdy RB Bucky Irving RB Aaron Jones Sr. TE Dalton Schultz WR Jaxon Smith-Njigba WR CeeDee Lamb WR DeVonta Smith,,Jaxon Smith-Njigba,FLEX,2.26%,45.5
108,5256474946,Tejas55 (84/150),0,211.76,DST Seahawks  FLEX Jake Ferguson QB Dak Prescott RB Omarion Hampton RB Aaron Jones Sr. TE Dalton Schultz WR Jaxon Smith-Njigba WR CeeDee Lamb WR Drake London,,Texans ,DST,2.25%,6
109,5262603012,habsfan20164 (10/20),0,211.68001,DST Raiders  FLEX Juwan Johnson QB Tyler Shough RB Bucky Irving RB Chuba Hubbard TE Dalton Schultz WR Jaxon Smith-Njigba WR Ja'Marr Chase WR CeeDee Lamb,,Joe Burrow,QB,2.19%,16.18
109,5262830561,jb101086 (4/150),0,211.68,DST Panthers  FLEX George Kittle QB Brock Purdy RB Javonte Williams RB Aaron Jones Sr. TE Dalton Schultz WR Jaxon Smith-Njigba WR Ja'Marr Chase WR Garrett Wilson,,Bengals ,DST,2.18%,11
111,5262071114,jeffylube (9/150),0,211.66,DST Patriots  FLEX Michael Mayer QB Dak Prescott RB Christian McCaffrey RB Aaron Jones Sr. TE Dalton Schultz WR Jaxon Smith-Njigba WR CeeDee Lamb WR DK Metcalf,,De'Von Achane,FLEX,2.16%,12.3
111,5262306919,chiefkeef1589 (127/150),0,211.66,DST Broncos  FLEX Jake Ferguson QB Dak Prescott RB Christian McCaffrey RB J.K. Dobbins TE Dalton Schultz WR Jaxon Smith-Njigba WR CeeDee Lamb WR Jalen Coker,,Mark Andrews,FLEX,2.05%,10.9
111,5262587129,dreamchaser_b55 (10/150),0,211.66,DST Patriots  FLEX Dalton Schultz QB Dak Prescott RB Christian McCaffrey RB Aaron Jones Sr. TE Michael Mayer WR Jaxon Smith-Njigba WR CeeDee Lamb WR DK Metcalf,,Mack Hollins,WR,2.05%,3.8
114,5262148292,egar2246 (31/150),0,211.6,DST Panthers  FLEX Dalton Schultz QB Drew Lock RB Christian McCaffrey RB MarShawn Lloyd TE Trey McBride WR Jaxon Smith-Njigba WR DeVonta Smith WR Malik Washington,,Terry McLaurin,FLEX,2.04%,7
114,5263016307,abiggs111 (15/150),0,211.6,DST Panthers  FLEX Trey McBride QB Drew Lock RB Christian McCaffrey RB MarShawn Lloyd TE Dalton Schultz WR Jaxon Smith-Njigba WR DeVonta Smith WR Malik Washington,,George Kittle,FLEX,2.03%,18
116,5263333194,CoolEditPros (10/150),0,211.56,DST Browns  FLEX George Kittle QB Dak Prescott RB D'Andre Swift RB Chuba Hubbard TE Dalton Schultz WR Jaxon Smith-Njigba WR CeeDee Lamb WR Garrett Wilson,,Roman Wilson,WR,1.92%,7.8
117,5261749858,Silverado518 (132/150),0,211.54,DST Patriots  FLEX Jake Ferguson QB Jayden Daniels RB Javonte Williams RB Bucky Irving TE Dalton Schultz WR Jaxon Smith-Njigba WR CeeDee Lamb WR Stefon Diggs,,Mike Gesicki,TE,1.90%,0
118,5258183960,jstout2014 (19/150),0,211.48,DST Jaguars  FLEX Michael Mayer QB Brock Purdy RB Derrick Henry RB Aaron Jones Sr. TE Dalton Schultz WR Jaxon Smith-Njigba WR CeeDee Lamb WR DeVonta Smith,,KC Concepcion Jr.,WR,1.87%,8.2
119,5260009987,fatherofthree51 (11/150),0,211.46,DST Patriots  FLEX Jake Ferguson QB Dak Prescott RB Bucky Irving RB Rhamondre Stevenson TE Dalton Schultz WR Jaxon Smith-Njigba WR CeeDee Lamb WR George Pickens,,Jadarian Price,RB,1.82%,6
119,5261728960,Jakethesnakeplummer (91/150),0,211.46,DST Vikings  FLEX Dalton Schultz QB Dak Prescott RB Bijan Robinson RB Aaron Jones Sr. TE Jake Ferguson WR Jaxon Smith-Njigba WR CeeDee Lamb WR Terry McLaurin,,Trey McBride,FLEX,1.68%,18.1
119,5261720857,Lboogie416 (50/150),0,211.45999,DST Patriots  FLEX Mark Andrews QB Dak Prescott RB Chase Brown RB Chuba Hubbard TE Dalton Schultz WR Jaxon Smith-Njigba WR CeeDee Lamb WR Devaughn Vele,,Raiders ,DST,1.68%,12
119,5261749700,jrnoyes (80/150),0,211.45999,DST Vikings  FLEX CeeDee Lamb QB Dak Prescott RB Ashton Jeanty RB Aaron Jones Sr. TE Dalton Schultz WR Jaxon Smith-Njigba WR Garrett Wilson WR Devaughn Vele,,Drew Lock,QB,1.55%,21.4
123,5261362801,vguardin1297 (39/150),0,211.26,DST Vikings  FLEX Dalton Schultz QB Dak Prescott RB Derrick Henry RB Aaron Jones Sr. TE T.J. Hockenson WR Jaxon Smith-Njigba WR CeeDee Lamb WR Jalen Coker,,Malik Washington,WR,1.53%,8.7
123,5263003901,ojadams2001 (73/125),0,211.26,DST Panthers  FLEX Michael Mayer QB Dak Prescott RB Derrick Henry RB Bucky Irving TE Dalton Schultz WR Jaxon Smith-Njigba WR CeeDee Lamb WR DK Metcalf,,Colston Loveland,FLEX,1.52%,1.3
125,5259660456,srohde001 (42/150),0,211.15999,DST Panthers  FLEX Dalton Schultz QB Dak Prescott RB Ashton Jeanty RB Chuba Hubbard TE Mark Andrews WR Jaxon Smith-Njigba WR CeeDee Lamb WR Terry McLaurin,,Ladd McConkey,WR,1.51%,6.5
126,5262138856,jmason247 (115/150),0,211.06001,DST Patriots  FLEX Juwan Johnson QB Dak Prescott RB Derrick Henry RB Rhamondre Stevenson TE Dalton Schultz WR Jaxon Smith-Njigba WR CeeDee Lamb WR Jalen Coker,,Tre' Harris,WR,1.49%,6.3
126,5261775031,mntiny (33/150),0,211.06,DST Panthers  FLEX Michael Mayer QB Dak Prescott RB Breece Hall RB Bucky Irving TE Dalton Schultz WR Jaxon Smith-Njigba WR CeeDee Lamb WR George Pickens,,Dontayvion Wicks,WR,1.48%,12.4
128,5260923031,rseid12345 (44/150),0,210.95999,DST Seahawks  FLEX Jake Ferguson QB Dak Prescott RB Derrick Henry RB Omarion Hampton TE Dalton Schultz WR Jaxon Smith-Njigba WR CeeDee Lamb WR Caleb Douglas,,Harold Fannin Jr.,TE,1.47%,10.4
128,5262862053,My_sons (66/150),0,210.95999,DST Patriots  FLEX Dalton Schultz QB Dak Prescott RB Bucky Irving RB Aaron Jones Sr. TE Mark Andrews WR Jaxon Smith-Njigba WR CeeDee Lamb WR George Pickens,,Falcons ,DST,1.46%,1
130,5259609660,NyMadden (67/150),0,210.86,DST Titans  FLEX CeeDee Lamb QB Dak Prescott RB Omarion Hampton RB Aaron Jones Sr. TE Dalton Schultz WR Jaxon Smith-Njigba WR Chris Olave WR Kayshon Boutte,,Jacory Croskey-Merritt,RB,1.45%,5.8
131,5262530641,Ezilodi (73/150),0,210.76001,DST Panthers  FLEX Michael Mayer QB Dak Prescott RB D'Andre Swift RB Bucky Irving TE Dalton Schultz WR Jaxon Smith-Njigba WR CeeDee Lamb WR George Pickens,,Antonio Williams,WR,1.45%,5.4
132,5262234180,Flotastic (135/150),0,210.68001,DST Panthers  FLEX Trey McBride QB Tyler Shough RB Omarion Hampton RB Aaron Jones Sr. TE Dalton Schultz WR Jaxon Smith-Njigba WR DeVonta Smith WR Terry McLaurin,,Bucky Irving,FLEX,1.44%,13
133,5261718500,Ale0626 (89/150),0,210.56,DST Panthers  FLEX Jaxon Smith-Njigba QB Dak Prescott RB Ashton Jeanty RB Aaron Jones Sr. TE Dalton Schultz WR CeeDee Lamb WR George Pickens WR KC Concepcion Jr.,,Pat Bryant,WR,1.41%,1.6
134,5261445155,ltfb (52/150),0,210.52,DST Panthers  FLEX Omarion Hampton QB C.J. Stroud RB Chase Brown RB Bucky Irving TE Dalton Schultz WR Jaxon Smith-Njigba WR CeeDee Lamb WR Kalif Raymond,,Packers ,DST,1.37%,5
135,5261914002,grideyeguru (21/150),0,210.46,DST Jaguars  FLEX Jake Ferguson QB Dak Prescott RB Rhamondre Stevenson RB Aaron Jones Sr. TE Dalton Schultz WR Jaxon Smith-Njigba WR Ja'Marr Chase WR CeeDee Lamb,,Omarion Hampton,FLEX,1.34%,18.5
136,5261568168,BestFiddleNA,0,210.31999,DST Titans  FLEX KC Concepcion Jr. QB Deshaun Watson RB Christian McCaffrey RB Aaron Jones Sr. TE Dalton Schultz WR Jaxon Smith-Njigba WR Ja'Marr Chase WR CeeDee Lamb,,Romeo Doubs,WR,1.31%,12.6
137,5262173473,Webedawgs (61/150),0,210.3,DST Steelers  FLEX Dalton Schultz QB Drew Lock RB Derrick Henry RB J.K. Dobbins TE Jake Ferguson WR Jaxon Smith-Njigba WR Ja'Marr Chase WR CeeDee Lamb,,Dolphins ,DST,1.28%,-4
137,5260546911,TheHaba (78/150),0,210.29999,DST Panthers  FLEX George Kittle QB Drew Lock RB Omarion Hampton RB Bucky Irving TE AJ Barner WR Jaxon Smith-Njigba WR CeeDee Lamb WR Stefon Diggs,,Stefon Diggs,FLEX,1.24%,21.7
139,5262046448,PantherFan2418 (84/150),0,210.2,DST Panthers  FLEX Dalton Schultz QB Drew Lock RB Bijan Robinson RB Aaron Jones Sr. TE Mark Andrews WR Jaxon Smith-Njigba WR CeeDee Lamb WR Tee Higgins,,David Njoku,TE,1.24%,1.9
140,5259649417,thismightbeian (41/150),0,210.16,DST Panthers  FLEX Dalton Schultz QB Dak Prescott RB Ashton Jeanty RB J.K. Dobbins TE Mark Andrews WR Jaxon Smith-Njigba WR CeeDee Lamb WR Parker Washington,,Jakobi Meyers,WR,1.22%,3.8
140,5260165473,ponyboynd32 (33/150),0,210.16,DST Patriots  FLEX AJ Barner QB Dak Prescott RB Javonte Williams RB D'Andre Swift TE Dalton Schultz WR Jaxon Smith-Njigba WR CeeDee Lamb WR Parker Washington,,Brenton Strange,TE,1.22%,3.7
140,5262377114,duddasmac (70/103),0,210.16,DST Ravens  FLEX Jake Ferguson QB Dak Prescott RB Christian McCaffrey RB Chuba Hubbard TE Dalton Schultz WR Jaxon Smith-Njigba WR CeeDee Lamb WR Ryan Flournoy,,Cade Otton,TE,1.22%,8.8
140,5262908089,Rshark (136/150),0,210.16,DST Steelers  FLEX Jake Ferguson QB Dak Prescott RB Christian McCaffrey RB Javonte Williams TE Dalton Schultz WR Jaxon Smith-Njigba WR CeeDee Lamb WR Malik Washington,,Ryan Flournoy,WR,1.20%,7.3
140,5261119084,srodriguez34 (126/150),0,210.15999,DST Panthers  FLEX Dalton Schultz QB Dak Prescott RB Christian McCaffrey RB Derrick Henry TE Mark Andrews WR CeeDee Lamb WR George Pickens WR Tre Tucker,,Evan Engram,TE,1.20%,2.7
145,5262478488,mikeorm (139/150),0,210.09999,DST Panthers  FLEX Christian McCaffrey QB Drew Lock RB Breece Hall RB Aaron Jones Sr. TE Dalton Schultz WR Jaxon Smith-Njigba WR Ja'Marr Chase WR Devaughn Vele,,Jadarian Price,FLEX,1.17%,6
146,5259568913,deangolo (80/100),0,210.08,DST Panthers  FLEX Michael Mayer QB Tyler Shough RB Javonte Williams RB Bucky Irving TE Dalton Schultz WR Jaxon Smith-Njigba WR CeeDee Lamb WR Chris Olave,,Bhayshul Tuten,RB,1.13%,14.2
146,5261985957,Jasong80 (60/150),0,210.08,DST Seahawks  FLEX George Kittle QB Brock Purdy RB Christian McCaffrey RB Aaron Jones Sr. TE Dalton Schultz WR Jaxon Smith-Njigba WR CeeDee Lamb WR Kayshon Boutte,,Saquon Barkley,FLEX,1.11%,3
148,5259704911,lvsmanhole (54/150),0,209.95999,DST Patriots  FLEX CeeDee Lamb QB Dak Prescott RB Christian McCaffrey RB Bucky Irving TE Dalton Schultz WR Ja'Marr Chase WR Tre Tucker WR Caleb Douglas,,Wan'Dale Robinson,WR,1.11%,1.9
149,5262388885,interigator007 (59/150),0,209.92,DST Panthers  FLEX Jaxon Smith-Njigba QB C.J. Stroud RB David Montgomery RB Aaron Jones Sr. TE Dalton Schultz WR Ja'Marr Chase WR CeeDee Lamb WR Kayshon Boutte,,David Montgomery,FLEX,1.11%,4.4
150,5258097542,Skullduggery (120/150),0,209.88,DST Vikings  FLEX Jaxon Smith-Njigba QB Bryce Young RB Chuba Hubbard RB Aaron Jones Sr. TE Dalton Schultz WR CeeDee Lamb WR George Pickens WR Tetairoa McMillan,,Courtland Sutton,WR,1.10%,5.5
151,5261729677,Jakethesnakeplummer (106/150),0,209.86,DST 49ers  FLEX Dalton Schultz QB Dak Prescott RB Derrick Henry RB Rachaad White TE Jake Ferguson WR Jaxon Smith-Njigba WR CeeDee Lamb WR Terry McLaurin,,Jake Ferguson,FLEX,1.10%,20.3
151,5263097188,Bradenmkelly (148/150),0,209.86,DST Panthers  FLEX Mark Andrews QB Dak Prescott RB Chuba Hubbard RB Jadarian Price TE Dalton Schultz WR Jaxon Smith-Njigba WR CeeDee Lamb WR George Pickens,,J.K. Dobbins,FLEX,1.10%,3.6
153,5262412904,mgriffin78 (29/150),0,209.75998,DST Panthers  FLEX Mark Andrews QB Dak Prescott RB Derrick Henry RB Bucky Irving TE Dalton Schultz WR Jaxon Smith-Njigba WR Ja'Marr Chase WR Devaughn Vele,,Vikings ,DST,1.09%,17
154,5262728080,jabbo123 (84/150),0,209.7,DST Panthers  FLEX Michael Mayer QB Drew Lock RB De'Von Achane RB Bucky Irving TE Dalton Schultz WR Jaxon Smith-Njigba WR Ja'Marr Chase WR DeVonta Smith,,Breece Hall,FLEX,1.05%,14.2
155,5260672479,JonJonPle24 (15/24),0,209.66,DST Patriots  FLEX Dalton Schultz QB Dak Prescott RB Bijan Robinson RB Javonte Williams TE Jake Ferguson WR Jaxon Smith-Njigba WR CeeDee Lamb WR Xavier Hutchinson,,Cowboys ,DST,1.03%,3
155,5260785458,mikecapp12 (34/100),0,209.66,DST Broncos  FLEX Jake Ferguson QB Dak Prescott RB Chase Brown RB Aaron Jones Sr. TE Dalton Schultz WR Jaxon Smith-Njigba WR CeeDee Lamb WR Christian Watson,,Pat Freiermuth,TE,1.01%,7.4
155,5262653049,SnakeDoc (82/150),0,209.66,DST 49ers  FLEX Jake Ferguson QB Dak Prescott RB Derrick Henry RB Breece Hall TE Dalton Schultz WR CeeDee Lamb WR DeVonta Smith WR Stefon Diggs,,Jaylen Warren,RB,1.00%,9.7
155,5263255662,sodacgc (119/150),0,209.66,DST Panthers  FLEX Jaxon Smith-Njigba QB Dak Prescott RB De'Von Achane RB Javonte Williams TE Dalton Schultz WR CeeDee Lamb WR Romeo Doubs WR KC Concepcion Jr.,,Geno Smith,QB,0.98%,15.58
159,5262218575,steve230323 (23/150),0,209.62001,DST Panthers  FLEX De'Von Achane QB C.J. Stroud RB Derrick Henry RB Bucky Irving TE Dalton Schultz WR Jaxon Smith-Njigba WR CeeDee Lamb WR Roman Wilson,,Travis Etienne Jr.,RB,0.94%,7.1
160,5257251947,mosioatunya (148/150),0,209.6,DST Panthers  FLEX Michael Mayer QB Drew Lock RB Christian McCaffrey RB De'Von Achane TE Dalton Schultz WR Jaxon Smith-Njigba WR DeVonta Smith WR Parker Washington,,Mike Evans,FLEX,0.92%,8.4
161,5259750361,sciny19 (46/150),0,209.58,DST Vikings  FLEX George Kittle QB Brock Purdy RB Derrick Henry RB Breece Hall TE Dalton Schultz WR Jaxon Smith-Njigba WR CeeDee Lamb WR Jayden Reed,,MarShawn Lloyd,RB,0.90%,9.6
161,5261151828,THE_PHANTOM_1 (11/150),0,209.58,DST Panthers  FLEX George Kittle QB Brock Purdy RB Javonte Williams RB Bucky Irving TE Dalton Schultz WR Jaxon Smith-Njigba WR Jaylen Waddle WR Parker Washington,,Demarcus Robinson,WR,0.90%,6.4
163,5256810187,JSixxDFS (110/150),0,209.5,DST Saints  FLEX Dalton Schultz QB Drew Lock RB Christian McCaffrey RB Derrick Henry TE Jake Ferguson WR Jaxon Smith-Njigba WR CeeDee Lamb WR DK Metcalf,,Michael Wilson,WR,0.89%,3.8
164,5259064106,GoMaizeGoBlue (147/150),0,209.46,DST Panthers  FLEX Jake Ferguson QB Dak Prescott RB Christian McCaffrey RB Javonte Williams TE Dalton Schultz WR Jaxon Smith-Njigba WR Chris Olave WR Devontez Walker,,Jacoby Brissett,QB,0.89%,7.5
164,5260321353,albus (100/150),0,209.46,DST Panthers  FLEX George Kittle QB Dak Prescott RB Derrick Henry RB Chuba Hubbard TE Dalton Schultz WR Ja'Marr Chase WR CeeDee Lamb WR Matthew Golden,,Parker Washington,FLEX,0.84%,16.8
164,5262354790,mitchypockets (113/150),0,209.45999,DST Panthers  FLEX Stefon Diggs QB Dak Prescott RB Javonte Williams RB Aaron Jones Sr. TE Dalton Schultz WR Ja'Marr Chase WR CeeDee Lamb WR Garrett Wilson,,Jaylin Noel,WR,0.84%,5.4
167,5261722952,Jakethesnakeplummer (61/150),0,209.36,DST Vikings  FLEX Jaxon Smith-Njigba QB Dak Prescott RB Rhamondre Stevenson RB Aaron Jones Sr. TE Dalton Schultz WR CeeDee Lamb WR George Pickens WR Stefon Diggs,,Caleb Douglas,FLEX,0.81%,3.9
168,5258924224,TEXSAN (81/150),0,209.26001,DST Saints  FLEX Jaxon Smith-Njigba QB Dak Prescott RB Javonte Williams RB Chuba Hubbard TE Dalton Schultz WR CeeDee Lamb WR Stefon Diggs WR Jalen Coker,,Tre Tucker,WR,0.80%,25.9
168,5261122923,YoungSpenceySpence95 (78/150),0,209.26,DST Patriots  FLEX Jake Ferguson QB Dak Prescott RB Saquon Barkley RB Aaron Jones Sr. TE Dalton Schultz WR Jaxon Smith-Njigba WR CeeDee Lamb WR Drake London,,Malik Willis,QB,0.79%,12.48
170,5262795724,erjake (24/150),0,209.18,DST Panthers  FLEX Dalton Schultz QB Tyler Shough RB Christian McCaffrey RB Aaron Jones Sr. TE Mark Andrews WR Jaxon Smith-Njigba WR Chris Olave WR Garrett Wilson,,Adonai Mitchell,WR,0.79%,12.3
171,5260988560,steadfast_1 (141/150),0,209.16,DST Panthers  FLEX Jake Ferguson QB Dak Prescott RB Christian McCaffrey RB Chuba Hubbard TE George Kittle WR CeeDee Lamb WR Tetairoa McMillan WR Stefon Diggs,,Dallas Goedert,FLEX,0.79%,1.4
171,5262273892,coreyjmanion (9/14),0,209.15999,DST Vikings  FLEX CeeDee Lamb QB Dak Prescott RB Omarion Hampton RB Jeremiyah Love TE Dalton Schultz WR Jaxon Smith-Njigba WR Stefon Diggs WR Wan'Dale Robinson,,Matthew Golden,FLEX,0.77%,9.8
173,5260432703,BigDingDong956 (43/122),0,209.12,DST Panthers  FLEX CeeDee Lamb QB C.J. Stroud RB Jeremiyah Love RB MarShawn Lloyd TE Dalton Schultz WR Jaxon Smith-Njigba WR Ja'Marr Chase WR Kayshon Boutte,,Justin Jefferson,FLEX,0.74%,8.5
174,5262426429,MNLJackson (15/150),0,209.08,DST Panthers  FLEX George Kittle QB Brock Purdy RB Christian McCaffrey RB Aaron Jones Sr. TE Dalton Schultz WR Ja'Marr Chase WR CeeDee Lamb WR DK Metcalf,,D'Andre Swift,FLEX,0.73%,13.9
174,5262476049,DirrtyDawg (96/150),0,209.08,DST Chargers  FLEX George Kittle QB Brock Purdy RB Derrick Henry RB Aaron Jones Sr. TE Dalton Schultz WR Jaxon Smith-Njigba WR CeeDee Lamb WR Jalen Coker,,Saints ,DST,0.72%,8
176,5260043361,HairyBacks (63/150),0,209.06001,DST Panthers  FLEX Michael Mayer QB Dak Prescott RB Christian McCaffrey RB Aaron Jones Sr. TE Dalton Schultz WR Ja'Marr Chase WR CeeDee Lamb WR Tetairoa McMillan,,Quentin Johnston,FLEX,0.70%,2.4
176,5262830628,jb101086 (71/150),0,209.06001,DST Panthers  FLEX Michael Mayer QB Dak Prescott RB Christian McCaffrey RB Aaron Jones Sr. TE Dalton Schultz WR Ja'Marr Chase WR CeeDee Lamb WR Tetairoa McMillan,,Kenyon Sadiq,TE,0.69%,3.7
176,5261001583,Chompie1515 (26/54),0,209.06,DST Raiders  FLEX Jake Ferguson QB Dak Prescott RB De'Von Achane RB Aaron Jones Sr. TE Dalton Schultz WR Jaxon Smith-Njigba WR CeeDee Lamb WR Mike Evans,,Quinshon Judkins,RB,0.69%,9.8
179,5260546922,TheHaba (89/150),0,209.02,DST Panthers  FLEX CeeDee Lamb QB C.J. Stroud RB Christian McCaffrey RB Breece Hall TE Dalton Schultz WR Jaxon Smith-Njigba WR DK Metcalf WR Xavier Hutchinson,,Chuba Hubbard,FLEX,0.69%,14.4
180,5261767657,Fred559 (38/150),0,208.98001,DST Panthers  FLEX George Kittle QB Brock Purdy RB David Montgomery RB Aaron Jones Sr. TE Dalton Schultz WR Ja'Marr Chase WR CeeDee Lamb WR Jaylen Waddle,,Cooper Rush,QB,0.68%,2.44
180,5256521459,huntaamorgan (37/150),0,208.98,DST Panthers  FLEX Jaxon Smith-Njigba QB Bryce Young RB Christian McCaffrey RB Derrick Henry TE Dalton Schultz WR Tetairoa McMillan WR Jalen Coker WR Devaughn Vele,,Rhamondre Stevenson,FLEX,0.67%,4.6
182,5262366834,WillCut66 (31/150),0,208.87999,DST Panthers  FLEX Dalton Schultz QB Tyler Shough RB Christian McCaffrey RB Omarion Hampton TE Mark Andrews WR Jaxon Smith-Njigba WR Chris Olave WR Devaughn Vele,,Jacory Croskey-Merritt,FLEX,0.67%,5.8
183,5260669326,texasnumbercruncher (137/150),0,208.86,DST Jets  FLEX Jake Ferguson QB Dak Prescott RB Ashton Jeanty RB Javonte Williams TE Dalton Schultz WR Jaxon Smith-Njigba WR CeeDee Lamb WR Stefon Diggs,,Deebo Samuel Sr.,FLEX,0.67%,6.5
184,5261137063,seminolefs (110/150),0,208.84,DST Panthers  FLEX Stefon Diggs QB Jayden Daniels RB Ashton Jeanty RB Aaron Jones Sr. TE Dalton Schultz WR Jaxon Smith-Njigba WR CeeDee Lamb WR Matthew Golden,,Brian Thomas Jr.,WR,0.66%,7
185,5256586830,tlynch0 (49/150),0,208.76001,DST Raiders  FLEX Jake Ferguson QB Dak Prescott RB Christian McCaffrey RB Aaron Jones Sr. TE Dalton Schultz WR Ja'Marr Chase WR CeeDee Lamb WR Parker Washington,,Jalen Coker,FLEX,0.65%,14.6
185,5261616212,player_902 (17/150),0,208.76001,DST Patriots  FLEX Jake Ferguson QB Dak Prescott RB Chase Brown RB Omarion Hampton TE Dalton Schultz WR Jaxon Smith-Njigba WR Garrett Wilson WR Parker Washington,,Ja'Marr Chase,FLEX,0.61%,26.5
187,5263126269,Gsluke (30/150),0,208.65999,DST Patriots  FLEX Dalton Schultz QB Dak Prescott RB Omarion Hampton RB Bucky Irving TE Mark Andrews WR Ja'Marr Chase WR CeeDee Lamb WR Stefon Diggs,,Kendrick Bourne,WR,0.61%,3.1
188,5262879050,Arh97 (1/4),0,208.58,DST Vikings  FLEX Devaughn Vele QB Baker Mayfield RB Breece Hall RB Aaron Jones Sr. TE Dalton Schultz WR Jaxon Smith-Njigba WR Ja'Marr Chase WR CeeDee Lamb,,Juwan Johnson,FLEX,0.60%,10.6
188,5260958914,MrDiaz56 (123/134),0,208.57999,DST Panthers  FLEX Jaxon Smith-Njigba QB Brock Purdy RB Christian McCaffrey RB Derrick Henry TE Dalton Schultz WR DK Metcalf WR Tre Tucker WR Xavier Hutchinson,,Kyle Monangai,RB,0.60%,7.8
188,5261543677,NFLcashKING (92/150),0,208.57999,DST Broncos  FLEX Mark Andrews QB Brock Purdy RB Christian McCaffrey RB Chuba Hubbard TE Dalton Schultz WR Jaxon Smith-Njigba WR CeeDee Lamb WR Devaughn Vele,,Kyle Pitts Sr.,TE,0.59%,2.5
191,5261119023,srodriguez34 (65/150),0,208.56001,DST Browns  FLEX Michael Mayer QB Dak Prescott RB Christian McCaffrey RB Ashton Jeanty TE Dalton Schultz WR Jaxon Smith-Njigba WR CeeDee Lamb WR Rashod Bateman,,Jeremiyah Love,RB,0.55%,7.5
191,5262308915,abernethy89 (6/150),0,208.56,DST Panthers  FLEX Dalton Schultz QB Dak Prescott RB Christian McCaffrey RB Derrick Henry TE Mark Andrews WR Ja'Marr Chase WR CeeDee Lamb WR Roman Wilson,,Devaughn Vele,FLEX,0.54%,11.4
193,5263184651,Emilio00 (20/150),0,208.48001,DST Vikings  FLEX Javonte Williams QB Bryce Young RB Omarion Hampton RB Aaron Jones Sr. TE Dalton Schultz WR Jaxon Smith-Njigba WR CeeDee Lamb WR Jalen Coker,,Carnell Tate,WR,0.54%,5.7
193,5261754116,RyanCox421 (86/150),0,208.48,DST Panthers  FLEX Christian McCaffrey QB Brock Purdy RB Chuba Hubbard RB Aaron Jones Sr. TE Dalton Schultz WR CeeDee Lamb WR Tee Higgins WR Stefon Diggs,,Commanders ,DST,0.54%,-2
195,5262235031,theWIRE1111111111 (42/150),0,208.42,DST Panthers  FLEX CeeDee Lamb QB C.J. Stroud RB Christian McCaffrey RB J.K. Dobbins TE Dalton Schultz WR Jaxon Smith-Njigba WR Garrett Wilson WR Kayshon Boutte,,Tucker Kraft,FLEX,0.50%,3.5
196,5261337837,cwilsn (40/150),0,208.36002,DST Patriots  FLEX Jake Ferguson QB Dak Prescott RB Ashton Jeanty RB David Montgomery TE Dalton Schultz WR Jaxon Smith-Njigba WR CeeDee Lamb WR Matthew Golden,,Marvin Harrison Jr.,WR,0.48%,0
196,5259913884,FS2DM (9/150),0,208.36,DST Panthers  FLEX Jake Ferguson QB Dak Prescott RB Christian McCaffrey RB Aaron Jones Sr. TE Dalton Schultz WR Ja'Marr Chase WR DeVonta Smith WR George Pickens,,TreVeyon Henderson,RB,0.46%,13.6
196,5262449802,djsun0412 (98/150),0,208.36,DST Vikings  FLEX Jaxon Smith-Njigba QB Dak Prescott RB Christian McCaffrey RB Aaron Jones Sr. TE Dalton Schultz WR CeeDee Lamb WR Terry McLaurin WR Devontez Walker,,T.J. Hockenson,FLEX,0.46%,5.9
196,5259647410,MD416 (36/150),0,208.35999,DST Panthers  FLEX Dalton Schultz QB Dak Prescott RB Derrick Henry RB Aaron Jones Sr. TE Mark Andrews WR Ja'Marr Chase WR CeeDee Lamb WR Garrett Wilson,,John Bates,TE,0.46%,0
200,5260842825,RegalDeagle (127/150),0,208.3,DST Panthers  FLEX Dalton Schultz QB Lamar Jackson RB Javonte Williams RB Bucky Irving TE Mark Andrews WR Jaxon Smith-Njigba WR CeeDee Lamb WR Rashod Bateman,,Deshaun Watson,QB,0.45%,19.72
201,5259523399,BEARDOWN21 (46/150),0,208.26,DST Patriots  FLEX Harold Fannin Jr. QB Dak Prescott RB Bucky Irving RB Rhamondre Stevenson TE Dalton Schultz WR Jaxon Smith-Njigba WR CeeDee Lamb WR Garrett Wilson,,Hunter Henry,FLEX,0.44%,7
202,5259593773,Sport87 (50/150),0,208.1,DST Browns  FLEX Michael Mayer QB Drew Lock RB Christian McCaffrey RB Aaron Jones Sr. TE Dalton Schultz WR Jaxon Smith-Njigba WR Ja'Marr Chase WR CeeDee Lamb,,Darren Waller,TE,0.44%,18.3
202,5263487975,turbolegend5 (62/74),0,208.1,DST Browns  FLEX Michael Mayer QB Drew Lock RB Christian McCaffrey RB Aaron Jones Sr. TE Dalton Schultz WR Jaxon Smith-Njigba WR Ja'Marr Chase WR CeeDee Lamb,,Jalen Nailor,WR,0.43%,1.9
204,5257966704,Ballinnowboyz22 (11/150),0,208.06,DST Panthers  FLEX Jake Ferguson QB Dak Prescott RB De'Von Achane RB Omarion Hampton TE Dalton Schultz WR Jaxon Smith-Njigba WR George Pickens WR Garrett Wilson,,Christian Watson,FLEX,0.43%,14.1
204,5261239969,ozzieferper2 (3/7),0,208.06,DST Raiders  FLEX Mark Andrews QB Dak Prescott RB Bijan Robinson RB Jaylen Warren TE Dalton Schultz WR Jaxon Smith-Njigba WR CeeDee Lamb WR Rashod Bateman,,Luther Burden III,FLEX,0.43%,6.2
206,5256844509,drewbushman (11/150),0,207.98,DST Patriots  FLEX Mark Andrews QB Bryce Young RB Bijan Robinson RB Aaron Jones Sr. TE Dalton Schultz WR Jaxon Smith-Njigba WR CeeDee Lamb WR Jalen Coker,,Denzel Boston,WR,0.41%,20.5
207,5261618907,Schrinepiece92 (67/150),0,207.96,DST Panthers  FLEX Caleb Douglas QB Dak Prescott RB Bucky Irving RB Chuba Hubbard TE Jake Ferguson WR Jaxon Smith-Njigba WR CeeDee Lamb WR Parker Washington,,Devontez Walker,WR,0.41%,5.7
208,5262151411,TreSims (119/150),0,207.92,DST Panthers  FLEX CeeDee Lamb QB C.J. Stroud RB Derrick Henry RB Javonte Williams TE Dalton Schultz WR Jaxon Smith-Njigba WR Garrett Wilson WR Xavier Hutchinson,,Bhayshul Tuten,FLEX,0.35%,14.2
208,5263326687,hinson35 (90/150),0,207.92,DST Panthers  FLEX Aaron Jones Sr. QB C.J. Stroud RB Chase Brown RB Chuba Hubbard TE Dalton Schultz WR Jaxon Smith-Njigba WR Ja'Marr Chase WR Rashod Bateman,,Cole Kmet,TE,0.34%,0
210,5261409369,scruffydogdan (131/150),0,207.88,DST Panthers  FLEX David Njoku QB Brock Purdy RB Bijan Robinson RB Aaron Jones Sr. TE Dalton Schultz WR Jaxon Smith-Njigba WR CeeDee Lamb WR Christian Watson,,LaJohntay Wester,WR,0.33%,2.4
211,5263500110,djdixon (126/150),0,207.86,DST Broncos  FLEX Mark Andrews QB Dak Prescott RB Bijan Robinson RB Aaron Jones Sr. TE Dalton Schultz WR Jaxon Smith-Njigba WR CeeDee Lamb WR Rashod Bateman,,Garrett Wilson,FLEX,0.32%,16.7
212,5257587150,rs868412 (46/150),0,207.8,DST Jets  FLEX Michael Mayer QB Drew Lock RB Derrick Henry RB D'Andre Swift TE Dalton Schultz WR Jaxon Smith-Njigba WR CeeDee Lamb WR DeVonta Smith,,Chase Brown,FLEX,0.32%,11.2
213,5259649491,thismightbeian (115/150),0,207.78,DST Panthers  FLEX George Kittle QB Brock Purdy RB Christian McCaffrey RB Chuba Hubbard TE Dalton Schultz WR Jaxon Smith-Njigba WR Parker Washington WR Terry McLaurin,,Jaylen Waddle,FLEX,0.30%,24.8
214,5262752875,turibes (4/150),0,207.76001,DST Panthers  FLEX Jake Ferguson QB Dak Prescott RB De'Von Achane RB David Montgomery TE Michael Mayer WR Jaxon Smith-Njigba WR CeeDee Lamb WR Tre Tucker,,Aaron Rodgers,QB,0.30%,5.98
214,5263529909,vsRedRum4o4 (21/150),0,207.76001,DST Vikings  FLEX Jaxon Smith-Njigba QB Dak Prescott RB Ashton Jeanty RB Aaron Jones Sr. TE Dalton Schultz WR CeeDee Lamb WR Jalen Coker WR Matthew Golden,,Xavier Hutchinson,FLEX,0.30%,6.7
214,5260400988,milligolf (28/150),0,207.76,DST Panthers  FLEX Mark Andrews QB Dak Prescott RB Javonte Williams RB J.K. Dobbins TE Dalton Schultz WR Jaxon Smith-Njigba WR CeeDee Lamb WR Garrett Wilson,,Emeka Egbuka,FLEX,0.29%,10.3
214,5261986046,Jasong80 (149/150),0,207.76,DST Patriots  FLEX Dallas Goedert QB Dak Prescott RB Christian McCaffrey RB Aaron Jones Sr. TE Dalton Schultz WR Jaxon Smith-Njigba WR CeeDee Lamb WR Kayshon Boutte,,Kirk Cousins,QB,0.29%,21.22
214,5262274399,giantbeer (106/150),0,207.76,DST Panthers  FLEX George Pickens QB Dak Prescott RB Bucky Irving RB Aaron Jones Sr. TE Dalton Schultz WR Ja'Marr Chase WR CeeDee Lamb WR Stefon Diggs,,AJ Barner,TE,0.29%,7.9
219,5260026496,markertassel (38/150),0,207.66,DST Panthers  FLEX Trey McBride QB Dak Prescott RB Christian McCaffrey RB Aaron Jones Sr. TE Dalton Schultz WR CeeDee Lamb WR Chris Olave WR Roman Wilson,,Kalif Raymond,FLEX,0.29%,9
219,5261043147,donn94 (31/96),0,207.66,DST Panthers  FLEX Michael Mayer QB Dak Prescott RB Christian McCaffrey RB Aaron Jones Sr. TE Dalton Schultz WR Ja'Marr Chase WR CeeDee Lamb WR Garrett Wilson,,Rashod Bateman,FLEX,0.28%,21.8
219,5262118988,rdixon13 (27/150),0,207.66,DST Panthers  FLEX Javonte Williams QB Dak Prescott RB Ashton Jeanty RB Aaron Jones Sr. TE Dalton Schultz WR Jaxon Smith-Njigba WR CeeDee Lamb WR Ryan Flournoy,,Evan Engram,FLEX,0.27%,2.7
219,5262426492,MNLJackson (78/150),0,207.66,DST Panthers  FLEX Michael Mayer QB Dak Prescott RB Christian McCaffrey RB Aaron Jones Sr. TE Dalton Schultz WR Ja'Marr Chase WR CeeDee Lamb WR Garrett Wilson,,Brenton Strange,FLEX,0.26%,3.7
219,5263003841,ojadams2001 (13/125),0,207.66,DST Panthers  FLEX Dalton Schultz QB Dak Prescott RB Christian McCaffrey RB Aaron Jones Sr. TE Michael Mayer WR Ja'Marr Chase WR CeeDee Lamb WR Garrett Wilson,,Malik Washington,FLEX,0.26%,8.7
219,5263291963,DasAdam (1/51),0,207.66,DST Browns  FLEX Rashod Bateman QB Dak Prescott RB Christian McCaffrey RB Javonte Williams TE Dalton Schultz WR Jaxon Smith-Njigba WR CeeDee Lamb WR Kayshon Boutte,,Antonio Williams,FLEX,0.26%,5.4
225,5259589474,ProfitProphet29 (124/150),0,207.56,DST Panthers  FLEX Derrick Henry QB Dak Prescott RB Rhamondre Stevenson RB Quinshon Judkins TE Dalton Schultz WR CeeDee Lamb WR DeVonta Smith WR Stefon Diggs,,Jeremiyah Love,FLEX,0.24%,7.5
225,5263606510,chicalipete (98/150),0,207.55998,DST Raiders  FLEX Mark Andrews QB Dak Prescott RB Derrick Henry RB Bucky Irving TE Dalton Schultz WR Jaxon Smith-Njigba WR CeeDee Lamb WR Devaughn Vele,,Travis Etienne Jr.,FLEX,0.24%,7.1
227,5261430437,ogease (37/150),0,207.49998,DST Panthers  FLEX Jaxon Smith-Njigba QB Drew Lock RB Christian McCaffrey RB Chuba Hubbard TE Dalton Schultz WR Ja'Marr Chase WR Garrett Wilson WR Jaylin Noel,,Rico Dowdle,RB,0.24%,6.4
228,5255891361,phlandy23 (13/150),0,207.45999,DST Panthers  FLEX Mark Andrews QB Dak Prescott RB Javonte Williams RB Bucky Irving TE Dalton Schultz WR Jaxon Smith-Njigba WR CeeDee Lamb WR Terry McLaurin,,Kyle Monangai,FLEX,0.23%,7.8
229,5259460874,peltifreeze89 (54/150),0,207.4,DST Raiders  FLEX Jaxon Smith-Njigba QB Drew Lock RB Ashton Jeanty RB Aaron Jones Sr. TE Dalton Schultz WR CeeDee Lamb WR DeVonta Smith WR DK Metcalf,,Makai Lemon,WR,0.23%,1.9
229,5263139829,maineventers (29/30),0,207.4,DST Panthers  FLEX CeeDee Lamb QB Drew Lock RB Breece Hall RB Jacory Croskey-Merritt TE AJ Barner WR Jaxon Smith-Njigba WR Ja'Marr Chase WR Rashod Bateman,,Ryan Flournoy,FLEX,0.22%,7.3
231,5262061975,thedocd (3/4),0,207.36,DST Jaguars  FLEX Jake Ferguson QB Dak Prescott RB Derrick Henry RB Aaron Jones Sr. TE Dalton Schultz WR Jaxon Smith-Njigba WR CeeDee Lamb WR Emeka Egbuka,,Gunnar Helm,TE,0.22%,3.3
231,5262850640,blomsak (5/34),0,207.36,DST Patriots  FLEX Jake Ferguson QB Dak Prescott RB Christian McCaffrey RB Javonte Williams TE Dalton Schultz WR CeeDee Lamb WR Garrett Wilson WR Stefon Diggs,,David Njoku,FLEX,0.22%,1.9
231,5263140165,dtp062 (6/7),0,207.35999,DST Browns  FLEX Dalton Schultz QB Dak Prescott RB Derrick Henry RB Aaron Jones Sr. TE Mark Andrews WR Jaxon Smith-Njigba WR CeeDee Lamb WR Garrett Wilson,,Rome Odunze,FLEX,0.22%,7.3
234,5256510992,drichh0511 (85/150),0,207.3,DST Broncos  FLEX Mark Andrews QB Drew Lock RB Christian McCaffrey RB Aaron Jones Sr. TE Dalton Schultz WR Jaxon Smith-Njigba WR CeeDee Lamb WR Tetairoa McMillan,,Tetairoa McMillan,FLEX,0.21%,18.1
235,5257649995,MManning121 (137/150),0,207.28,DST Jets  FLEX George Kittle QB Brock Purdy RB Christian McCaffrey RB Bucky Irving TE Dalton Schultz WR Jaxon Smith-Njigba WR CeeDee Lamb WR Demarcus Robinson,,Harold Fannin Jr.,FLEX,0.21%,10.4
235,5262234150,Flotastic (105/150),0,207.28,DST Panthers  FLEX Jake Ferguson QB Brock Purdy RB Saquon Barkley RB D'Andre Swift TE Dalton Schultz WR Jaxon Smith-Njigba WR Ja'Marr Chase WR Jalen Coker,,Kaelon Black,RB,0.21%,2.5
235,5262706585,bigorangebuffalo (113/150),0,207.28,DST Jaguars  FLEX Juwan Johnson QB Tyler Shough RB Omarion Hampton RB Aaron Jones Sr. TE Dalton Schultz WR Jaxon Smith-Njigba WR Ja'Marr Chase WR CeeDee Lamb,,DK Metcalf,FLEX,0.21%,6.7
238,5263208097,GDoe213 (138/150),0,207.26,DST Panthers  FLEX Dalton Schultz QB Dak Prescott RB Derrick Henry RB Ashton Jeanty TE Mark Andrews WR CeeDee Lamb WR DeVonta Smith WR Jalen Coker,,Mike Gesicki,FLEX,0.20%,0
239,5263313009,chfen07 (122/150),0,207.15999,DST Panthers  FLEX Stefon Diggs QB Dak Prescott RB Christian McCaffrey RB Ashton Jeanty TE Dalton Schultz WR CeeDee Lamb WR Tetairoa McMillan WR Devaughn Vele,,Chris Olave,FLEX,0.20%,22.6
240,5262566242,SpaceJam23 (102/150),0,207.14,DST Panthers  FLEX Dalton Schultz QB Jayden Daniels RB Javonte Williams RB MarShawn Lloyd TE Michael Mayer WR Jaxon Smith-Njigba WR CeeDee Lamb WR DeVonta Smith,,Dontayvion Wicks,FLEX,0.19%,12.4
241,5257917938,ghsfy53 (119/150),0,206.98,DST Panthers  FLEX George Kittle QB Brock Purdy RB Christian McCaffrey RB Breece Hall TE Dalton Schultz WR Ja'Marr Chase WR CeeDee Lamb WR Caleb Douglas,,Chris Moore,WR,0.19%,1.6
242,5260165450,ponyboynd32 (10/150),0,206.96,DST Patriots  FLEX Ted Hurst III QB Dak Prescott RB Javonte Williams RB D'Andre Swift TE Dalton Schultz WR Jaxon Smith-Njigba WR CeeDee Lamb WR Parker Washington,,Rashid Shaheed,WR,0.19%,6.9
242,5262853764,jmck017 (120/150),0,206.96,DST Jaguars  FLEX Jaxon Smith-Njigba QB Dak Prescott RB Javonte Williams RB Aaron Jones Sr. TE Dalton Schultz WR CeeDee Lamb WR Tetairoa McMillan WR Rashod Bateman,,Noah Fant,TE,0.19%,0
242,5262119822,Poofactory11 (119/150),0,206.95999,DST Panthers  FLEX Terry McLaurin QB Dak Prescott RB Christian McCaffrey RB Jonathon Brooks TE Dalton Schultz WR Jaxon Smith-Njigba WR CeeDee Lamb WR Kayshon Boutte,,Pat Bryant,FLEX,0.18%,1.6
245,5262027459,bearcats594 (98/150),0,206.9,DST Panthers  FLEX George Pickens QB Drew Lock RB Derrick Henry RB De'Von Achane TE Dalton Schultz WR Jaxon Smith-Njigba WR CeeDee Lamb WR Xavier Hutchinson,,Greg Dulcich,TE,0.18%,3.7
246,5262306156,jstenger95 (107/150),0,206.88,DST Panthers  FLEX Michael Mayer QB Joe Burrow RB Breece Hall RB Aaron Jones Sr. TE Dalton Schultz WR Jaxon Smith-Njigba WR Ja'Marr Chase WR DeVonta Smith,,Jerry Jeudy,WR,0.17%,0
247,5257254411,Killmoreslim (59/150),0,206.86,DST Panthers  FLEX CeeDee Lamb QB Dak Prescott RB Christian McCaffrey RB Aaron Jones Sr. TE Dalton Schultz WR DeVonta Smith WR Emeka Egbuka WR Xavier Hutchinson,,Cooper Kupp,WR,0.17%,4
247,5262645897,GMENROCKTODAY (2/150),0,206.85999,DST Panthers  FLEX Mark Andrews QB Dak Prescott RB Christian McCaffrey RB Derrick Henry TE Dalton Schultz WR Jaxon Smith-Njigba WR Garrett Wilson WR Malik Washington,,Kayshon Boutte,FLEX,0.17%,6.7
249,5260048359,HinndyBrunal (23/105),0,206.78001,DST Patriots  FLEX Michael Mayer QB Brock Purdy RB Bijan Robinson RB Aaron Jones Sr. TE Dalton Schultz WR Jaxon Smith-Njigba WR CeeDee Lamb WR Jalen Coker,,Jayden Reed,FLEX,0.17%,1.4
250,5260026477,markertassel (19/150),0,206.76001,DST Panthers  FLEX Ashton Jeanty QB Dak Prescott RB Rhamondre Stevenson RB Aaron Jones Sr. TE Dalton Schultz WR Jaxon Smith-Njigba WR CeeDee Lamb WR Matthew Golden,,Chris Godwin Jr.,FLEX,0.17%,8.8
250,5255826252,calmextex (80/150),0,206.76,DST Panthers  FLEX Caleb Douglas QB Dak Prescott RB Derrick Henry RB J.K. Dobbins TE Jake Ferguson WR Jaxon Smith-Njigba WR CeeDee Lamb WR Stefon Diggs,,Quinshon Judkins,FLEX,0.17%,9.8
250,5262415076,Lemon711 (31/150),0,206.76,DST Patriots  FLEX Jake Ferguson QB Dak Prescott RB De'Von Achane RB Aaron Jones Sr. TE Dalton Schultz WR Jaxon Smith-Njigba WR Ja'Marr Chase WR Drake London,,DeMario Douglas,FLEX,0.16%,1.9
253,5260493543,aharrold323 (70/150),0,206.66,DST Panthers  FLEX Ryan Flournoy QB Dak Prescott RB Christian McCaffrey RB Jacory Croskey-Merritt TE Dalton Schultz WR Jaxon Smith-Njigba WR CeeDee Lamb WR Quentin Johnston,,Tony Pollard,RB,0.16%,7.5
253,5259479542,Geebir (72/150),0,206.65999,DST Steelers  FLEX Jake Ferguson QB Dak Prescott RB Bijan Robinson RB Christian McCaffrey TE Dalton Schultz WR CeeDee Lamb WR Stefon Diggs WR Tre Tucker,,Cade Otton,FLEX,0.16%,8.8
253,5262728048,jabbo123 (52/150),0,206.65999,DST Panthers  FLEX Dalton Schultz QB Dak Prescott RB Omarion Hampton RB Aaron Jones Sr. TE Mark Andrews WR CeeDee Lamb WR DeVonta Smith WR George Pickens,,DeVonta Smith,FLEX,0.16%,30.7
256,5257286626,Rusty_Trombone (74/150),0,206.59999,DST Steelers  FLEX CeeDee Lamb QB Drew Lock RB Derrick Henry RB Aaron Jones Sr. TE Dalton Schultz WR Jaxon Smith-Njigba WR Ja'Marr Chase WR Xavier Hutchinson,,Jordan Addison,FLEX,0.16%,4.1
257,5260854836,Jbjafarian (150/150),0,206.58,DST Patriots  FLEX George Kittle QB Brock Purdy RB Christian McCaffrey RB Bucky Irving TE Dalton Schultz WR CeeDee Lamb WR Tee Higgins WR Stefon Diggs,,Jaylen Warren,FLEX,0.16%,9.7
257,5262309012,abernethy89 (103/150),0,206.58,DST Panthers  FLEX CeeDee Lamb QB Bryce Young RB Christian McCaffrey RB Aaron Jones Sr. TE Dalton Schultz WR Ja'Marr Chase WR Parker Washington WR Matthew Golden,,Tommy Tremble,TE,0.15%,1.4
259,5259517467,clintjr8195 (100/150),0,206.56,DST Patriots  FLEX Jaxon Smith-Njigba QB Dak Prescott RB Omarion Hampton RB Javonte Williams TE Dalton Schultz WR CeeDee Lamb WR Matthew Golden WR Kayshon Boutte,,Demarcus Robinson,FLEX,0.15%,6.4
259,5260351850,Wydad37 (17/150),0,206.56,DST Patriots  FLEX Jaxon Smith-Njigba QB Dak Prescott RB Jadarian Price RB Aaron Jones Sr. TE Dalton Schultz WR CeeDee Lamb WR Parker Washington WR DK Metcalf,,Michael Wilson,FLEX,0.15%,3.8
259,5261723194,Jakethesnakeplummer (78/150),0,206.56,DST Eagles  FLEX Jaxon Smith-Njigba QB Dak Prescott RB Derrick Henry RB Rachaad White TE Dalton Schultz WR CeeDee Lamb WR Stefon Diggs WR Ryan Flournoy,,Ted Hurst III,WR,0.15%,4.7
262,5263370585,Nubbs519 (45/150),0,206.45999,DST Panthers  FLEX Christian McCaffrey QB Dak Prescott RB Omarion Hampton RB Rico Dowdle TE Dalton Schultz WR CeeDee Lamb WR George Pickens WR Tre Tucker,,Tee Higgins,FLEX,0.15%,14.5
263,5260526386,cj351 (4/150),0,206.38,DST Jets  FLEX CeeDee Lamb QB Tyler Shough RB Derrick Henry RB Aaron Jones Sr. TE Dalton Schultz WR Jaxon Smith-Njigba WR Chris Olave WR Devaughn Vele,,Woody Marks,RB,0.14%,8.5
263,5262316216,ChokeHoldem1 (37/150),0,206.38,DST Panthers  FLEX Michael Mayer QB Brock Purdy RB Christian McCaffrey RB Aaron Jones Sr. TE Dalton Schultz WR Ja'Marr Chase WR CeeDee Lamb WR Garrett Wilson,,Alvin Kamara,RB,0.14%,7.2
263,5263005924,Noah393 (79/150),0,206.38,DST Panthers  FLEX George Kittle QB Brock Purdy RB Christian McCaffrey RB Bucky Irving TE Dalton Schultz WR Jaxon Smith-Njigba WR Parker Washington WR Terry McLaurin,,Kenny Gainwell,RB,0.14%,4.5
263,5263184684,Emilio00 (53/150),0,206.38,DST Panthers  FLEX George Kittle QB Brock Purdy RB Christian McCaffrey RB Aaron Jones Sr. TE Dalton Schultz WR Jaxon Smith-Njigba WR Parker Washington WR Deebo Samuel Sr.,,Kaelon Black,FLEX,0.14%,2.5
267,5259517485,clintjr8195 (118/150),0,206.36002,DST Patriots  FLEX Michael Mayer QB Dak Prescott RB Omarion Hampton RB David Montgomery TE Dalton Schultz WR Jaxon Smith-Njigba WR CeeDee Lamb WR Jalen Coker,,Cam Ward,QB,0.14%,20.02
268,5262027454,bearcats594 (93/150),0,206.32,DST Panthers  FLEX Colston Loveland QB C.J. Stroud RB Derrick Henry RB Javonte Williams TE Dalton Schultz WR Jaxon Smith-Njigba WR CeeDee Lamb WR Denzel Boston,,TreVeyon Henderson,FLEX,0.14%,13.6
269,5261133565,grand2515 (33/150),0,206.28,DST Panthers  FLEX George Kittle QB Brock Purdy RB Bijan Robinson RB Christian McCaffrey TE Dalton Schultz WR Jaxon Smith-Njigba WR Stefon Diggs WR Caleb Douglas,,MarShawn Lloyd,FLEX,0.14%,9.6
270,5260170028,MNKD (59/150),0,206.26001,DST Panthers  FLEX Michael Mayer QB Dak Prescott RB Javonte Williams RB Chuba Hubbard TE Dalton Schultz WR Jaxon Smith-Njigba WR CeeDee Lamb WR George Pickens,,Kendrick Bourne,FLEX,0.14%,3.1
271,5263297357,jagan_b (65/150),0,206.16,DST Panthers  FLEX De'Von Achane QB Dak Prescott RB Jacory Croskey-Merritt RB Jaylen Warren TE Dalton Schultz WR Jaxon Smith-Njigba WR CeeDee Lamb WR Matthew Golden,,Jakobi Meyers,FLEX,0.14%,3.8
272,5257943422,Bigbo4 (68/150),0,206.12,DST Panthers  FLEX Jaxon Smith-Njigba QB C.J. Stroud RB Breece Hall RB Jeremiyah Love TE Dalton Schultz WR Ja'Marr Chase WR DeVonta Smith WR Kayshon Boutte,,Mack Hollins,FLEX,0.13%,3.8
273,5261063764,ga33 (106/150),0,206.06,DST Panthers  FLEX Jake Ferguson QB Dak Prescott RB Christian McCaffrey RB Chuba Hubbard TE Michael Mayer WR Jaxon Smith-Njigba WR CeeDee Lamb WR Caleb Douglas,,KC Concepcion Jr.,FLEX,0.13%,8.2
273,5261629912,mjwilky (17/150),0,206.06,DST Patriots  FLEX Hunter Henry QB Dak Prescott RB Breece Hall RB Rhamondre Stevenson TE Dalton Schultz WR Jaxon Smith-Njigba WR CeeDee Lamb WR Garrett Wilson,,Drake London,FLEX,0.13%,8.9
275,5262528157,Stanghatchback86 (4/14),0,205.98001,DST Patriots  FLEX Cade Otton QB Baker Mayfield RB Christian McCaffrey RB Bucky Irving TE Dalton Schultz WR Jaxon Smith-Njigba WR CeeDee Lamb WR Jalen Coker,,Ben Sinnott,TE,0.13%,1.6
276,5259278369,jameslenwoid (24/88),0,205.96,DST Panthers  FLEX T.J. Hockenson QB Dak Prescott RB Bijan Robinson RB Jacory Croskey-Merritt TE Dalton Schultz WR Jaxon Smith-Njigba WR CeeDee Lamb WR Jalen Coker,,Jack Bech,WR,0.13%,4.5
276,5261826799,MJDLC (51/100),0,205.96,DST Panthers  FLEX Michael Mayer QB Dak Prescott RB Christian McCaffrey RB Javonte Williams TE Dalton Schultz WR Ja'Marr Chase WR CeeDee Lamb WR Denzel Boston,,Pat Freiermuth,FLEX,0.13%,7.4
276,5261018612,m4ch1n3m4n (132/150),0,205.95999,DST Patriots  FLEX Jaxon Smith-Njigba QB Dak Prescott RB Omarion Hampton RB Aaron Jones Sr. TE Harold Fannin Jr. WR CeeDee Lamb WR Stefon Diggs WR Ryan Flournoy,,Oronde Gadsden II,TE,0.13%,9.8
279,5257734145,nicolo.carlson2 (104/150),0,205.87999,DST Patriots  FLEX Devaughn Vele QB Tyler Shough RB Christian McCaffrey RB Derrick Henry TE Dalton Schultz WR Jaxon Smith-Njigba WR Tee Higgins WR Rashod Bateman,,Jalen McMillan,WR,0.12%,0
280,5257855555,jfasch (84/150),0,205.84,DST Patriots  FLEX Mark Andrews QB Jayden Daniels RB Chase Brown RB Aaron Jones Sr. TE Dalton Schultz WR Jaxon Smith-Njigba WR CeeDee Lamb WR Stefon Diggs,,Roman Wilson,FLEX,0.12%,7.8
281,5263547999,kosto129 (26/150),0,205.78,DST Panthers  FLEX George Kittle QB Brock Purdy RB De'Von Achane RB Aaron Jones Sr. TE Dalton Schultz WR Jaxon Smith-Njigba WR Ja'Marr Chase WR Deebo Samuel Sr.,,AJ Barner,FLEX,0.12%,7.9
281,5263560976,kosto129 (48/150),0,205.78,DST Panthers  FLEX George Kittle QB Brock Purdy RB De'Von Achane RB Aaron Jones Sr. TE Dalton Schultz WR Jaxon Smith-Njigba WR Ja'Marr Chase WR Deebo Samuel Sr.,,Jaylin Noel,FLEX,0.11%,5.4
283,5259787696,smithbrandon7 (11/150),0,205.76,DST Panthers  FLEX Dalton Schultz QB Dak Prescott RB Derrick Henry RB Bucky Irving TE Cade Otton WR Ja'Marr Chase WR CeeDee Lamb WR Garrett Wilson,,Ladd McConkey,FLEX,0.11%,6.5
283,5263014075,mrclean913 (57/150),0,205.76,DST Vikings  FLEX Jaxon Smith-Njigba QB Dak Prescott RB Derrick Henry RB J.K. Dobbins TE Dalton Schultz WR CeeDee Lamb WR Garrett Wilson WR KC Concepcion Jr.,,Courtland Sutton,FLEX,0.11%,5.5
285,5261848710,brianstacia (67/100),0,205.6,DST Vikings  FLEX Jaxon Smith-Njigba QB Drew Lock RB Derrick Henry RB Omarion Hampton TE Dalton Schultz WR Ja'Marr Chase WR Rashod Bateman WR KC Concepcion Jr.,,Tre' Harris,FLEX,0.11%,6.3
285,5262278441,jgAllDay (54/100),0,205.6,DST Panthers  FLEX Christian McCaffrey QB Drew Lock RB Omarion Hampton RB Aaron Jones Sr. TE Dalton Schultz WR Jaxon Smith-Njigba WR Tee Higgins WR Jalen Coker,,Tyler Allgeier,RB,0.11%,3.9
285,5262176341,Muzicmr112 (122/150),0,205.59999,DST Panthers  FLEX Jaxon Smith-Njigba QB Drew Lock RB Derrick Henry RB De'Von Achane TE Dalton Schultz WR Ja'Marr Chase WR DK Metcalf WR Denzel Boston,,Bryce Lance,WR,0.11%,1.8
288,5260165459,ponyboynd32 (19/150),0,205.56001,DST Patriots  FLEX Dalton Schultz QB Dak Prescott RB Javonte Williams RB D'Andre Swift TE Gunnar Helm WR Jaxon Smith-Njigba WR CeeDee Lamb WR Parker Washington,,Mason Taylor,TE,0.10%,0
288,5261568659,tdowns87 (92/150),0,205.56,DST Broncos  FLEX Jaxon Smith-Njigba QB Dak Prescott RB Quinshon Judkins RB Aaron Jones Sr. TE Dalton Schultz WR CeeDee Lamb WR George Pickens WR Stefon Diggs,,John Bates,FLEX,0.10%,0
290,5261469371,ramarbury (83/150),0,205.46,DST Patriots  FLEX Michael Mayer QB Dak Prescott RB D'Andre Swift RB Jadarian Price TE Dalton Schultz WR Jaxon Smith-Njigba WR CeeDee Lamb WR Garrett Wilson,,Kyle Pitts Sr.,FLEX,0.10%,2.5
290,5262723962,xTRISKITx (8/150),0,205.46,DST Panthers  FLEX Dalton Schultz QB Dak Prescott RB Breece Hall RB Chuba Hubbard TE Colston Loveland WR Jaxon Smith-Njigba WR CeeDee Lamb WR Terry McLaurin,,Marvin Harrison Jr.,FLEX,0.10%,0
290,5259661385,GridIronMetalHead (149/150),0,205.45999,DST Patriots  FLEX Harold Fannin Jr. QB Dak Prescott RB Javonte Williams RB Aaron Jones Sr. TE Dalton Schultz WR Jaxon Smith-Njigba WR CeeDee Lamb WR George Pickens,,Elijah Sarratt,WR,0.09%,0
293,5262755213,throwindarts66 (109/150),0,205.42,DST Panthers  FLEX George Kittle QB C.J. Stroud RB Javonte Williams RB D'Andre Swift TE Dalton Schultz WR Jaxon Smith-Njigba WR CeeDee Lamb WR DK Metcalf,,Josh Oliver,TE,0.09%,3.4
294,5255769274,aznbeerman (7/150),0,205.36,DST Broncos  FLEX Jake Ferguson QB Dak Prescott RB Omarion Hampton RB Jadarian Price TE Dalton Schultz WR Jaxon Smith-Njigba WR CeeDee Lamb WR George Pickens,,Denzel Boston,FLEX,0.09%,20.5
294,5261681155,bkv1182 (57/150),0,205.36,DST 49ers  FLEX Jaxon Smith-Njigba QB Dak Prescott RB Christian McCaffrey RB Aaron Jones Sr. TE Dalton Schultz WR CeeDee Lamb WR Devaughn Vele WR Ryan Flournoy,,Wan'Dale Robinson,FLEX,0.09%,1.9
296,5256591014,foursons (5/150),0,205.3,DST Panthers  FLEX Trey McBride QB Drew Lock RB Derrick Henry RB Chuba Hubbard TE Dalton Schultz WR Jaxon Smith-Njigba WR Ja'Marr Chase WR Xavier Hutchinson,,Rachaad White,RB,0.09%,14.3
296,5261907266,spartanfan23 (19/150),0,205.3,DST Broncos  FLEX CeeDee Lamb QB Drew Lock RB Bijan Robinson RB Aaron Jones Sr. TE Dalton Schultz WR Jaxon Smith-Njigba WR DeVonta Smith WR Roman Wilson,,Tre Tucker,FLEX,0.09%,25.9
296,5262576434,bavmarine (29/100),0,205.29999,DST Jets  FLEX Jaxon Smith-Njigba QB Drew Lock RB Christian McCaffrey RB Chuba Hubbard TE Dalton Schultz WR CeeDee Lamb WR Garrett Wilson WR Devaughn Vele,,Kyle Williams,WR,0.08%,2
299,5256800509,Max610 (1/5),0,205.28,DST Broncos  FLEX George Kittle QB Brock Purdy RB Christian McCaffrey RB Aaron Jones Sr. TE Dalton Schultz WR CeeDee Lamb WR DeVonta Smith WR Garrett Wilson,,Brian Thomas Jr.,FLEX,0.08%,7
299,5256831040,outlaws745 (9/150),0,205.28,DST Broncos  FLEX George Kittle QB Brock Purdy RB Christian McCaffrey RB Aaron Jones Sr. TE Dalton Schultz WR CeeDee Lamb WR DeVonta Smith WR Garrett Wilson,,Greg Dulcich,FLEX,0.08%,3.7
299,5260847700,kkami311 (2/3),0,205.28,DST Broncos  FLEX George Kittle QB Brock Purdy RB Christian McCaffrey RB Aaron Jones Sr. TE Dalton Schultz WR CeeDee Lamb WR DeVonta Smith WR Garrett Wilson,,Jonathon Brooks,RB,0.08%,2.1
299,5261140590,R-E-L-A-X (3/3),0,205.28,DST Broncos  FLEX George Kittle QB Brock Purdy RB Christian McCaffrey RB Aaron Jones Sr. TE Dalton Schultz WR CeeDee Lamb WR DeVonta Smith WR Garrett Wilson,,Adonai Mitchell,FLEX,0.08%,12.3
299,5261153080,gsunkett (42/47),0,205.28,DST Broncos  FLEX Dalton Schultz QB Brock Purdy RB Christian McCaffrey RB Aaron Jones Sr. TE George Kittle WR CeeDee Lamb WR DeVonta Smith WR Garrett Wilson,,Luke Farrell,TE,0.08%,0
299,5261542977,shawnblackandgold (28/29),0,205.28,DST Broncos  FLEX George Kittle QB Brock Purdy RB Christian McCaffrey RB Aaron Jones Sr. TE Dalton Schultz WR CeeDee Lamb WR DeVonta Smith WR Garrett Wilson,,Rico Dowdle,FLEX,0.07%,6.4
299,5261685596,rick1407 (4/7),0,205.28,DST Broncos  FLEX George Kittle QB Brock Purdy RB Christian McCaffrey RB Aaron Jones Sr. TE Dalton Schultz WR CeeDee Lamb WR DeVonta Smith WR Garrett Wilson,,Chris Bell,WR,0.07%,0
299,5262771599,sportsfan0814 (1/11),0,205.28,DST Broncos  FLEX George Kittle QB Brock Purdy RB Christian McCaffrey RB Aaron Jones Sr. TE Dalton Schultz WR CeeDee Lamb WR DeVonta Smith WR Garrett Wilson,,Romeo Doubs,FLEX,0.07%,12.6
299,5262776168,backtp (2/3),0,205.28,DST Panthers  FLEX Michael Mayer QB Brock Purdy RB Christian McCaffrey RB Derrick Henry TE Dalton Schultz WR Ja'Marr Chase WR CeeDee Lamb WR Devaughn Vele,,Jahdae Walker,WR,0.07%,0
299,5262993230,jhunt2 (30/32),0,205.28,DST Broncos  FLEX Dalton Schultz QB Brock Purdy RB Christian McCaffrey RB Aaron Jones Sr. TE George Kittle WR CeeDee Lamb WR DeVonta Smith WR Garrett Wilson,,Kenyon Sadiq,FLEX,0.06%,3.7
299,5263228495,surfrider72 (4/5),0,205.28,DST Broncos  FLEX George Kittle QB Brock Purdy RB Christian McCaffrey RB Aaron Jones Sr. TE Dalton Schultz WR CeeDee Lamb WR DeVonta Smith WR Garrett Wilson,,Tommy Tremble,FLEX,0.06%,1.4
299,5263471725,CharlieB15 (1/7),0,205.28,DST Broncos  FLEX George Kittle QB Brock Purdy RB Christian McCaffrey RB Aaron Jones Sr. TE Dalton Schultz WR CeeDee Lamb WR DeVonta Smith WR Garrett Wilson,,Alvin Kamara,FLEX,0.06%,7.2
299,5263480563,CharlieB15 (2/7),0,205.28,DST Broncos  FLEX George Kittle QB Brock Purdy RB Christian McCaffrey RB Aaron Jones Sr. TE Dalton Schultz WR CeeDee Lamb WR DeVonta Smith WR Garrett Wilson,,Andrei Iosivas,WR,0.06%,1.7
299,5263480564,CharlieB15 (3/7),0,205.28,DST Broncos  FLEX George Kittle QB Brock Purdy RB Christian McCaffrey RB Aaron Jones Sr. TE Dalton Schultz WR CeeDee Lamb WR DeVonta Smith WR Garrett Wilson,,Jalen Nailor,FLEX,0.06%,1.9
313,5262767121,bhibby (9/150),0,205.26,DST Patriots  FLEX Michael Mayer QB Dak Prescott RB Chase Brown RB Aaron Jones Sr. TE Dalton Schultz WR Ja'Marr Chase WR CeeDee Lamb WR DeVonta Smith,,Jonnu Smith,TE,0.06%,0
314,5263229013,marcuskin (144/150),0,205.18001,DST Broncos  FLEX George Kittle QB Brock Purdy RB Breece Hall RB MarShawn Lloyd TE Dalton Schultz WR Jaxon Smith-Njigba WR CeeDee Lamb WR Christian Watson,,Cooper Kupp,FLEX,0.06%,4
314,5263170404,rodhyh61488 (45/60),0,205.18,DST Panthers  FLEX Mark Andrews QB Tyler Shough RB Derrick Henry RB Chuba Hubbard TE Dalton Schultz WR Jaxon Smith-Njigba WR Chris Olave WR Garrett Wilson,,Cole Kmet,FLEX,0.05%,0
316,5261723127,Jakethesnakeplummer (74/150),0,205.16,DST Panthers  FLEX Jaxon Smith-Njigba QB Dak Prescott RB Derrick Henry RB Rhamondre Stevenson TE Dalton Schultz WR CeeDee Lamb WR Terry McLaurin WR Ryan Flournoy,,Rashid Shaheed,FLEX,0.05%,6.9
316,5263057089,bridigidigi (47/150),0,205.16,DST Panthers  FLEX Jake Ferguson QB Dak Prescott RB Christian McCaffrey RB David Montgomery TE Dalton Schultz WR CeeDee Lamb WR Tetairoa McMillan WR Garrett Wilson,,Rachaad White,FLEX,0.05%,14.3
318,5260247065,Szentiger (25/150),0,205.12,DST Panthers  FLEX Mark Andrews QB C.J. Stroud RB Derrick Henry RB J.K. Dobbins TE Dalton Schultz WR Jaxon Smith-Njigba WR CeeDee Lamb WR Christian Watson,,Germie Bernard,WR,0.05%,7.5
319,5262191346,colavs (81/150),0,205.08,DST Panthers  FLEX George Kittle QB Brock Purdy RB Derrick Henry RB Chuba Hubbard TE Dalton Schultz WR Ja'Marr Chase WR CeeDee Lamb WR DK Metcalf,,Justice Hill,RB,0.05%,3.8
319,5263255580,sodacgc (37/150),0,205.07999,DST Panthers  FLEX George Kittle QB Brock Purdy RB Saquon Barkley RB Chuba Hubbard TE Dalton Schultz WR Jaxon Smith-Njigba WR CeeDee Lamb WR Quentin Johnston,,Darren Waller,FLEX,0.05%,18.3
321,5261695278,sploush (59/150),0,205.06,DST Panthers  FLEX Christian McCaffrey QB Dak Prescott RB Derrick Henry RB Aaron Jones Sr. TE Dalton Schultz WR CeeDee Lamb WR Parker Washington WR Devaughn Vele,,Noah Fant,FLEX,0.05%,0
322,5263014032,mrclean913 (14/150),0,205,DST Panthers  FLEX CeeDee Lamb QB Jordan Love RB D'Andre Swift RB Bucky Irving TE Dalton Schultz WR Jaxon Smith-Njigba WR Christian Watson WR Devaughn Vele,,Tyler Allgeier,FLEX,0.05%,3.9
323,5256623230,j11five (24/150),0,204.96,DST Panthers  FLEX George Kittle QB Dak Prescott RB Bucky Irving RB Chuba Hubbard TE Dalton Schultz WR Ja'Marr Chase WR CeeDee Lamb WR George Pickens,,Xavier Legette,WR,0.04%,8.4
323,5259913438,Racer9ine (1/3),0,204.96,DST Panthers  FLEX Ja'Marr Chase QB Dak Prescott RB Christian McCaffrey RB Bucky Irving TE Jake Ferguson WR CeeDee Lamb WR Rashod Bateman WR Xavier Hutchinson,,Woody Marks,FLEX,0.04%,8.5
323,5260262387,gmf2018 (50/150),0,204.96,DST Panthers  FLEX Colston Loveland QB Dak Prescott RB Omarion Hampton RB Kaelon Black TE Dalton Schultz WR Jaxon Smith-Njigba WR CeeDee Lamb WR Christian Watson,,Jahan Dotson,WR,0.04%,3.1
326,5262032417,Neilcatermole (110/150),0,204.90001,DST Patriots  FLEX Dalton Schultz QB Drew Lock RB Bijan Robinson RB Jadarian Price TE George Kittle WR Jaxon Smith-Njigba WR CeeDee Lamb WR Jalen Coker,,Devontez Walker,FLEX,0.04%,5.7
326,5260854810,Jbjafarian (124/150),0,204.9,DST Steelers  FLEX Christian McCaffrey QB Drew Lock RB Breece Hall RB Aaron Jones Sr. TE Dalton Schultz WR Jaxon Smith-Njigba WR CeeDee Lamb WR Dontayvion Wicks,,KaVontae Turpin,WR,0.04%,0.1
328,5261994791,GroovyCool (100/150),0,204.88,DST Browns  FLEX George Kittle QB Brock Purdy RB Christian McCaffrey RB Ashton Jeanty TE Dalton Schultz WR Jaxon Smith-Njigba WR CeeDee Lamb WR Xavier Hutchinson,,Kenny Gainwell,FLEX,0.04%,4.5
329,5256014490,sportsfanatic89 (143/150),0,204.78,DST Panthers  FLEX Jaxon Smith-Njigba QB Brock Purdy RB Christian McCaffrey RB Chuba Hubbard TE Dalton Schultz WR Mike Evans WR Stefon Diggs WR Malik Washington,,Jonah Coleman,RB,0.04%,14.8
330,5258102879,madcow1120 (46/150),0,204.76,DST Panthers  FLEX Michael Mayer QB Dak Prescott RB Ashton Jeanty RB Chuba Hubbard TE Dalton Schultz WR Jaxon Smith-Njigba WR CeeDee Lamb WR Luther Burden III,,Elic Ayomanor,WR,0.04%,8.9
330,5261916212,Zack7831 (139/150),0,204.76,DST 49ers  FLEX Jake Ferguson QB Dak Prescott RB Derrick Henry RB Aaron Jones Sr. TE Dalton Schultz WR Ja'Marr Chase WR CeeDee Lamb WR Stefon Diggs,,Chris Brooks,RB,0.04%,3.6
330,5262899772,Mliguori11 (6/150),0,204.76,DST Vikings  FLEX Jaxon Smith-Njigba QB Dak Prescott RB Ashton Jeanty RB Aaron Jones Sr. TE Dalton Schultz WR CeeDee Lamb WR George Pickens WR Devaughn Vele,,Demond Claiborne,RB,0.04%,1.2
333,5262298507,kbiis (74/86),0,204.68001,DST Patriots  FLEX Tre Tucker QB Brock Purdy RB Christian McCaffrey RB Rachaad White TE Dalton Schultz WR CeeDee Lamb WR Mike Evans WR Garrett Wilson,,Gunnar Helm,FLEX,0.04%,3.3
334,5260320637,trippnup2 (61/150),0,204.66,DST Panthers  FLEX Christian McCaffrey QB Dak Prescott RB Breece Hall RB Aaron Jones Sr. TE Dalton Schultz WR CeeDee Lamb WR Garrett Wilson WR Jalen Coker,,Josh Oliver,FLEX,0.04%,3.4
334,5262234113,Flotastic (68/150),0,204.66,DST Cowboys  FLEX Jake Ferguson QB Dak Prescott RB Chase Brown RB Bucky Irving TE Dalton Schultz WR Jaxon Smith-Njigba WR CeeDee Lamb WR Jalen Coker,,Troy Franklin,WR,0.04%,3.7
334,5263212946,Bbq_king (142/150),0,204.66,DST Jaguars  FLEX Jake Ferguson QB Dak Prescott RB Ashton Jeanty RB Chuba Hubbard TE Dalton Schultz WR Jaxon Smith-Njigba WR CeeDee Lamb WR Christian Watson,,George Holani,RB,0.04%,2.5
334,5256828477,daveph (32/60),0,204.65999,DST Eagles  FLEX Dalton Schultz QB Dak Prescott RB Bucky Irving RB Aaron Jones Sr. TE Mark Andrews WR Jaxon Smith-Njigba WR CeeDee Lamb WR Stefon Diggs,,Chris Rodriguez Jr.,RB,0.04%,1.3
334,5263067870,supposedchart1 (133/150),0,204.65999,DST Eagles  FLEX Mark Andrews QB Dak Prescott RB Bucky Irving RB Aaron Jones Sr. TE Dalton Schultz WR Jaxon Smith-Njigba WR CeeDee Lamb WR Stefon Diggs,,Tony Pollard,FLEX,0.03%,7.5
339,5257576128,UniversalFriend (74/150),0,204.62001,DST Panthers  FLEX Michael Mayer QB C.J. Stroud RB Christian McCaffrey RB Chase Brown TE Dalton Schultz WR Jaxon Smith-Njigba WR CeeDee Lamb WR Kayshon Boutte,,Josh Cameron,WR,0.03%,0
339,5261353508,patsfan09 (49/150),0,204.62001,DST Panthers  FLEX Michael Mayer QB C.J. Stroud RB Javonte Williams RB Jadarian Price TE Dalton Schultz WR Jaxon Smith-Njigba WR Ja'Marr Chase WR CeeDee Lamb,,LaJohntay Wester,FLEX,0.03%,2.4
341,5260896837,ADH6676 (143/150),0,204.6,DST 49ers  FLEX Dalton Schultz QB Drew Lock RB Javonte Williams RB MarShawn Lloyd TE Darren Waller WR Jaxon Smith-Njigba WR Ja'Marr Chase WR CeeDee Lamb,,Carnell Tate,FLEX,0.03%,5.7
341,5259913900,FS2DM (25/150),0,204.59999,DST Panthers  FLEX Dalton Schultz QB Drew Lock RB Christian McCaffrey RB Chuba Hubbard TE Mark Andrews WR Jaxon Smith-Njigba WR Jaylen Waddle WR George Pickens,,Brevyn Spann-Ford,TE,0.03%,0
343,5260598954,doeboi95 (96/150),0,204.58,DST Seahawks  FLEX George Kittle QB Brock Purdy RB D'Andre Swift RB Aaron Jones Sr. TE Dalton Schultz WR Jaxon Smith-Njigba WR Ja'Marr Chase WR Stefon Diggs,,Nico Collins,WR,0.03%,0
344,5258336802,jgangler (12/150),0,204.56001,DST Panthers  FLEX Jake Ferguson QB Dak Prescott RB Christian McCaffrey RB Omarion Hampton TE Juwan Johnson WR CeeDee Lamb WR Parker Washington WR Stefon Diggs,,Chris Moore,FLEX,0.03%,1.6
344,5260599004,doeboi95 (146/150),0,204.56,DST Browns  FLEX Trey McBride QB Dak Prescott RB Derrick Henry RB Aaron Jones Sr. TE Dalton Schultz WR Jaxon Smith-Njigba WR CeeDee Lamb WR Xavier Hutchinson,,Tyjae Spears,RB,0.03%,9
346,5263586532,lionsworldwide (11/11),0,204.46,DST Panthers  FLEX Jaxon Smith-Njigba QB Dak Prescott RB Ashton Jeanty RB Bucky Irving TE Darren Waller WR CeeDee Lamb WR Stefon Diggs WR Pat Bryant,,Darnell Washington,TE,0.03%,1.7
346,5262509539,joey5000 (111/150),0,204.45999,DST 49ers  FLEX Jake Ferguson QB Dak Prescott RB Derrick Henry RB Aaron Jones Sr. TE Dalton Schultz WR Jaxon Smith-Njigba WR CeeDee Lamb WR Quentin Johnston,,Jack Bech,FLEX,0.03%,4.5
348,5261549290,allenruiz (55/150),0,204.44,DST Buccaneers  FLEX Jake Ferguson QB Jayden Daniels RB Omarion Hampton RB Chuba Hubbard TE Dalton Schultz WR Jaxon Smith-Njigba WR CeeDee Lamb WR Stefon Diggs,,Calvin Ridley,WR,0.03%,5.5
349,5261990426,sbarny123 (60/150),0,204.38,DST Cardinals  FLEX George Kittle QB Brock Purdy RB Christian McCaffrey RB Aaron Jones Sr. TE Dalton Schultz WR Jaxon Smith-Njigba WR CeeDee Lamb WR Brian Thomas Jr.,,Luke Farrell,FLEX,0.03%,0
350,5262170627,ZzZ_JaZ (93/150),0,204.36,DST Panthers  FLEX Terry McLaurin QB Dak Prescott RB Breece Hall RB Aaron Jones Sr. TE Jake Ferguson WR Jaxon Smith-Njigba WR CeeDee Lamb WR Matthew Golden,,Tai Felton,WR,0.03%,0
350,5260255997,cmccloud82 (1/2),0,204.35999,DST Raiders  FLEX Jaxon Smith-Njigba QB Dak Prescott RB Derrick Henry RB Aaron Jones Sr. TE Dalton Schultz WR CeeDee Lamb WR Garrett Wilson WR DeMario Douglas,,Jonnu Smith,FLEX,0.03%,0
352,5263093582,jwclark311 (94/150),0,204.3,DST Jets  FLEX Dalton Schultz QB Drew Lock RB Derrick Henry RB Breece Hall TE Pat Freiermuth WR Jaxon Smith-Njigba WR CeeDee Lamb WR Jaylen Waddle,,Ben Sinnott,FLEX,0.03%,1.6
353,5263068808,SteelBowl7 (7/150),0,204.28001,DST Patriots  FLEX Javonte Williams QB Bryce Young RB Chuba Hubbard RB Aaron Jones Sr. TE Dalton Schultz WR Jaxon Smith-Njigba WR DeVonta Smith WR Tetairoa McMillan,,Braelon Allen,RB,0.03%,8.5
353,5260983160,drmcpool (54/150),0,204.28,DST Panthers  FLEX George Kittle QB Brock Purdy RB Derrick Henry RB Ashton Jeanty TE Dalton Schultz WR Jaxon Smith-Njigba WR Garrett Wilson WR Romeo Doubs,,Eli Raridon,TE,0.03%,4
355,5263082147,cl3mszn (106/150),0,204.26001,DST Panthers  FLEX Jake Ferguson QB Dak Prescott RB Christian McCaffrey RB Javonte Williams TE Dalton Schultz WR Ja'Marr Chase WR CeeDee Lamb WR Mack Hollins,,Travis Hunter,WR,0.03%,0
355,5261372872,RKab (4/63),0,204.26,DST Panthers  FLEX Rashod Bateman QB Dak Prescott RB Christian McCaffrey RB Breece Hall TE Jake Ferguson WR Jaxon Smith-Njigba WR Stefon Diggs WR Quentin Johnston,,Raheim Sanders,RB,0.02%,2.1
355,5263005048,RKab (30/63),0,204.26,DST Panthers  FLEX Rashod Bateman QB Dak Prescott RB Christian McCaffrey RB Breece Hall TE Jake Ferguson WR Jaxon Smith-Njigba WR Stefon Diggs WR Quentin Johnston,,Dyami Brown,WR,0.02%,5.1
358,5263092739,astella2004 (58/150),0,204.23999,DST Panthers  FLEX Stefon Diggs QB Jayden Daniels RB Chuba Hubbard RB Aaron Jones Sr. TE Dalton Schultz WR Jaxon Smith-Njigba WR Chris Olave WR Parker Washington,,Mason Taylor,FLEX,0.02%,0
359,5256631268,PaidNfullnow (2/5),0,204.20001,DST Panthers  FLEX Dalton Schultz QB Drew Lock RB Derrick Henry RB Jadarian Price TE Trey McBride WR Jaxon Smith-Njigba WR DeVonta Smith WR Matthew Golden,,Samaje Perine,RB,0.02%,3.2
359,5261080313,jjimka66 (13/150),0,204.2,DST Patriots  FLEX Mark Andrews QB Drew Lock RB Javonte Williams RB J.K. Dobbins TE Dalton Schultz WR Jaxon Smith-Njigba WR Ja'Marr Chase WR CeeDee Lamb,,Tory Horton,WR,0.02%,0
361,5258113274,chasersb1988 (112/150),0,204.16,DST Panthers  FLEX Dalton Schultz QB Dak Prescott RB Javonte Williams RB Braelon Allen TE Juwan Johnson WR Jaxon Smith-Njigba WR Justin Jefferson WR CeeDee Lamb,,Ted Hurst III,FLEX,0.02%,4.7
361,5262317293,TeamTyson0404 (28/150),0,204.16,DST Vikings  FLEX Jake Ferguson QB Dak Prescott RB Christian McCaffrey RB Aaron Jones Sr. TE Mark Andrews WR Jaxon Smith-Njigba WR CeeDee Lamb WR Tre' Harris,,Zay Flowers,WR,0.02%,0
363,5258183993,jstout2014 (52/150),0,204.1,DST Jaguars  FLEX Jake Ferguson QB Jordan Love RB Christian McCaffrey RB Aaron Jones Sr. TE Dalton Schultz WR Jaxon Smith-Njigba WR CeeDee Lamb WR Tetairoa McMillan,,AJ Dillon,RB,0.02%,-0.3
364,5261034234,tommienation1 (84/150),0,204.08,DST Patriots  FLEX George Kittle QB Brock Purdy RB Christian McCaffrey RB Bucky Irving TE Dalton Schultz WR Jaxon Smith-Njigba WR Garrett Wilson WR Matthew Golden,,Brian Robinson Jr.,RB,0.02%,8.7
364,5261726943,Zhalp28 (18/150),0,204.08,DST Panthers  FLEX George Kittle QB Brock Purdy RB Christian McCaffrey RB Javonte Williams TE Dalton Schultz WR Jaxon Smith-Njigba WR Garrett Wilson WR Matthew Golden,,Drew Sample,TE,0.02%,0
366,5255986493,Mucci193 (77/150),0,204.06001,DST Panthers  FLEX CeeDee Lamb QB Dak Prescott RB Javonte Williams RB J.K. Dobbins TE Dalton Schultz WR Jaxon Smith-Njigba WR Christian Watson WR Matthew Golden,,Chris Bell,FLEX,0.02%,0
366,5261635587,4thquarter2 (126/150),0,204.06,DST Panthers  FLEX Jaxon Smith-Njigba QB Dak Prescott RB Derrick Henry RB Jaylen Warren TE Dalton Schultz WR CeeDee Lamb WR DK Metcalf WR Jayden Reed,,Demond Claiborne,FLEX,0.02%,1.2
366,5261655050,ferguand (73/87),0,204.06,DST Broncos  FLEX Jake Ferguson QB Dak Prescott RB Christian McCaffrey RB Derrick Henry TE Dalton Schultz WR CeeDee Lamb WR Garrett Wilson WR Stefon Diggs,,Mike Washington Jr.,RB,0.02%,0.7
366,5261939238,bkayjac (19/150),0,204.06,DST Ravens  FLEX Jake Ferguson QB Dak Prescott RB Omarion Hampton RB Bucky Irving TE Dalton Schultz WR Jaxon Smith-Njigba WR CeeDee Lamb WR DK Metcalf,,George Holani,FLEX,0.02%,2.5
366,5263028671,Gus_Chiggins (138/150),0,204.06,DST Seahawks  FLEX George Kittle QB Dak Prescott RB Ashton Jeanty RB Omarion Hampton TE Dalton Schultz WR Jaxon Smith-Njigba WR CeeDee Lamb WR Xavier Hutchinson,,Matt Hibner,TE,0.02%,0
371,5255769329,aznbeerman (62/150),0,204.04,DST Ravens  FLEX Jake Ferguson QB Jayden Daniels RB Omarion Hampton RB Bucky Irving TE Dalton Schultz WR Jaxon Smith-Njigba WR CeeDee Lamb WR Stefon Diggs,,Jonathon Brooks,FLEX,0.02%,2.1
372,5262354250,Xzilirate (110/150),0,204.02,DST Panthers  FLEX Jaxon Smith-Njigba QB C.J. Stroud RB Breece Hall RB Aaron Jones Sr. TE Dalton Schultz WR Ja'Marr Chase WR Chris Olave WR Xavier Hutchinson,,Makai Lemon,FLEX,0.02%,1.9
372,5263504137,batavia (58/150),0,204.02,DST Patriots  FLEX Michael Mayer QB Kirk Cousins RB Bijan Robinson RB Omarion Hampton TE Dalton Schultz WR Jaxon Smith-Njigba WR Ja'Marr Chase WR Tre Tucker,,Foster Moreau,TE,0.02%,5.4
374,5262661804,iam12fear (29/150),0,203.98001,DST Broncos  FLEX Juwan Johnson QB Tyler Shough RB Derrick Henry RB Chuba Hubbard TE Dalton Schultz WR Jaxon Smith-Njigba WR CeeDee Lamb WR Tetairoa McMillan,,Keaton Mitchell,RB,0.02%,4.9
375,5262740326,JoelBarraganMacias (54/150),0,203.95999,DST Ravens  FLEX Mark Andrews QB Dak Prescott RB De'Von Achane RB Aaron Jones Sr. TE Dalton Schultz WR Jaxon Smith-Njigba WR CeeDee Lamb WR Stefon Diggs,,Justice Hill,FLEX,0.02%,3.8
376,5259983515,npal09 (138/150),0,203.94,DST Broncos  FLEX Juwan Johnson QB Jayden Daniels RB Christian McCaffrey RB Aaron Jones Sr. TE Dalton Schultz WR Jaxon Smith-Njigba WR CeeDee Lamb WR Stefon Diggs,,Oronde Gadsden II,FLEX,0.02%,9.8
377,5259872634,jag3 (33/150),0,203.92,DST Jets  FLEX Mark Andrews QB C.J. Stroud RB Breece Hall RB Aaron Jones Sr. TE Dalton Schultz WR Jaxon Smith-Njigba WR Ja'Marr Chase WR CeeDee Lamb,,KaVontae Turpin,FLEX,0.02%,0.1
378,5262796400,nickfromcwe (35/150),0,203.88,DST Panthers  FLEX CeeDee Lamb QB Brock Purdy RB Christian McCaffrey RB Aaron Jones Sr. TE George Kittle WR Ja'Marr Chase WR Rashod Bateman WR Malik Washington,,Brevyn Spann-Ford,FLEX,0.02%,0
379,5256739747,BurgosFam31kBLB (1/2),0,203.86,DST Panthers  FLEX Matthew Golden QB Dak Prescott RB Derrick Henry RB Braelon Allen TE Darren Waller WR Jaxon Smith-Njigba WR CeeDee Lamb WR George Pickens,,Charlie Kolar,TE,0.02%,5.1
379,5259680283,MyLoopCard (74/150),0,203.86,DST Panthers  FLEX George Kittle QB Dak Prescott RB Christian McCaffrey RB Aaron Jones Sr. TE Dalton Schultz WR CeeDee Lamb WR George Pickens WR Garrett Wilson,,RJ Harvey,RB,0.02%,0
379,5262309040,abernethy89 (131/150),0,203.86,DST Panthers  FLEX CeeDee Lamb QB Dak Prescott RB Christian McCaffrey RB Aaron Jones Sr. TE Dalton Schultz WR Tetairoa McMillan WR Parker Washington WR Matthew Golden,,Jerry Jeudy,FLEX,0.02%,0
382,5261562830,jam0689 (40/150),0,203.8,DST Vikings  FLEX Javonte Williams QB Drew Lock RB Bucky Irving RB Aaron Jones Sr. TE Dalton Schultz WR Jaxon Smith-Njigba WR CeeDee Lamb WR Tetairoa McMillan,,Michael Pittman Jr.,WR,0.02%,0
383,5260325003,Quillo585 (2/2),0,203.78001,DST Panthers  FLEX Bucky Irving QB Bryce Young RB Christian McCaffrey RB Chuba Hubbard TE Darren Waller WR Jaxon Smith-Njigba WR Tetairoa McMillan WR Rashod Bateman,,Jalen McMillan,FLEX,0.02%,0
383,5260940048,tamalesnpupusas (38/150),0,203.78,DST Patriots  FLEX Javonte Williams QB Bryce Young RB Derrick Henry RB Aaron Jones Sr. TE Dalton Schultz WR Jaxon Smith-Njigba WR CeeDee Lamb WR Kayshon Boutte,,Chris Rodriguez Jr.,FLEX,0.02%,1.3
385,5261397495,TreSuede (119/150),0,203.76,DST Panthers  FLEX Caleb Douglas QB Dak Prescott RB Derrick Henry RB J.K. Dobbins TE Dalton Schultz WR Jaxon Smith-Njigba WR CeeDee Lamb WR George Pickens,,Brenen Thompson,FLEX,0.01%,2.3
385,5262464037,rotero (2/3),0,203.76,DST Panthers  FLEX Colston Loveland QB Dak Prescott RB Derrick Henry RB Aaron Jones Sr. TE Dalton Schultz WR Ja'Marr Chase WR CeeDee Lamb WR Stefon Diggs,,Chris Brooks,FLEX,0.01%,3.6
385,5263295436,garyjames84 (91/150),0,203.76,DST Ravens  FLEX Jake Ferguson QB Dak Prescott RB Derrick Henry RB Aaron Jones Sr. TE Dalton Schultz WR Jaxon Smith-Njigba WR CeeDee Lamb WR DK Metcalf,,Durham Smythe,TE,0.01%,0
388,5262374718,TeamUPS (21/150),0,203.68,DST Jaguars  FLEX George Kittle QB Brock Purdy RB Derrick Henry RB De'Von Achane TE Dalton Schultz WR Jaxon Smith-Njigba WR CeeDee Lamb WR Devaughn Vele,,Zavion Thomas,WR,0.01%,0
389,5261722953,Jakethesnakeplummer (62/150),0,203.66,DST Panthers  FLEX Jaxon Smith-Njigba QB Dak Prescott RB Rhamondre Stevenson RB Aaron Jones Sr. TE Dalton Schultz WR CeeDee Lamb WR George Pickens WR Terry McLaurin,,Brenen Thompson,WR,0.01%,2.3
389,5262308921,abernethy89 (12/150),0,203.66,DST Panthers  FLEX Michael Mayer QB Dak Prescott RB Derrick Henry RB Chuba Hubbard TE Dalton Schultz WR Ja'Marr Chase WR CeeDee Lamb WR Garrett Wilson,,Olamide Zaccheaus,WR,0.01%,1.3
389,5263365030,ddublaw (13/18),0,203.66,DST Jaguars  FLEX Dalton Schultz QB Dak Prescott RB Derrick Henry RB Ashton Jeanty TE Jake Ferguson WR Jaxon Smith-Njigba WR CeeDee Lamb WR Matthew Golden,,Brian Robinson Jr.,FLEX,0.01%,8.7
392,5259805829,deewillbet (77/150),0,203.58,DST Panthers  FLEX Dalton Schultz QB Bryce Young RB Christian McCaffrey RB Javonte Williams TE Jake Ferguson WR Jaxon Smith-Njigba WR George Pickens WR Tetairoa McMillan,,John Metchie III,WR,0.01%,0
392,5260080294,FootballFoolery (95/150),0,203.58,DST Panthers  FLEX George Kittle QB Brock Purdy RB Christian McCaffrey RB Javonte Williams TE Dalton Schultz WR Ja'Marr Chase WR CeeDee Lamb WR Xavier Hutchinson,,Jahdae Walker,FLEX,0.01%,0
394,5256620666,texican8823 (90/150),0,203.4,DST Browns  FLEX Colston Loveland QB Drew Lock RB Derrick Henry RB Aaron Jones Sr. TE Dalton Schultz WR Jaxon Smith-Njigba WR CeeDee Lamb WR DeVonta Smith,,Isaiah Williams,WR,0.01%,10.8
395,5257746224,Slashrandom (3/150),0,203.36,DST Saints  FLEX Jaxon Smith-Njigba QB Dak Prescott RB Javonte Williams RB Aaron Jones Sr. TE Dalton Schultz WR CeeDee Lamb WR Garrett Wilson WR Jalen Coker,,Zachariah Branch,WR,0.01%,3.4
395,5259689474,TTS1983 (18/150),0,203.36,DST Seahawks  FLEX Hunter Henry QB Dak Prescott RB Derrick Henry RB Aaron Jones Sr. TE Dalton Schultz WR Jaxon Smith-Njigba WR CeeDee Lamb WR Jalen Coker,,Drew Sample,FLEX,0.01%,0
395,5262172227,ttjensen90 (33/150),0,203.36,DST Jaguars  FLEX Jake Ferguson QB Dak Prescott RB Christian McCaffrey RB Javonte Williams TE Dalton Schultz WR CeeDee Lamb WR DeVonta Smith WR Stefon Diggs,,Braelon Allen,FLEX,0.01%,8.5
398,5261929444,dshot12 (107/150),0,203.28,DST Ravens  FLEX George Kittle QB Brock Purdy RB Derrick Henry RB Aaron Jones Sr. TE Dalton Schultz WR Jaxon Smith-Njigba WR CeeDee Lamb WR Matthew Golden,,Jared Wayne,WR,0.01%,5.3
399,5261729678,Jakethesnakeplummer (107/150),0,203.26001,DST Steelers  FLEX Dalton Schultz QB Dak Prescott RB Bijan Robinson RB Rachaad White TE Jake Ferguson WR Jaxon Smith-Njigba WR CeeDee Lamb WR Terry McLaurin,,Jonah Coleman,FLEX,0.01%,14.8
399,5262070372,Tylerjh18 (13/150),0,203.26001,DST Dolphins  FLEX Jake Ferguson QB Dak Prescott RB David Montgomery RB Aaron Jones Sr. TE Dalton Schultz WR Jaxon Smith-Njigba WR Ja'Marr Chase WR CeeDee Lamb,,Adam Trautman,FLEX,0.01%,0
399,5262642735,YABOYLUX (8/40),0,203.26001,DST Jaguars  FLEX Michael Mayer QB Dak Prescott RB Christian McCaffrey RB Javonte Williams TE Dalton Schultz WR Jaxon Smith-Njigba WR CeeDee Lamb WR Rashod Bateman,,Marlin Klein,TE,0.01%,0
399,5260189487,rufusjonz (96/150),0,203.26,DST Panthers  FLEX CeeDee Lamb QB Dak Prescott RB Christian McCaffrey RB Derrick Henry TE Dalton Schultz WR DeVonta Smith WR Wan'Dale Robinson WR Ryan Flournoy,,Tyjae Spears,FLEX,0.01%,9
403,5261635536,4thquarter2 (75/150),0,203.23999,DST Panthers  FLEX Dalton Schultz QB Jayden Daniels RB Christian McCaffrey RB Aaron Jones Sr. TE Mark Andrews WR Ja'Marr Chase WR CeeDee Lamb WR Stefon Diggs,,Andrei Iosivas,FLEX,0.01%,1.7
404,5263295415,garyjames84 (70/150),0,203.18001,DST Patriots  FLEX Jake Ferguson QB Justin Herbert RB Bijan Robinson RB Aaron Jones Sr. TE Dalton Schultz WR Jaxon Smith-Njigba WR CeeDee Lamb WR Jalen Coker,,DeeJay Dallas,RB,0.01%,3
404,5262229103,ticalwmu (1/150),0,203.18,DST Panthers  FLEX Jaxon Smith-Njigba QB Bryce Young RB Derrick Henry RB Chuba Hubbard TE Dalton Schultz WR Ja'Marr Chase WR Tetairoa McMillan WR DeMario Douglas,,Troy Franklin,FLEX,0.01%,3.7
406,5261592597,loredo80 (122/150),0,203.15999,DST Panthers  FLEX Brenton Strange QB Dak Prescott RB Derrick Henry RB Aaron Jones Sr. TE Hunter Henry WR Jaxon Smith-Njigba WR CeeDee Lamb WR Stefon Diggs,,Malik Benson,WR,0.01%,0
407,5262193857,amac511 (98/100),0,203.12001,DST Panthers  FLEX Jaxon Smith-Njigba QB C.J. Stroud RB Christian McCaffrey RB Breece Hall TE Dalton Schultz WR Ja'Marr Chase WR Romeo Doubs WR Xavier Hutchinson,,Mitchell Evans,TE,0.01%,2.3
408,5259600206,kb4444 (149/150),0,203.09999,DST Patriots  FLEX Mark Andrews QB Lamar Jackson RB Derrick Henry RB Aaron Jones Sr. TE Dalton Schultz WR Jaxon Smith-Njigba WR CeeDee Lamb WR Devaughn Vele,,Kendre Miller,RB,0.01%,0
408,5261985928,Jasong80 (31/150),0,203.09999,DST Patriots  FLEX Dalton Schultz QB Lamar Jackson RB Derrick Henry RB Aaron Jones Sr. TE Mark Andrews WR Jaxon Smith-Njigba WR CeeDee Lamb WR Devaughn Vele,,Bryce Lance,FLEX,0.01%,1.8
408,5262170661,ZzZ_JaZ (127/150),0,203.09999,DST Panthers  FLEX Jaxon Smith-Njigba QB Drew Lock RB Bhayshul Tuten RB Aaron Jones Sr. TE Dalton Schultz WR Justin Jefferson WR CeeDee Lamb WR DK Metcalf,,Hollywood Brown,WR,0.01%,1.2
411,5260291710,joshuaframe (29/150),0,203.06001,DST Patriots  FLEX Jalen Coker QB Dak Prescott RB David Montgomery RB Aaron Jones Sr. TE Dalton Schultz WR Jaxon Smith-Njigba WR CeeDee Lamb WR Terry McLaurin,,Elijah Arroyo,TE,0.01%,2.7
411,5259515511,rhdjr1970 (143/150),0,203.06,DST Buccaneers  FLEX Jake Ferguson QB Dak Prescott RB Derrick Henry RB Aaron Jones Sr. TE Dalton Schultz WR Jaxon Smith-Njigba WR CeeDee Lamb WR Terry McLaurin,,Kevin Coleman Jr.,WR,0.01%,0
411,5261728979,Jakethesnakeplummer (92/150),0,203.06,DST Buccaneers  FLEX Dalton Schultz QB Dak Prescott RB Derrick Henry RB Aaron Jones Sr. TE Jake Ferguson WR Jaxon Smith-Njigba WR CeeDee Lamb WR Terry McLaurin,,Travis Hunter,FLEX,0.01%,0
414,5257251889,mosioatunya (90/150),0,202.96,DST Panthers  FLEX Jake Ferguson QB Dak Prescott RB David Montgomery RB Breece Hall TE Dalton Schultz WR Ja'Marr Chase WR CeeDee Lamb WR Tee Higgins,,Mike Washington Jr.,FLEX,0.01%,0.7
415,5261543622,NFLcashKING (37/150),0,202.90001,DST Panthers  FLEX Jaxon Smith-Njigba QB Jordan Love RB Jadarian Price RB Aaron Jones Sr. TE Dalton Schultz WR CeeDee Lamb WR Christian Watson WR Garrett Wilson,,Foster Moreau,FLEX,0.01%,5.4
415,5256073211,JimmyDonuts (64/150),0,202.9,DST 49ers  FLEX AJ Barner QB Drew Lock RB Christian McCaffrey RB Aaron Jones Sr. TE Dalton Schultz WR Jaxon Smith-Njigba WR CeeDee Lamb WR Garrett Wilson,,Darnell Washington,FLEX,0.01%,1.7
415,5259649451,thismightbeian (75/150),0,202.9,DST Panthers  FLEX Michael Mayer QB Drew Lock RB Derrick Henry RB Saquon Barkley TE Dalton Schultz WR Jaxon Smith-Njigba WR CeeDee Lamb WR Garrett Wilson,,Keaton Mitchell,FLEX,0.01%,4.9
415,5259990337,X_Obese (137/150),0,202.9,DST Patriots  FLEX Dallas Goedert QB Drew Lock RB Bijan Robinson RB Aaron Jones Sr. TE Dalton Schultz WR Jaxon Smith-Njigba WR CeeDee Lamb WR Stefon Diggs,,Samaje Perine,FLEX,0.01%,3.2
415,5261162396,Miskez (99/150),0,202.9,DST Panthers  FLEX Michael Mayer QB Drew Lock RB Derrick Henry RB Saquon Barkley TE Dalton Schultz WR Jaxon Smith-Njigba WR CeeDee Lamb WR Garrett Wilson,,Marlin Klein,FLEX,0.01%,0
415,5261754175,RyanCox421 (145/150),0,202.9,DST Panthers  FLEX Derrick Henry QB Drew Lock RB Rhamondre Stevenson RB Aaron Jones Sr. TE Dalton Schultz WR Jaxon Smith-Njigba WR DeVonta Smith WR Tee Higgins,,Elijah Sarratt,FLEX,0.01%,0
415,5262218610,steve230323 (58/150),0,202.9,DST Broncos  FLEX George Kittle QB Drew Lock RB Ashton Jeanty RB Aaron Jones Sr. TE Dalton Schultz WR Jaxon Smith-Njigba WR Ja'Marr Chase WR DeVonta Smith,,Erick All Jr.,TE,0.01%,2.5
415,5262928461,Francangolia (10/150),0,202.9,DST Panthers  FLEX CeeDee Lamb QB Jordan Love RB Ashton Jeanty RB Aaron Jones Sr. TE Dalton Schultz WR Jaxon Smith-Njigba WR Garrett Wilson WR Matthew Golden,,Myles Price,WR,0.01%,0
423,5260960188,mattlee3 (120/150),0,202.86,DST Raiders  FLEX Jake Ferguson QB Dak Prescott RB Ashton Jeanty RB Jadarian Price TE Dalton Schultz WR Ja'Marr Chase WR CeeDee Lamb WR DeVonta Smith,,Adam Trautman,TE,0.01%,0
423,5262587246,dreamchaser_b55 (127/150),0,202.86,DST Steelers  FLEX Dalton Schultz QB Dak Prescott RB Christian McCaffrey RB Bucky Irving TE Michael Mayer WR Jaxon Smith-Njigba WR CeeDee Lamb WR Devaughn Vele,,Josh Cameron,FLEX,0.01%,0
423,5261916136,Zack7831 (63/150),0,202.85999,DST Ravens  FLEX Dalton Schultz QB Dak Prescott RB Chase Brown RB Aaron Jones Sr. TE Mark Andrews WR Jaxon Smith-Njigba WR CeeDee Lamb WR Stefon Diggs,,Dyami Brown,FLEX,0.01%,5.1
423,5262154386,gittoj (61/150),0,202.85999,DST Ravens  FLEX Mark Andrews QB Dak Prescott RB Chase Brown RB Aaron Jones Sr. TE Dalton Schultz WR Jaxon Smith-Njigba WR CeeDee Lamb WR Stefon Diggs,,Kyle Williams,FLEX,0.01%,2
427,5262047230,rockybrown26 (28/150),0,202.78,DST Patriots  FLEX George Kittle QB Brock Purdy RB Derrick Henry RB Aaron Jones Sr. TE Dalton Schultz WR Jaxon Smith-Njigba WR Chris Olave WR Terry McLaurin,,Calvin Ridley,FLEX,0.01%,5.5
428,5260341510,Byronn5 (91/150),0,202.76001,DST Jets  FLEX Jake Ferguson QB Dak Prescott RB Christian McCaffrey RB Aaron Jones Sr. TE Dalton Schultz WR Ja'Marr Chase WR CeeDee Lamb WR Parker Washington,,Luke McCaffrey,WR,0.01%,0
428,5260423995,juliog23 (100/150),0,202.76,DST Panthers  FLEX Tre Tucker QB Dak Prescott RB De'Von Achane RB Javonte Williams TE Dalton Schultz WR Ja'Marr Chase WR CeeDee Lamb WR Terry McLaurin,,Colson Yankoff,TE,0.01%,2.4
428,5263406892,FOMOSummer2 (9/150),0,202.76,DST Patriots  FLEX Dalton Schultz QB Dak Prescott RB Derrick Henry RB De'Von Achane TE Dallas Goedert WR Jaxon Smith-Njigba WR CeeDee Lamb WR Roman Wilson,,Chimere Dike,WR,0.01%,0
431,5260466665,ArRazorback74 (80/150),0,202.72,DST Panthers  FLEX Jaxon Smith-Njigba QB C.J. Stroud RB Christian McCaffrey RB Derrick Henry TE Dalton Schultz WR Ja'Marr Chase WR Malik Washington WR Xavier Hutchinson,,Dohnte Meyers,WR,0.01%,0
432,5260549288,ialmost1 (33/150),0,202.66,DST Patriots  FLEX Michael Mayer QB Dak Prescott RB Ashton Jeanty RB Aaron Jones Sr. TE Dalton Schultz WR Jaxon Smith-Njigba WR CeeDee Lamb WR George Pickens,,Ameer Abdullah,RB,0.01%,2.3
432,5262356217,tristencarroll (25/150),0,202.66,DST Patriots  FLEX Michael Mayer QB Dak Prescott RB Ashton Jeanty RB Aaron Jones Sr. TE Dalton Schultz WR Jaxon Smith-Njigba WR CeeDee Lamb WR George Pickens,,Germie Bernard,FLEX,0.01%,7.5
432,5256511027,drichh0511 (120/150),0,202.65999,DST Vikings  FLEX CeeDee Lamb QB Dak Prescott RB Derrick Henry RB Aaron Jones Sr. TE Dalton Schultz WR Jaxon Smith-Njigba WR George Pickens WR DeMario Douglas,,Jahan Dotson,FLEX,0.01%,3.1
432,5261398775,beng4800 (35/150),0,202.65999,DST Panthers  FLEX Dalton Schultz QB Dak Prescott RB Christian McCaffrey RB Chuba Hubbard TE Mark Andrews WR CeeDee Lamb WR George Pickens WR Stefon Diggs,,Tory Horton,FLEX,0.01%,0
436,5259800779,birm10 (134/150),0,202.57999,DST Panthers  FLEX Derrick Henry QB Geno Smith RB Breece Hall RB Chuba Hubbard TE Dalton Schultz WR CeeDee Lamb WR DeVonta Smith WR Garrett Wilson,,Brock Bowers,TE,0.01%,0
436,5261958777,TimaciousD (2/30),0,202.57999,DST Browns  FLEX Dalton Schultz QB Bryce Young RB Derrick Henry RB Chuba Hubbard TE Mark Andrews WR Jaxon Smith-Njigba WR CeeDee Lamb WR Garrett Wilson,,Luke Schoonmaker,TE,0.01%,0
438,5261001606,Chompie1515 (49/54),0,202.56,DST Broncos  FLEX Jake Ferguson QB Dak Prescott RB Christian McCaffrey RB Jonathon Brooks TE Dalton Schultz WR Jaxon Smith-Njigba WR CeeDee Lamb WR Terry McLaurin,,RJ Harvey,FLEX,0.01%,0
438,5262172213,ttjensen90 (19/150),0,202.56,DST Buccaneers  FLEX Jake Ferguson QB Dak Prescott RB Breece Hall RB Aaron Jones Sr. TE Dalton Schultz WR Jaxon Smith-Njigba WR CeeDee Lamb WR George Pickens,,Xavier Legette,FLEX,0.01%,8.4
440,5262423228,cndukwe (34/70),0,202.48001,DST Panthers  FLEX Christian McCaffrey QB Bryce Young RB Breece Hall RB Aaron Jones Sr. TE Dalton Schultz WR CeeDee Lamb WR Tetairoa McMillan WR Garrett Wilson,,Tank Bigsby,RB,0.01%,11.8
440,5262467088,Tr0ubl35 (75/150),0,202.48001,DST Panthers  FLEX Christian McCaffrey QB Bryce Young RB Breece Hall RB Aaron Jones Sr. TE Dalton Schultz WR CeeDee Lamb WR Tetairoa McMillan WR Garrett Wilson,,Jack Endries,TE,0.01%,0
440,5258034982,gophakilla (95/150),0,202.48,DST Panthers  FLEX George Kittle QB Brock Purdy RB Omarion Hampton RB Chuba Hubbard TE Juwan Johnson WR Ja'Marr Chase WR CeeDee Lamb WR Stefon Diggs,,Barion Brown,WR,0.01%,0
443,5260971266,propkiller (64/150),0,202.46,DST Broncos  FLEX Cade Otton QB Dak Prescott RB Bucky Irving RB J.K. Dobbins TE Dalton Schultz WR Jaxon Smith-Njigba WR Ja'Marr Chase WR CeeDee Lamb,,Charlie Kolar,FLEX,0.01%,5.1
443,5261275485,wmgilpin (1/150),0,202.46,DST Patriots  FLEX CeeDee Lamb QB Dak Prescott RB Rhamondre Stevenson RB Aaron Jones Sr. TE Dalton Schultz WR Ja'Marr Chase WR Tetairoa McMillan WR Stefon Diggs,,Ameer Abdullah,FLEX,0.01%,2.3
445,5260080210,FootballFoolery (11/150),0,202.42,DST Panthers  FLEX Jaxon Smith-Njigba QB C.J. Stroud RB David Montgomery RB Jadarian Price TE Dalton Schultz WR Ja'Marr Chase WR CeeDee Lamb WR Xavier Hutchinson,,Jonathan Mingo,WR,0.01%,0
445,5261805107,erarfa (22/150),0,202.42,DST Panthers  FLEX Michael Mayer QB Bo Nix RB De'Von Achane RB Breece Hall TE Dalton Schultz WR Jaxon Smith-Njigba WR CeeDee Lamb WR Garrett Wilson,,Sean Tucker,RB,0.01%,0
447,5261876886,EPs_Finest (15/150),0,202.40001,DST Saints  FLEX Jake Ferguson QB Drew Lock RB Christian McCaffrey RB Ashton Jeanty TE Dalton Schultz WR Jaxon Smith-Njigba WR CeeDee Lamb WR Terry McLaurin,,Nate Boerkircher,TE,0.01%,0
448,5258183949,jstout2014 (8/150),0,202.38,DST Jaguars  FLEX Michael Mayer QB Brock Purdy RB Christian McCaffrey RB Aaron Jones Sr. TE Dalton Schultz WR Jaxon Smith-Njigba WR CeeDee Lamb WR Garrett Wilson,,Kendre Miller,FLEX,0.01%,0
448,5262021288,LittleOldUs (14/67),0,202.38,DST Jaguars  FLEX Michael Mayer QB Brock Purdy RB Christian McCaffrey RB Aaron Jones Sr. TE Dalton Schultz WR Jaxon Smith-Njigba WR CeeDee Lamb WR Garrett Wilson,,DeeJay Dallas,FLEX,0.01%,3
448,5262890815,au_nbc (121/150),0,202.38,DST Panthers  FLEX Dalton Schultz QB Brock Purdy RB Christian McCaffrey RB Jadarian Price TE Mark Andrews WR Ja'Marr Chase WR CeeDee Lamb WR Jalen Coker,,Tez Johnson,WR,0.01%,5.9
448,5261062057,CashMoneyClassic (34/50),0,202.37999,DST Patriots  FLEX Christian McCaffrey QB Tyler Shough RB Chuba Hubbard RB Aaron Jones Sr. TE Dalton Schultz WR Jaxon Smith-Njigba WR Chris Olave WR Devaughn Vele,,Durham Smythe,FLEX,0.01%,0
452,5259841381,relevanthought (27/150),0,202.36,DST Titans  FLEX Dalton Schultz QB Dak Prescott RB Omarion Hampton RB Aaron Jones Sr. TE Mark Andrews WR Jaxon Smith-Njigba WR Ja'Marr Chase WR Stefon Diggs,,Elic Ayomanor,FLEX,0.01%,8.9
452,5261397735,DFPanther1 (23/74),0,202.36,DST Browns  FLEX Michael Mayer QB Dak Prescott RB Breece Hall RB J.K. Dobbins TE Dalton Schultz WR Jaxon Smith-Njigba WR CeeDee Lamb WR DeVonta Smith,,Elijah Arroyo,FLEX,0.01%,2.7
452,5263003837,ojadams2001 (9/125),0,202.36,DST Panthers  FLEX Michael Mayer QB Dak Prescott RB Derrick Henry RB Bucky Irving TE Dalton Schultz WR Ja'Marr Chase WR CeeDee Lamb WR Parker Washington,,Jaylen Wright,FLEX,0.01%,1.1
455,5263059520,xHustler10x (55/150),0,202.31999,DST Panthers  FLEX Jaxon Smith-Njigba QB C.J. Stroud RB Derrick Henry RB Breece Hall TE Dalton Schultz WR Ja'Marr Chase WR Garrett Wilson WR Xavier Hutchinson,,Nico Collins,FLEX,0.00%,0
456,5260988708,mscroggs300 (112/150),0,202.27998,DST Panthers  FLEX Mark Andrews QB Tyler Shough RB Christian McCaffrey RB Javonte Williams TE Dalton Schultz WR Jaxon Smith-Njigba WR Ja'Marr Chase WR Devaughn Vele,,Kyle Juszczyk,RB,0.00%,10.7
457,5259658894,Mdumblewski (135/150),0,202.26,DST Panthers  FLEX Michael Mayer QB Dak Prescott RB Derrick Henry RB Javonte Williams TE Dalton Schultz WR Ja'Marr Chase WR CeeDee Lamb WR Stefon Diggs,,Jordan James,RB,0.00%,1.5
458,5261627479,chieftom16 (17/100),0,202.23999,DST Browns  FLEX Dalton Schultz QB Jayden Daniels RB Christian McCaffrey RB Aaron Jones Sr. TE Mark Andrews WR Jaxon Smith-Njigba WR CeeDee Lamb WR Stefon Diggs,,Sean Tucker,FLEX,0.00%,0
459,5263182736,nd_football (86/89),0,202.18001,DST Panthers  FLEX Trey McBride QB Tyler Shough RB Breece Hall RB Bucky Irving TE Dalton Schultz WR Jaxon Smith-Njigba WR Chris Olave WR Devaughn Vele,,Matt Hibner,FLEX,0.00%,0
460,5260429633,gula-tel (51/150),0,202.16,DST Raiders  FLEX Dalton Schultz QB Dak Prescott RB Bijan Robinson RB Aaron Jones Sr. TE Harold Fannin Jr. WR Jaxon Smith-Njigba WR CeeDee Lamb WR Romeo Doubs,,Kimani Vidal,RB,0.00%,0
460,5263270141,YappoTheClown (64/137),0,202.16,DST Broncos  FLEX Michael Mayer QB Dak Prescott RB Bijan Robinson RB Aaron Jones Sr. TE Dalton Schultz WR Jaxon Smith-Njigba WR CeeDee Lamb WR Stefon Diggs,,Emari Demercado,RB,0.00%,0.8
460,5261217089,Tubesteakbuffet (102/150),0,202.15999,DST Panthers  FLEX CeeDee Lamb QB Dak Prescott RB Derrick Henry RB Aaron Jones Sr. TE Dalton Schultz WR Ja'Marr Chase WR George Pickens WR Devaughn Vele,,Lil'Jordan Humphrey,WR,0.00%,0
460,5261648613,Mciampa98 (20/150),0,202.15999,DST Panthers  FLEX Ryan Flournoy QB Dak Prescott RB Breece Hall RB Aaron Jones Sr. TE Mark Andrews WR Jaxon Smith-Njigba WR CeeDee Lamb WR Garrett Wilson,,Jauan Jennings,WR,0.00%,0
460,5261718458,Ale0626 (47/150),0,202.15999,DST Panthers  FLEX CeeDee Lamb QB Dak Prescott RB Derrick Henry RB Aaron Jones Sr. TE Dalton Schultz WR Ja'Marr Chase WR George Pickens WR Devaughn Vele,,J.J. McCarthy,QB,0.00%,0
460,5262787658,kozy6813 (13/100),0,202.15999,DST Panthers  FLEX George Pickens QB Dak Prescott RB Derrick Henry RB Aaron Jones Sr. TE Dalton Schultz WR Ja'Marr Chase WR CeeDee Lamb WR Devaughn Vele,,Sam Roush,TE,0.00%,1.9
466,5261571334,Psmittygrub (10/27),0,202.1,DST Broncos  FLEX Dalton Schultz QB Drew Lock RB Christian McCaffrey RB Ashton Jeanty TE Michael Mayer WR Jaxon Smith-Njigba WR CeeDee Lamb WR Stefon Diggs,,Isaiah Bond,WR,0.00%,2
467,5261615148,Radfish (109/140),0,202.08,DST 49ers  FLEX Dalton Schultz QB Brock Purdy RB Derrick Henry RB Aaron Jones Sr. TE Hunter Henry WR Jaxon Smith-Njigba WR CeeDee Lamb WR Jalen Coker,,Jonathan Mingo,FLEX,0.00%,0
468,5256878490,jimmyt27 (113/150),0,202.06,DST Panthers  FLEX Omarion Hampton QB Dak Prescott RB Christian McCaffrey RB Javonte Williams TE Dalton Schultz WR CeeDee Lamb WR Stefon Diggs WR KC Concepcion Jr.,,Daniel Bellinger,TE,0.00%,0
468,5263028541,Gus_Chiggins (8/150),0,202.06,DST Patriots  FLEX Jake Ferguson QB Dak Prescott RB Breece Hall RB Bucky Irving TE Dalton Schultz WR Ja'Marr Chase WR CeeDee Lamb WR George Pickens,,Brycen Tremayne,WR,0.00%,0
470,5260326404,pruggere (56/150),0,202.04,DST Panthers  FLEX Jaxon Smith-Njigba QB Jayden Daniels RB Christian McCaffrey RB Bucky Irving TE Dalton Schultz WR Tetairoa McMillan WR Stefon Diggs WR Devaughn Vele,,Tank Bigsby,FLEX,0.00%,11.8
471,5262302214,DKyat (106/150),0,201.98,DST Patriots  FLEX Darren Waller QB Bryce Young RB Bijan Robinson RB Javonte Williams TE Dalton Schultz WR Jaxon Smith-Njigba WR CeeDee Lamb WR DK Metcalf,,Kaytron Allen,RB,0.00%,2.4
472,5262404916,tcarv4 (147/150),0,201.96,DST Vikings  FLEX Michael Mayer QB Dak Prescott RB Christian McCaffrey RB Bucky Irving TE Dalton Schultz WR Ja'Marr Chase WR CeeDee Lamb WR Denzel Boston,,Bam Knight,FLEX,0.00%,2.4
472,5263019897,mannydvs (106/150),0,201.96,DST Panthers  FLEX Jaxon Smith-Njigba QB Dak Prescott RB Christian McCaffrey RB Jonah Coleman TE George Kittle WR CeeDee Lamb WR Terry McLaurin WR Travis Hunter,,Raheim Sanders,FLEX,0.00%,2.1
472,5260524713,GOALLIN256 (1/62),0,201.95999,DST Packers  FLEX Mark Andrews QB Dak Prescott RB Derrick Henry RB Chuba Hubbard TE Dalton Schultz WR Jaxon Smith-Njigba WR CeeDee Lamb WR Devaughn Vele,,Jawhar Jordan,FLEX,0.00%,0
472,5262140586,chieftom16 (30/100),0,201.95999,DST Ravens  FLEX Dalton Schultz QB Dak Prescott RB Ashton Jeanty RB Aaron Jones Sr. TE Mark Andrews WR Jaxon Smith-Njigba WR CeeDee Lamb WR Stefon Diggs,,Lil'Jordan Humphrey,FLEX,0.00%,0
476,5261920126,longo11 (25/150),0,201.94,DST Panthers  FLEX Jaxon Smith-Njigba QB Jayden Daniels RB Breece Hall RB Jadarian Price TE Dalton Schultz WR CeeDee Lamb WR Deebo Samuel Sr. WR Stefon Diggs,,Michael Pittman Jr.,FLEX,0.00%,0
477,5257311419,tjele (130/150),0,201.92,DST Panthers  FLEX Dalton Schultz QB C.J. Stroud RB Derrick Henry RB MarShawn Lloyd TE Mark Andrews WR Jaxon Smith-Njigba WR Ja'Marr Chase WR Garrett Wilson,,Luke Schoonmaker,FLEX,0.00%,0
478,5261162443,Miskez (146/150),0,201.90001,DST Panthers  FLEX Chuba Hubbard QB Drew Lock RB Derrick Henry RB Bucky Irving TE Dalton Schultz WR Jaxon Smith-Njigba WR Tetairoa McMillan WR Parker Washington,,Zavion Thomas,FLEX,0.00%,0
478,5261469400,ramarbury (112/150),0,201.9,DST Panthers  FLEX Javonte Williams QB Drew Lock RB Derrick Henry RB Ashton Jeanty TE Dalton Schultz WR Jaxon Smith-Njigba WR CeeDee Lamb WR Devontez Walker,,Hollywood Brown,FLEX,0.00%,1.2
480,5258613715,clavinniu (120/150),0,201.86,DST Panthers  FLEX Ja'Marr Chase QB Dak Prescott RB Bhayshul Tuten RB Rachaad White TE Brevyn Spann-Ford WR Jaxon Smith-Njigba WR CeeDee Lamb WR Ryan Flournoy,,Blake Whiteheart,TE,0.00%,8.7
480,5260136453,cptnspaulding (113/150),0,201.86,DST Panthers  FLEX Michael Mayer QB Dak Prescott RB Christian McCaffrey RB Derrick Henry TE Dalton Schultz WR Ja'Marr Chase WR CeeDee Lamb WR Kayshon Boutte,,Austin Hooper,TE,0.00%,4
480,5260988468,steadfast_1 (49/150),0,201.86,DST Vikings  FLEX Stefon Diggs QB Dak Prescott RB Javonte Williams RB Aaron Jones Sr. TE Dalton Schultz WR Ja'Marr Chase WR CeeDee Lamb WR Tetairoa McMillan,,Kyle Juszczyk,FLEX,0.00%,10.7
483,5258531798,csurunnerccr (131/150),0,201.82,DST Jets  FLEX Michael Mayer QB C.J. Stroud RB Derrick Henry RB Aaron Jones Sr. TE Dalton Schultz WR Jaxon Smith-Njigba WR Ja'Marr Chase WR CeeDee Lamb,,Shedeur Sanders,QB,0.00%,0
484,5262566481,TB701 (82/150),0,201.8,DST Panthers  FLEX Javonte Williams QB Drew Lock RB Christian McCaffrey RB Derrick Henry TE Dalton Schultz WR Jaxon Smith-Njigba WR Matthew Golden WR Rashod Bateman,,Jaylin Lane,WR,0.00%,0
484,5263262880,CarlJungMC (8/150),0,201.8,DST Panthers  FLEX Michael Mayer QB Drew Lock RB Chuba Hubbard RB Aaron Jones Sr. TE Mark Andrews WR Jaxon Smith-Njigba WR Ja'Marr Chase WR CeeDee Lamb,,Eli Raridon,FLEX,0.00%,4
486,5259661373,GridIronMetalHead (137/150),0,201.78,DST Patriots  FLEX Dalton Schultz QB Brock Purdy RB Christian McCaffrey RB Aaron Jones Sr. TE George Kittle WR Jaxon Smith-Njigba WR Garrett Wilson WR Terry McLaurin,,Chig Okonkwo,TE,0.00%,0
487,5261729722,dtnichols09 (34/150),0,201.76,DST Jets  FLEX Dalton Schultz QB Dak Prescott RB Christian McCaffrey RB Bucky Irving TE Mark Andrews WR Jaxon Smith-Njigba WR CeeDee Lamb WR Kayshon Boutte,,Derius Davis,WR,0.00%,0
487,5262274390,giantbeer (97/150),0,201.76,DST Panthers  FLEX George Pickens QB Dak Prescott RB Christian McCaffrey RB Derrick Henry TE Dalton Schultz WR CeeDee Lamb WR Stefon Diggs WR Xavier Hutchinson,,Dillon Bell,WR,0.00%,0
489,5260432723,BigDingDong956 (63/122),0,201.72,DST Panthers  FLEX Dalton Schultz QB C.J. Stroud RB Derrick Henry RB Quinshon Judkins TE Hunter Henry WR Jaxon Smith-Njigba WR CeeDee Lamb WR Mike Evans,,A.J. Brown,WR,0.00%,0
490,5261148115,Steven_1974 (72/100),0,201.70001,DST Panthers  FLEX Trey McBride QB Drew Lock RB Ashton Jeanty RB Rico Dowdle TE Dalton Schultz WR Jaxon Smith-Njigba WR CeeDee Lamb WR DK Metcalf,,British Brooks,RB,0.00%,0
490,5261897339,xxSPURS21xx (69/150),0,201.70001,DST Panthers  FLEX De'Von Achane QB Drew Lock RB Bucky Irving RB J.K. Dobbins TE Dalton Schultz WR Jaxon Smith-Njigba WR CeeDee Lamb WR Romeo Doubs,,Jack Strand,QB,0.00%,1.96
492,5259661380,GridIronMetalHead (144/150),0,201.68001,DST Patriots  FLEX Dalton Schultz QB Brock Purdy RB Christian McCaffrey RB Aaron Jones Sr. TE George Kittle WR CeeDee Lamb WR Christian Watson WR Garrett Wilson,,Jawhar Jordan,RB,0.00%,0
493,5257649930,MManning121 (72/150),0,201.66,DST Steelers  FLEX Juwan Johnson QB Dak Prescott RB Ashton Jeanty RB Aaron Jones Sr. TE Dalton Schultz WR Jaxon Smith-Njigba WR CeeDee Lamb WR Garrett Wilson,,Treylon Burks,FLEX,0.00%,0
493,5260549267,ialmost1 (12/150),0,201.66,DST Buccaneers  FLEX Jake Ferguson QB Dak Prescott RB Bucky Irving RB Aaron Jones Sr. TE Dalton Schultz WR Jaxon Smith-Njigba WR CeeDee Lamb WR Emeka Egbuka,,John Metchie III,FLEX,0.00%,0
493,5261037004,incgonzalez (146/150),0,201.66,DST 49ers  FLEX Jake Ferguson QB Dak Prescott RB Ashton Jeanty RB Aaron Jones Sr. TE Dalton Schultz WR Jaxon Smith-Njigba WR CeeDee Lamb WR Terry McLaurin,,Isaiah Williams,FLEX,0.00%,10.8
493,5256623219,j11five (13/150),0,201.65999,DST Panthers  FLEX Jaxon Smith-Njigba QB Dak Prescott RB Ashton Jeanty RB Omarion Hampton TE Dalton Schultz WR CeeDee Lamb WR Quentin Johnston WR DeMario Douglas,,Jeshaun Jones,WR,0.00%,0
497,5260115297,yungjerryjones (16/85),0,201.62001,DST Panthers  FLEX Bhayshul Tuten QB Bo Nix RB Breece Hall RB Aaron Jones Sr. TE Dalton Schultz WR Ja'Marr Chase WR CeeDee Lamb WR Jaylen Waddle,,Drake Dabney,TE,0.00%,0
498,5262516106,Milo1051 (18/21),0,201.58002,DST Jaguars  FLEX Dalton Schultz QB Bryce Young RB Bijan Robinson RB Derrick Henry TE Darren Waller WR Jaxon Smith-Njigba WR CeeDee Lamb WR Jalen Coker,,Kaleb Johnson,RB,0.00%,3.2
498,5257635080,joerendell (118/149),0,201.57999,DST Panthers  FLEX Christian McCaffrey QB Brock Purdy RB Derrick Henry RB Bucky Irving TE Dalton Schultz WR DeVonta Smith WR Stefon Diggs WR Dontayvion Wicks,,William Wagner,TE,0.00%,0
500,5260290031,Davelr42 (1/20),0,201.56,DST Broncos  FLEX Dalton Schultz QB Dak Prescott RB Derrick Henry RB Breece Hall TE Jake Ferguson WR CeeDee Lamb WR Chris Olave WR Stefon Diggs,,Jared Wayne,FLEX,0.00%,5.3
500,5261536208,NFLcashKING (10/150),0,201.56,DST Panthers  FLEX Jaxon Smith-Njigba QB Dak Prescott RB Bucky Irving RB Aaron Jones Sr. TE Dalton Schultz WR George Pickens WR Tetairoa McMillan WR Garrett Wilson,,Nate Boerkircher,FLEX,0.00%,0
502,5261907372,spartanfan23 (125/150),0,201.5,DST Panthers  FLEX Michael Mayer QB Drew Lock RB Christian McCaffrey RB Omarion Hampton TE Dalton Schultz WR Jaxon Smith-Njigba WR Ja'Marr Chase WR DK Metcalf,,Zachariah Branch,FLEX,0.00%,3.4
503,5262132286,rome7789 (89/150),0,201.46,DST Jets  FLEX Michael Mayer QB Dak Prescott RB Christian McCaffrey RB Derrick Henry TE Dalton Schultz WR Jaxon Smith-Njigba WR CeeDee Lamb WR Ryan Flournoy,,Kevin Austin Jr.,WR,0.00%,1.7
503,5263108067,destroy15 (98/150),0,201.45999,DST Panthers  FLEX George Kittle QB Dak Prescott RB Christian McCaffrey RB Derrick Henry TE Dallas Goedert WR CeeDee Lamb WR Tre Tucker WR Rashod Bateman,,Efton Chism III,WR,0.00%,0.8
503,5263381011,RVADraftKing (15/50),0,201.46,DST Panthers  FLEX CeeDee Lamb QB Dak Prescott RB Ashton Jeanty RB Chuba Hubbard TE Dalton Schultz WR Ja'Marr Chase WR Jalen Coker WR Romeo Doubs,,Lewis Bond,WR,0.00%,0
506,5258401873,murthy89 (59/150),0,201.38,DST Panthers  FLEX Jaxon Smith-Njigba QB Bryce Young RB Omarion Hampton RB Aaron Jones Sr. TE Dalton Schultz WR George Pickens WR Tetairoa McMillan WR Garrett Wilson,,Cade Stover,TE,0.00%,0
506,5261838749,kashman100 (133/150),0,201.38,DST Panthers  FLEX Michael Mayer QB Baker Mayfield RB Bucky Irving RB Chuba Hubbard TE Dalton Schultz WR Jaxon Smith-Njigba WR CeeDee Lamb WR Garrett Wilson,,Chris Blair,WR,0.00%,1.6
508,5262193814,amac511 (55/100),0,201.36,DST Panthers  FLEX Elijah Arroyo QB Dak Prescott RB Christian McCaffrey RB Jonathon Brooks TE Jake Ferguson WR Jaxon Smith-Njigba WR CeeDee Lamb WR Christian Watson,,Will Kacmarek,TE,0.00%,1.4
508,5262642639,fastbreak10 (1/150),0,201.36,DST 49ers  FLEX Jake Ferguson QB Dak Prescott RB Ashton Jeanty RB Aaron Jones Sr. TE Dalton Schultz WR Jaxon Smith-Njigba WR CeeDee Lamb WR DK Metcalf,,Daniel Bellinger,FLEX,0.00%,0
510,5262921267,chasehill88 (64/150),0,201.31999,DST Panthers  FLEX George Kittle QB Bo Nix RB Derrick Henry RB Omarion Hampton TE Dalton Schultz WR Jaxon Smith-Njigba WR Jaylen Waddle WR DK Metcalf,,Bo Melton,WR,0.00%,0
511,5261985953,Jasong80 (56/150),0,201.3,DST Seahawks  FLEX Dalton Schultz QB Lamar Jackson RB Omarion Hampton RB Aaron Jones Sr. TE Mark Andrews WR Jaxon Smith-Njigba WR CeeDee Lamb WR Rashod Bateman,,Jacob Cowing,WR,0.00%,0
512,5257964412,Ofenomeno (46/150),0,201.28,DST Panthers  FLEX George Kittle QB Brock Purdy RB Christian McCaffrey RB Aaron Jones Sr. TE Dalton Schultz WR Ja'Marr Chase WR Chris Olave WR Jalen Coker,,Zay Flowers,FLEX,0.00%,0
512,5262723972,xTRISKITx (18/150),0,201.28,DST Panthers  FLEX Christian McCaffrey QB Brock Purdy RB Bucky Irving RB Aaron Jones Sr. TE Dalton Schultz WR Ja'Marr Chase WR CeeDee Lamb WR Caleb Douglas,,Payne Durham,TE,0.00%,0
514,5255767055,bfresh326 (20/150),0,201.26,DST Patriots  FLEX Jaxon Smith-Njigba QB Dak Prescott RB De'Von Achane RB Aaron Jones Sr. TE Dalton Schultz WR CeeDee Lamb WR George Pickens WR DeMario Douglas,,Tai Felton,FLEX,0.00%,0
514,5259853708,titleIst101 (5/50),0,201.26,DST Panthers  FLEX Jake Ferguson QB Dak Prescott RB Derrick Henry RB Saquon Barkley TE Dalton Schultz WR CeeDee Lamb WR Chris Olave WR Jalen Coker,,Davis Mills,QB,0.00%,0
514,5260290033,Davelr42 (3/20),0,201.26001,DST Broncos  FLEX Dalton Schultz QB Dak Prescott RB Derrick Henry RB D'Andre Swift TE Jake Ferguson WR CeeDee Lamb WR Chris Olave WR Stefon Diggs,,Emari Demercado,FLEX,0.00%,0.8
514,5262151399,TreSims (107/150),0,201.26,DST Panthers  FLEX Christian McCaffrey QB Dak Prescott RB Breece Hall RB Aaron Jones Sr. TE Dalton Schultz WR CeeDee Lamb WR Luther Burden III WR Stefon Diggs,,Darius Cooper,WR,0.00%,10.6
514,5262735883,DieselX22 (122/150),0,201.26001,DST Bengals  FLEX Dalton Schultz QB Dak Prescott RB Javonte Williams RB Breece Hall TE Mark Andrews WR Jaxon Smith-Njigba WR CeeDee Lamb WR Jalen Coker,,Oscar Delp,TE,0.00%,1.8
519,5259669214,Nonaise (137/150),0,201.18001,DST Patriots  FLEX Javonte Williams QB Bryce Young RB Omarion Hampton RB Aaron Jones Sr. TE Dalton Schultz WR CeeDee Lamb WR DeVonta Smith WR Tetairoa McMillan,,Elijah Higgins,TE,0.00%,0
519,5261161857,jgoodthesportsking (79/150),0,201.18001,DST Broncos  FLEX Jake Ferguson QB Brock Purdy RB Bijan Robinson RB Aaron Jones Sr. TE Dalton Schultz WR Jaxon Smith-Njigba WR CeeDee Lamb WR Terry McLaurin,,Joe Flacco,QB,0.00%,0
519,5261838648,kashman100 (32/150),0,201.18,DST Panthers  FLEX Mark Andrews QB Brock Purdy RB Christian McCaffrey RB Javonte Williams TE Dalton Schultz WR Ja'Marr Chase WR CeeDee Lamb WR Devaughn Vele,,Sincere McCormick,RB,0.00%,0
519,5262722053,acertainben (18/150),0,201.18001,DST Panthers  FLEX Michael Mayer QB Bryce Young RB De'Von Achane RB Chuba Hubbard TE Dalton Schultz WR Jaxon Smith-Njigba WR Ja'Marr Chase WR Tetairoa McMillan,,Tyler Goodson,RB,0.00%,0
523,5256726553,Javelin007dm (8/20),0,201.16,DST Panthers  FLEX Dalton Schultz QB Dak Prescott RB Rhamondre Stevenson RB Aaron Jones Sr. TE Mark Andrews WR Ja'Marr Chase WR CeeDee Lamb WR Chris Olave,,Fernando Mendoza,QB,0.00%,0
523,5259889390,JoJoBAH (11/150),0,201.16,DST Panthers  FLEX Michael Mayer QB Dak Prescott RB Christian McCaffrey RB Omarion Hampton TE Dalton Schultz WR CeeDee Lamb WR George Pickens WR Stefon Diggs,,Ben Skowronek,WR,0.00%,1.2
525,5262733296,myres12384 (33/73),0,201.12,DST Panthers  FLEX Jake Ferguson QB Carson Wentz RB Christian McCaffrey RB Ashton Jeanty TE Dalton Schultz WR Jaxon Smith-Njigba WR Ja'Marr Chase WR Jalen Coker,,Hunter Long,TE,0.00%,0
526,5261222502,russelld07 (123/150),0,201.09999,DST Panthers  FLEX Dalton Schultz QB Drew Lock RB Javonte Williams RB Aaron Jones Sr. TE Mark Andrews WR Jaxon Smith-Njigba WR Justin Jefferson WR CeeDee Lamb,,Michael Penix Jr.,QB,0.00%,0
527,5255767090,bfresh326 (55/150),0,201.08,DST Ravens  FLEX Jaxon Smith-Njigba QB Bryce Young RB Ashton Jeanty RB Aaron Jones Sr. TE Dalton Schultz WR CeeDee Lamb WR DeVonta Smith WR Kayshon Boutte,,Jaylin Lane,FLEX,0.00%,0
527,5262308397,NubsKrueger (4/4),0,201.08,DST Panthers  FLEX Xavier Hutchinson QB Brock Purdy RB Christian McCaffrey RB Aaron Jones Sr. TE Dalton Schultz WR Ja'Marr Chase WR CeeDee Lamb WR George Pickens,,Will Shipley,RB,0.00%,4.9
529,5260974117,philip214 (78/150),0,201.06001,DST Ravens  FLEX Jake Ferguson QB Dak Prescott RB Chase Brown RB Breece Hall TE Dalton Schultz WR Jaxon Smith-Njigba WR CeeDee Lamb WR Matthew Golden,,Emanuel Wilson,RB,0.00%,9.2
529,5261289807,TheBigOuch (18/150),0,201.06,DST Browns  FLEX Michael Mayer QB Dak Prescott RB Christian McCaffrey RB Derrick Henry TE Dalton Schultz WR CeeDee Lamb WR DeVonta Smith WR Stefon Diggs,,Erick All Jr.,FLEX,0.00%,2.5
531,5260465916,408Steeler (78/150),0,200.96,DST Patriots  FLEX Saquon Barkley QB Dak Prescott RB Breece Hall RB Aaron Jones Sr. TE Dalton Schultz WR Jaxon Smith-Njigba WR CeeDee Lamb WR Xavier Hutchinson,,Hunter Luepke,RB,0.00%,0.1
531,5260585089,ashleyfashley (109/150),0,200.96,DST Jaguars  FLEX Jake Ferguson QB Dak Prescott RB Javonte Williams RB Bucky Irving TE Dalton Schultz WR Jaxon Smith-Njigba WR CeeDee Lamb WR Christian Watson,,Dohnte Meyers,FLEX,0.00%,0
531,5260585090,ashleyfashley (110/150),0,200.96,DST Jaguars  FLEX Jake Ferguson QB Dak Prescott RB Javonte Williams RB Bucky Irving TE Dalton Schultz WR Jaxon Smith-Njigba WR CeeDee Lamb WR Christian Watson,,Jaylen Wright,RB,0.00%,1.1
531,5260585091,ashleyfashley (111/150),0,200.96,DST Jaguars  FLEX Jake Ferguson QB Dak Prescott RB Javonte Williams RB Bucky Irving TE Dalton Schultz WR Jaxon Smith-Njigba WR CeeDee Lamb WR Christian Watson,,Theo Wease Jr.,WR,0.00%,0
531,5261253823,DefendFreedom (22/150),0,200.96,DST Patriots  FLEX Michael Mayer QB Dak Prescott RB Omarion Hampton RB J.K. Dobbins TE Dalton Schultz WR Jaxon Smith-Njigba WR CeeDee Lamb WR George Pickens,,Dare Ogunbowale,RB,0.00%,0
536,5256734620,SleepyW (146/150),0,200.92001,DST Panthers  FLEX Dalton Schultz QB C.J. Stroud RB Christian McCaffrey RB Derrick Henry TE Cade Otton WR Jaxon Smith-Njigba WR Garrett Wilson WR Jalen Coker,,Kaleb Johnson,FLEX,0.00%,3.2
537,5256773894,sboynton10 (5/20),0,200.87999,DST Panthers  FLEX Christian McCaffrey QB Brock Purdy RB Derrick Henry RB Aaron Jones Sr. TE Dalton Schultz WR Jaxon Smith-Njigba WR DK Metcalf WR Devaughn Vele,,Johnny Mundt,FLEX,0.00%,2.8
537,5262913213,Philnomenon (41/150),0,200.87999,DST Jaguars  FLEX George Kittle QB Brock Purdy RB Christian McCaffrey RB Rhamondre Stevenson TE Dalton Schultz WR Jaxon Smith-Njigba WR CeeDee Lamb WR Devaughn Vele,,J'Mari Taylor,RB,0.00%,0
537,5263148105,ppppzl (30/80),0,200.88,DST Ravens  FLEX Dalton Schultz QB Bryce Young RB Bijan Robinson RB Aaron Jones Sr. TE Darren Waller WR Jaxon Smith-Njigba WR CeeDee Lamb WR Tetairoa McMillan,,Travis Homer,RB,0.00%,1.6
540,5260653284,jparker470 (88/150),0,200.86,DST Panthers  FLEX De'Von Achane QB Dak Prescott RB Omarion Hampton RB Aaron Jones Sr. TE Dalton Schultz WR CeeDee Lamb WR Garrett Wilson WR Parker Washington,,Kimani Vidal,FLEX,0.00%,0
540,5261436793,Eidbanger (94/150),0,200.86,DST Panthers  FLEX CeeDee Lamb QB Dak Prescott RB Javonte Williams RB Aaron Jones Sr. TE Dalton Schultz WR Jaxon Smith-Njigba WR Terry McLaurin WR Mack Hollins,,Gavin Bartholomew,TE,0.00%,0
540,5262051662,mandrews1971 (138/150),0,200.85999,DST Panthers  FLEX David Njoku QB Dak Prescott RB Derrick Henry RB Ashton Jeanty TE Dalton Schultz WR Jaxon Smith-Njigba WR CeeDee Lamb WR Quentin Johnston,,Connor Heyward,RB,0.00%,0.1
543,5256875297,mrxbwp (20/150),0,200.8,DST Vikings  FLEX Christian McCaffrey QB Drew Lock RB Aaron Jones Sr. RB J.K. Dobbins TE Dalton Schultz WR Jaxon Smith-Njigba WR Ja'Marr Chase WR Stefon Diggs,,Bam Knight,RB,0.00%,2.4
544,5260247116,Szentiger (76/150),0,200.78,DST Panthers  FLEX Brenton Strange QB Brock Purdy RB Christian McCaffrey RB De'Von Achane TE Dalton Schultz WR Jaxon Smith-Njigba WR Ja'Marr Chase WR Xavier Hutchinson,,Jalen Brooks,WR,0.00%,0
545,5256248206,Deathflower74 (8/150),0,200.76,DST Panthers  FLEX Dalton Schultz QB Dak Prescott RB Christian McCaffrey RB Derrick Henry TE Mark Andrews WR CeeDee Lamb WR Garrett Wilson WR Matthew Golden,,Devin Duvernay,WR,0.00%,0
545,5256844529,drewbushman (31/150),0,200.76001,DST Patriots  FLEX Javonte Williams QB Dak Prescott RB Derrick Henry RB Aaron Jones Sr. TE Dalton Schultz WR Jaxon Smith-Njigba WR Stefon Diggs WR Jalen Coker,,Will Kacmarek,FLEX,0.00%,1.4
545,5261880634,Twinz1987 (8/100),0,200.76,DST Panthers  FLEX Dalton Schultz QB Dak Prescott RB Christian McCaffrey RB Derrick Henry TE Mark Andrews WR CeeDee Lamb WR Garrett Wilson WR Matthew Golden,,Van Jefferson,WR,0.00%,0
545,5262409217,bickey22 (132/150),0,200.76001,DST Raiders  FLEX Dalton Schultz QB Dak Prescott RB Bijan Robinson RB Aaron Jones Sr. TE Hunter Henry WR Jaxon Smith-Njigba WR CeeDee Lamb WR Jalen Coker,,Olamide Zaccheaus,FLEX,0.00%,1.3
545,5262594351,stokes003 (72/150),0,200.76,DST Patriots  FLEX Ryan Flournoy QB Dak Prescott RB Derrick Henry RB Ashton Jeanty TE Dalton Schultz WR Jaxon Smith-Njigba WR CeeDee Lamb WR DeMario Douglas,,Brady Russell,RB,0.00%,0
545,5263126264,Gsluke (25/150),0,200.76,DST Patriots  FLEX Dalton Schultz QB Dak Prescott RB Christian McCaffrey RB Bucky Irving TE Mark Andrews WR CeeDee Lamb WR Tee Higgins WR Stefon Diggs,,Kaytron Allen,FLEX,0.00%,2.4
551,5259658283,larryluv79 (39/148),0,200.72,DST Panthers  FLEX Javonte Williams QB C.J. Stroud RB Breece Hall RB Bucky Irving TE Dalton Schultz WR Jaxon Smith-Njigba WR CeeDee Lamb WR Kayshon Boutte,,Ja'Kobi Lane,WR,0.00%,0
552,5262530661,Ezilodi (93/150),0,200.68,DST Panthers  FLEX Trey McBride QB Tyler Shough RB Christian McCaffrey RB Aaron Jones Sr. TE Dalton Schultz WR CeeDee Lamb WR Chris Olave WR KC Concepcion Jr.,,Kameron Johnson,WR,0.00%,0
553,5259227419,wtfbra97 (35/150),0,200.66,DST Panthers  FLEX Dalton Schultz QB Dak Prescott RB Christian McCaffrey RB Rhamondre Stevenson TE Hunter Henry WR Jaxon Smith-Njigba WR Tee Higgins WR Stefon Diggs,,Tyler Badie,RB,0.00%,4.9
553,5259342746,spundin (26/150),0,200.65999,DST Panthers  FLEX Caleb Douglas QB Dak Prescott RB Derrick Henry RB Kaelon Black TE Jake Ferguson WR Jaxon Smith-Njigba WR CeeDee Lamb WR Garrett Wilson,,Barion Brown,FLEX,0.00%,0
553,5261275707,TheKlausShow (72/150),0,200.66,DST Panthers  FLEX Stefon Diggs QB Dak Prescott RB Christian McCaffrey RB Derrick Henry TE Jake Ferguson WR Jaxon Smith-Njigba WR Matthew Golden WR Ryan Flournoy,,Isaiah Davis,RB,0.00%,0
553,5261353536,patsfan09 (77/150),0,200.65999,DST Panthers  FLEX CeeDee Lamb QB Dak Prescott RB Breece Hall RB Aaron Jones Sr. TE Dalton Schultz WR Ja'Marr Chase WR Garrett Wilson WR DK Metcalf,,Colbie Young,WR,0.00%,1.7
553,5261660464,mahtanir (92/110),0,200.66,DST Jets  FLEX Michael Mayer QB Dak Prescott RB Christian McCaffrey RB Breece Hall TE Dalton Schultz WR Jaxon Smith-Njigba WR Ja'Marr Chase WR Rashod Bateman,,Brayden Willis,TE,0.00%,0
553,5263184289,bcotton85 (5/5),0,200.65999,DST Jaguars  FLEX Antonio Williams QB Dak Prescott RB Jaylen Warren RB Aaron Jones Sr. TE Dalton Schultz WR Jaxon Smith-Njigba WR Ja'Marr Chase WR CeeDee Lamb,,Zaire Mitchell-Paden,TE,0.00%,0
559,5262229132,ticalwmu (30/150),0,200.6,DST Panthers  FLEX Trey McBride QB Drew Lock RB Chuba Hubbard RB Aaron Jones Sr. TE Dalton Schultz WR Jaxon Smith-Njigba WR Ja'Marr Chase WR Luther Burden III,,Elijah Higgins,FLEX,0.00%,0
560,5255944852,Thegoldcobra (43/150),0,200.58,DST Panthers  FLEX Breece Hall QB Bryce Young RB Bijan Robinson RB Chuba Hubbard TE Dalton Schultz WR Jaxon Smith-Njigba WR Stefon Diggs WR Jalen Coker,,Oscar Delp,FLEX,0.00%,1.8
560,5257060908,nrivera2001 (87/150),0,200.58,DST Panthers  FLEX Dalton Schultz QB Bryce Young RB Christian McCaffrey RB Chuba Hubbard TE Mark Andrews WR Jaxon Smith-Njigba WR George Pickens WR Tetairoa McMillan,,AJ Dillon,FLEX,0.00%,-0.3
562,5263019900,mannydvs (109/150),0,200.56001,DST Panthers  FLEX Chris Bell QB Dak Prescott RB De'Von Achane RB J.K. Dobbins TE Jake Ferguson WR Jaxon Smith-Njigba WR CeeDee Lamb WR Jaylen Waddle,,Nick Singleton,RB,0.00%,1
563,5262393882,Bantaplay (84/150),0,200.52,DST Panthers  FLEX Michael Mayer QB Bo Nix RB Javonte Williams RB Chuba Hubbard TE Dalton Schultz WR Jaxon Smith-Njigba WR Ja'Marr Chase WR DeVonta Smith,,Dare Ogunbowale,FLEX,0.00%,0
564,5260466673,ArRazorback74 (88/150),0,200.5,DST Panthers  FLEX Derrick Henry QB Drew Lock RB Bucky Irving RB Chuba Hubbard TE Dalton Schultz WR Jaxon Smith-Njigba WR Garrett Wilson WR Parker Washington,,Ko Kieft,TE,0.00%,0
564,5262212733,darrylposton (134/150),0,200.5,DST Jets  FLEX Jaxon Smith-Njigba QB Drew Lock RB Derrick Henry RB Breece Hall TE Dalton Schultz WR CeeDee Lamb WR Stefon Diggs WR DK Metcalf,,Ollie Gordon II,FLEX,0.00%,0.7
566,5261573860,BlancaMolina (54/108),0,200.48,DST Jaguars  FLEX Dalton Schultz QB Tyler Shough RB Christian McCaffrey RB Derrick Henry TE Juwan Johnson WR Jaxon Smith-Njigba WR CeeDee Lamb WR Devaughn Vele,,E.J. Jenkins,TE,0.00%,0
567,5259482193,ayt1688 (45/150),0,200.45999,DST Patriots  FLEX Jake Ferguson QB Dak Prescott RB Bijan Robinson RB J.K. Dobbins TE Dalton Schultz WR CeeDee Lamb WR DeVonta Smith WR Garrett Wilson,,Josh Cuevas,TE,0.00%,0
568,5262191292,colavs (27/150),0,200.4,DST Panthers  FLEX Dalton Schultz QB Lamar Jackson RB Derrick Henry RB Chuba Hubbard TE Mark Andrews WR Ja'Marr Chase WR CeeDee Lamb WR Rashod Bateman,,Josh Williams,FLEX,0.00%,0
569,5260696002,trublu270 (72/150),0,200.38,DST Panthers  FLEX George Kittle QB Brock Purdy RB Christian McCaffrey RB Chase Brown TE Dalton Schultz WR Ja'Marr Chase WR Parker Washington WR Rashod Bateman,,J'Mari Taylor,FLEX,0.00%,0
569,5263176445,chrispy2005 (56/150),0,200.38,DST Panthers  FLEX Michael Mayer QB Brock Purdy RB Christian McCaffrey RB Ashton Jeanty TE Dalton Schultz WR Jaxon Smith-Njigba WR Ja'Marr Chase WR Xavier Hutchinson,,Montorie Foster Jr.,FLEX,0.00%,0
571,5259784114,early325 (54/150),0,200.36,DST Panthers  FLEX Michael Mayer QB Dak Prescott RB Christian McCaffrey RB Derrick Henry TE Dalton Schultz WR CeeDee Lamb WR George Pickens WR Stefon Diggs,,Nick Singleton,FLEX,0.00%,1
571,5259787687,smithbrandon7 (2/150),0,200.36,DST Panthers  FLEX Michael Mayer QB Dak Prescott RB Christian McCaffrey RB Derrick Henry TE Dalton Schultz WR CeeDee Lamb WR George Pickens WR Stefon Diggs,,Bauer Sharp,TE,0.00%,0
571,5262034271,kdunc (129/150),0,200.36,DST Panthers  FLEX George Pickens QB Dak Prescott RB Ashton Jeanty RB Aaron Jones Sr. TE Jake Ferguson WR Jaxon Smith-Njigba WR CeeDee Lamb WR Xavier Hutchinson,,Emanuel Wilson,FLEX,0.00%,9.2
574,5260006712,benjihogan (12/150),0,200.28,DST Panthers  FLEX Mark Andrews QB Bryce Young RB Derrick Henry RB De'Von Achane TE Dalton Schultz WR Jaxon Smith-Njigba WR Tetairoa McMillan WR Garrett Wilson,,Ja'Tavion Sanders,TE,0.00%,0
574,5260048402,HinndyBrunal (66/105),0,200.28001,DST Ravens  FLEX Michael Mayer QB Brock Purdy RB Christian McCaffrey RB Aaron Jones Sr. TE Dalton Schultz WR Jaxon Smith-Njigba WR CeeDee Lamb WR Jalen Coker,,Carlos Washington Jr.,FLEX,0.00%,0
576,5263212848,Bbq_king (44/150),0,200.26,DST Seahawks  FLEX Michael Mayer QB Dak Prescott RB Derrick Henry RB Omarion Hampton TE Dalton Schultz WR Jaxon Smith-Njigba WR CeeDee Lamb WR KC Concepcion Jr.,,Darius Cooper,FLEX,0.00%,10.6
577,5263326609,hinson35 (12/150),0,200.22,DST Panthers  FLEX CeeDee Lamb QB C.J. Stroud RB Christian McCaffrey RB Bucky Irving TE Dalton Schultz WR Ja'Marr Chase WR Tetairoa McMillan WR Xavier Hutchinson,,Blake Whiteheart,FLEX,0.00%,8.7
578,5261935779,klorjuste (3/150),0,200.18,DST Patriots  FLEX George Kittle QB Brock Purdy RB Christian McCaffrey RB Derrick Henry TE Dalton Schultz WR Jaxon Smith-Njigba WR Deebo Samuel Sr. WR Devaughn Vele,,Roschon Johnson,RB,0.00%,0
579,5259866281,jrevelle3 (36/150),0,200.16,DST Jets  FLEX Jaxon Smith-Njigba QB Dak Prescott RB Breece Hall RB J.K. Dobbins TE Dalton Schultz WR Ja'Marr Chase WR CeeDee Lamb WR Ryan Flournoy,,Corey Kiner,RB,0.00%,0
579,5259883412,engelg (3/60),0,200.16,DST Broncos  FLEX Jake Ferguson QB Dak Prescott RB Bijan Robinson RB J.K. Dobbins TE Dalton Schultz WR Jaxon Smith-Njigba WR CeeDee Lamb WR Jalen Coker,,Cedric Tillman,WR,0.00%,0
579,5261749714,jrnoyes (94/150),0,200.16,DST Panthers  FLEX Jaxon Smith-Njigba QB Dak Prescott RB Javonte Williams RB Aaron Jones Sr. TE Dalton Schultz WR Ja'Marr Chase WR Tetairoa McMillan WR Mack Hollins,,Evan Hull,RB,0.00%,0
579,5262188949,Sajohnson98 (39/150),0,200.16,DST Vikings  FLEX Michael Mayer QB Dak Prescott RB Bijan Robinson RB Chuba Hubbard TE Dalton Schultz WR Jaxon Smith-Njigba WR CeeDee Lamb WR Matthew Golden,,Tanner Hudson,TE,0.00%,0
583,5263587437,murugc (47/65),0,200.12001,DST Panthers  FLEX CeeDee Lamb QB C.J. Stroud RB Christian McCaffrey RB Breece Hall TE Dalton Schultz WR Ja'Marr Chase WR Parker Washington WR Xavier Hutchinson,,Mitchell Evans,FLEX,0.00%,2.3
584,5257883111,hammer58 (6/150),0,200.07999,DST Panthers  FLEX Stefon Diggs QB Tyler Shough RB Ashton Jeanty RB Bucky Irving TE Dalton Schultz WR CeeDee Lamb WR Chris Olave WR Parker Washington,,Marquez Valdes-Scantling,WR,0.00%,0
585,5259913932,FS2DM (57/150),0,200.06,DST Panthers  FLEX CeeDee Lamb QB Dak Prescott RB Omarion Hampton RB Javonte Williams TE Dalton Schultz WR Ja'Marr Chase WR Garrett Wilson WR Ryan Flournoy,,Brock Bowers,FLEX,0.00%,0
586,5263209977,Idolson85 (1/66),0,200,DST Jaguars  FLEX Parker Washington QB Drew Lock RB Jadarian Price RB Aaron Jones Sr. TE Dalton Schultz WR Jaxon Smith-Njigba WR Ja'Marr Chase WR CeeDee Lamb,,Charlie Woerner,TE,0.00%,0
587,5262500854,f.reality (66/150),0,199.98,DST Texans  FLEX George Kittle QB Brock Purdy RB Derrick Henry RB Ashton Jeanty TE Dalton Schultz WR Jaxon Smith-Njigba WR CeeDee Lamb WR Xavier Hutchinson,,Jack Stoll,TE,0.00%,0
588,5261011721,Buttas316 (11/150),0,199.96,DST Raiders  FLEX Jaxon Smith-Njigba QB Dak Prescott RB Bijan Robinson RB Aaron Jones Sr. TE Jake Ferguson WR CeeDee Lamb WR Stefon Diggs WR Roman Wilson,,Khalil Dinkins,TE,0.00%,0
588,5262875180,Ashvegas (15/80),0,199.95999,DST Patriots  FLEX Dalton Schultz QB Dak Prescott RB Derrick Henry RB Javonte Williams TE Mark Andrews WR CeeDee Lamb WR DeVonta Smith WR Jalen Coker,,Jalen Tolbert,WR,0.00%,0
590,5262890073,cwholzer (17/18),0,199.92,DST Panthers  FLEX Caleb Douglas QB Carson Wentz RB Christian McCaffrey RB Breece Hall TE Dalton Schultz WR Jaxon Smith-Njigba WR CeeDee Lamb WR Christian Watson,,William Wagner,FLEX,0.00%,0
591,5257251936,mosioatunya (137/150),0,199.88,DST Panthers  FLEX Jaxon Smith-Njigba QB Tyler Shough RB Christian McCaffrey RB Aaron Jones Sr. TE Dalton Schultz WR Chris Olave WR Garrett Wilson WR Pat Bryant,,Tanner Koziol,TE,0.00%,0
592,5257883234,hammer58 (129/150),0,199.86002,DST Patriots  FLEX Jake Ferguson QB Dak Prescott RB De'Von Achane RB Rhamondre Stevenson TE Dalton Schultz WR Ja'Marr Chase WR CeeDee Lamb WR Tetairoa McMillan,,Luke McCaffrey,FLEX,0.00%,0
592,5261660457,mahtanir (85/110),0,199.86,DST Jets  FLEX Michael Mayer QB Dak Prescott RB Christian McCaffrey RB Aaron Jones Sr. TE Dalton Schultz WR Jaxon Smith-Njigba WR Ja'Marr Chase WR Stefon Diggs,,Jeremy Ruckert,TE,0.00%,2.5
592,5262261552,apacolypse808 (19/108),0,199.86,DST Broncos  FLEX Derrick Henry QB Dak Prescott RB Breece Hall RB Aaron Jones Sr. TE Dalton Schultz WR Jaxon Smith-Njigba WR CeeDee Lamb WR Caleb Douglas,,J. Michael Sturdivant,WR,0.00%,0
592,5262562675,cheffrank (91/150),0,199.86,DST Panthers  FLEX Mike Gesicki QB Dak Prescott RB Derrick Henry RB J.K. Dobbins TE Dalton Schultz WR Jaxon Smith-Njigba WR CeeDee Lamb WR George Pickens,,Jordan Mason,RB,0.00%,0
592,5263200209,jnzook (25/50),0,199.86002,DST Panthers  FLEX Javonte Williams QB Dak Prescott RB Breece Hall RB Aaron Jones Sr. TE Dalton Schultz WR Ja'Marr Chase WR CeeDee Lamb WR Jalen Coker,,Chig Okonkwo,FLEX,0.00%,0
592,5263271458,maniac207 (26/150),0,199.86,DST Raiders  FLEX Dalton Schultz QB Dak Prescott RB Bijan Robinson RB Aaron Jones Sr. TE Mark Andrews WR Jaxon Smith-Njigba WR CeeDee Lamb WR Matthew Golden,,Dean Patterson IV,WR,0.00%,0
598,5259662142,zippo88 (5/150),0,199.84,DST Panthers  FLEX Jaxon Smith-Njigba QB Jayden Daniels RB Javonte Williams RB MarShawn Lloyd TE Dalton Schultz WR CeeDee Lamb WR Stefon Diggs WR Terry McLaurin,,Alec Ingold,RB,0.00%,0
599,5257311366,tjele (77/150),0,199.81999,DST Panthers  FLEX Christian McCaffrey QB C.J. Stroud RB Omarion Hampton RB Javonte Williams TE Dalton Schultz WR CeeDee Lamb WR DeVonta Smith WR Xavier Hutchinson,,Salvon Ahmed,RB,0.00%,0
599,5261935865,klorjuste (89/150),0,199.81999,DST Patriots  FLEX Michael Mayer QB C.J. Stroud RB Christian McCaffrey RB Omarion Hampton TE Dalton Schultz WR Jaxon Smith-Njigba WR Ja'Marr Chase WR Devaughn Vele,,Josh Kelly,WR,0.00%,0
599,5262228147,seth37iso (50/150),0,199.81999,DST Patriots  FLEX Michael Mayer QB C.J. Stroud RB Christian McCaffrey RB Omarion Hampton TE Dalton Schultz WR Jaxon Smith-Njigba WR Ja'Marr Chase WR Devaughn Vele,,Jimmy Horn Jr.,WR,0.00%,0
602,5261253081,bmg422 (25/150),0,199.79999,DST Saints  FLEX Dalton Schultz QB Drew Lock RB Derrick Henry RB Jeremiyah Love TE T.J. Hockenson WR Jaxon Smith-Njigba WR Ja'Marr Chase WR CeeDee Lamb,,Omar Cooper Jr.,WR,0.00%,0
602,5261916080,Zack7831 (7/150),0,199.8,DST Panthers  FLEX Trey McBride QB Jordan Love RB Breece Hall RB Aaron Jones Sr. TE Dalton Schultz WR Jaxon Smith-Njigba WR CeeDee Lamb WR Jayden Reed,,Jerome Ford,RB,0.00%,0
602,5263059711,Dominator-Seguin (59/150),0,199.8,DST Jets  FLEX Michael Mayer QB Drew Lock RB Derrick Henry RB Omarion Hampton TE Dalton Schultz WR Jaxon Smith-Njigba WR CeeDee Lamb WR Tetairoa McMillan,,Zavier Scott,RB,0.00%,0
605,5261415504,TONYBLUE8 (45/150),0,199.78,DST Patriots  FLEX Harold Fannin Jr. QB Bryce Young RB Bijan Robinson RB Jacory Croskey-Merritt TE Dalton Schultz WR Jaxon Smith-Njigba WR CeeDee Lamb WR Jalen Coker,,Ihmir Smith-Marsette,WR,0.00%,0
605,5261807523,Stats848 (90/150),0,199.78,DST Patriots  FLEX George Kittle QB Brock Purdy RB Christian McCaffrey RB Omarion Hampton TE Dalton Schultz WR CeeDee Lamb WR Christian Watson WR Matthew Golden,,Jack Westover,TE,0.00%,0
605,5262218568,steve230323 (16/150),0,199.78,DST Broncos  FLEX Jaxon Smith-Njigba QB Brock Purdy RB Ashton Jeanty RB Aaron Jones Sr. TE Dalton Schultz WR Ja'Marr Chase WR DeVonta Smith WR Roman Wilson,,Xavier Guillory,WR,0.00%,0
608,5261456651,Studiojabbo (42/46),0,199.76001,DST Steelers  FLEX Kendrick Bourne QB Dak Prescott RB Jadarian Price RB TreVeyon Henderson TE Dalton Schultz WR Jaxon Smith-Njigba WR Ja'Marr Chase WR CeeDee Lamb,,Ke'Shawn Williams,WR,0.00%,0
608,5262564899,CLAEYS20 (21/150),0,199.76001,DST Panthers  FLEX Luke Farrell QB Dak Prescott RB Bijan Robinson RB Ashton Jeanty TE Dalton Schultz WR Jaxon Smith-Njigba WR CeeDee Lamb WR Matthew Golden,,Tahj Brooks,RB,0.00%,0
610,5263056393,MoDizz (94/150),0,199.73999,DST Jaguars  FLEX Jaxon Smith-Njigba QB Jayden Daniels RB Christian McCaffrey RB Aaron Jones Sr. TE Dalton Schultz WR CeeDee Lamb WR Stefon Diggs WR Devaughn Vele,,Ja'Kobi Lane,FLEX,0.00%,0
611,5260050809,mertqq40 (13/150),0,199.7,DST Panthers  FLEX Jaxon Smith-Njigba QB Drew Lock RB Derrick Henry RB Javonte Williams TE Dalton Schultz WR DeVonta Smith WR George Pickens WR Devaughn Vele,,James Mitchell,TE,0.00%,0
612,5256568668,msmith80 (14/150),0,199.68001,DST Patriots  FLEX Omarion Hampton QB Bryce Young RB Breece Hall RB Aaron Jones Sr. TE Dalton Schultz WR Ja'Marr Chase WR CeeDee Lamb WR Jalen Coker,,Gage Larvadain,WR,0.00%,0
612,5261184761,jhnesq (26/150),0,199.68001,DST Chargers  FLEX Jake Ferguson QB Bryce Young RB Christian McCaffrey RB Aaron Jones Sr. TE Dalton Schultz WR Jaxon Smith-Njigba WR DeVonta Smith WR George Pickens,,KhaDarel Hodge,WR,0.00%,2.8
612,5261303855,az350z (24/150),0,199.68001,DST Panthers  FLEX Trey McBride QB Bryce Young RB Christian McCaffrey RB Chuba Hubbard TE Dalton Schultz WR Jaxon Smith-Njigba WR Tetairoa McMillan WR DeMario Douglas,,Myles Price,FLEX,0.00%,0
615,5260126388,ohwelp (122/150),0,199.66,DST Panthers  FLEX Chase Brown QB Dak Prescott RB Bhayshul Tuten RB Aaron Jones Sr. TE Dalton Schultz WR CeeDee Lamb WR DeVonta Smith WR Terry McLaurin,,Mitchell Fraboni,FLEX,0.00%,0
615,5262090884,ant23t (105/140),0,199.66002,DST Seahawks  FLEX Jake Ferguson QB Dak Prescott RB Bucky Irving RB Aaron Jones Sr. TE Dalton Schultz WR Jaxon Smith-Njigba WR Ja'Marr Chase WR Christian Watson,,Max Bredeson,FLEX,0.00%,0
617,5260406910,RemoteLIES (94/150),0,199.57999,DST Panthers  FLEX George Kittle QB Brock Purdy RB Derrick Henry RB Bucky Irving TE Mark Andrews WR Jaxon Smith-Njigba WR Christian Watson WR Tre Tucker,,Robert Tonyan,TE,0.00%,0
617,5263212824,Bbq_king (20/150),0,199.58,DST Patriots  FLEX George Kittle QB Brock Purdy RB Saquon Barkley RB Aaron Jones Sr. TE Dalton Schultz WR Jaxon Smith-Njigba WR Ja'Marr Chase WR Jalen Coker,,Cody White,WR,0.00%,16.4
617,5263268034,basedblox (23/150),0,199.58,DST Saints  FLEX CeeDee Lamb QB Brock Purdy RB Ashton Jeanty RB Aaron Jones Sr. TE Dalton Schultz WR Jaxon Smith-Njigba WR Garrett Wilson WR Matthew Golden,,Johnny Mundt,TE,0.00%,2.8
617,5263295392,garyjames84 (47/150),0,199.57999,DST Ravens  FLEX Mark Andrews QB Brock Purdy RB Breece Hall RB Aaron Jones Sr. TE Dalton Schultz WR Jaxon Smith-Njigba WR CeeDee Lamb WR Garrett Wilson,,Quintin Morris,TE,0.00%,1.7
621,5261975865,roishawn (9/87),0,199.56,DST Panthers  FLEX Mark Andrews QB Dak Prescott RB Derrick Henry RB Chuba Hubbard TE Dalton Schultz WR Ja'Marr Chase WR CeeDee Lamb WR Terry McLaurin,,Cedric Tillman,FLEX,0.00%,0
621,5263002870,jjbumphrey (30/100),0,199.56,DST Panthers  FLEX Hunter Henry QB Dak Prescott RB Javonte Williams RB Jadarian Price TE Dalton Schultz WR Jaxon Smith-Njigba WR CeeDee Lamb WR George Pickens,,Cal Adomitis,FLEX,0.00%,0
623,5255756141,monarch11 (75/150),0,199.52,DST Panthers  FLEX CeeDee Lamb QB C.J. Stroud RB Derrick Henry RB Omarion Hampton TE Dalton Schultz WR Ja'Marr Chase WR Parker Washington WR Kayshon Boutte,,Malik Benson,FLEX,0.00%,0
624,5259853203,naborsworld (124/150),0,199.45999,DST Titans  FLEX Jaxon Smith-Njigba QB Dak Prescott RB Jaylen Warren RB Aaron Jones Sr. TE Dalton Schultz WR CeeDee Lamb WR George Pickens WR Garrett Wilson,,Seydou Traore,TE,0.00%,0
624,5261521961,joeyfoley (58/150),0,199.45999,DST Panthers  FLEX Dalton Schultz QB Dak Prescott RB Derrick Henry RB Javonte Williams TE Colston Loveland WR Jaxon Smith-Njigba WR CeeDee Lamb WR Caleb Douglas,,Brayden Willis,FLEX,0.00%,0
626,5262284069,StuntsIW24 (23/150),0,199.4,DST Seahawks  FLEX Mark Andrews QB Drew Lock RB D'Andre Swift RB Aaron Jones Sr. TE Dalton Schultz WR Jaxon Smith-Njigba WR Ja'Marr Chase WR DeVonta Smith,,Montorie Foster Jr.,WR,0.00%,0
627,5259647481,MD416 (107/150),0,199.38,DST Browns  FLEX George Kittle QB Brock Purdy RB Christian McCaffrey RB Aaron Jones Sr. TE Dalton Schultz WR Jaxon Smith-Njigba WR Ja'Marr Chase WR Matthew Golden,,Josh Williams,RB,0.00%,0
627,5262278430,jgAllDay (43/100),0,199.37999,DST Vikings  FLEX CeeDee Lamb QB Geno Smith RB Christian McCaffrey RB Javonte Williams TE Dalton Schultz WR Jaxon Smith-Njigba WR Garrett Wilson WR Xavier Hutchinson,,Jayden Higgins,WR,0.00%,0
629,5261780102,MasterPJ (41/50),0,199.35999,DST Panthers  FLEX Dalton Schultz QB Dak Prescott RB Derrick Henry RB Ashton Jeanty TE Mark Andrews WR CeeDee Lamb WR DeVonta Smith WR DK Metcalf,,Hunter Long,FLEX,0.00%,0
629,5262144831,kregs525 (13/150),0,199.36,DST Panthers  FLEX Michael Mayer QB Dak Prescott RB Derrick Henry RB Aaron Jones Sr. TE Dalton Schultz WR Jaxon Smith-Njigba WR Chris Olave WR George Pickens,,Tylan Wallace,WR,0.00%,0
631,5263103377,jkinc6 (115/150),0,199.31999,DST Panthers  FLEX Mark Andrews QB Bo Nix RB Javonte Williams RB Aaron Jones Sr. TE Dalton Schultz WR Jaxon Smith-Njigba WR Ja'Marr Chase WR Jaylen Waddle,,Josh Whyle,TE,0.00%,0
632,5256638914,baredown (35/150),0,199.28,DST Titans  FLEX Dalton Schultz QB Brock Purdy RB Christian McCaffrey RB Chuba Hubbard TE Hunter Henry WR Jaxon Smith-Njigba WR CeeDee Lamb WR Terry McLaurin,,Max Bredeson,RB,0.00%,0
632,5256878501,jimmyt27 (124/150),0,199.28,DST 49ers  FLEX Dalton Schultz QB Brock Purdy RB De'Von Achane RB Bucky Irving TE George Kittle WR Jaxon Smith-Njigba WR CeeDee Lamb WR Kayshon Boutte,,Carsen Ryan,TE,0.00%,0
632,5260067470,mjcady99 (95/150),0,199.28,DST Panthers  FLEX Mark Andrews QB Brock Purdy RB Bijan Robinson RB Aaron Jones Sr. TE Dalton Schultz WR Jaxon Smith-Njigba WR Tetairoa McMillan WR Garrett Wilson,,Mark Redman,TE,0.00%,0
632,5261146559,stiggy24 (2/10),0,199.28,DST Cardinals  FLEX Dalton Schultz QB Brock Purdy RB Christian McCaffrey RB Aaron Jones Sr. TE George Kittle WR CeeDee Lamb WR DeVonta Smith WR Garrett Wilson,,Sam Howell,QB,0.00%,0
636,5259689652,kfiott13 (11/150),0,199.26,DST Vikings  FLEX Stefon Diggs QB Dak Prescott RB Bijan Robinson RB Aaron Jones Sr. TE Dalton Schultz WR Ja'Marr Chase WR CeeDee Lamb WR Dontayvion Wicks,,Jarrett Stidham,QB,0.00%,0
636,5260415391,BootyNinja (14/22),0,199.26001,DST Patriots  FLEX George Kittle QB Dak Prescott RB Christian McCaffrey RB Aaron Jones Sr. TE Dalton Schultz WR CeeDee Lamb WR Emeka Egbuka WR Parker Washington,,Tyler Ott,TE,0.00%,0
638,5261123856,hardhatman (52/150),0,199.2,DST Patriots  FLEX CeeDee Lamb QB Lamar Jackson RB Derrick Henry RB Aaron Jones Sr. TE Dalton Schultz WR DeVonta Smith WR Rashod Bateman WR Devaughn Vele,,LeQuint Allen Jr.,RB,0.00%,0
639,5257071840,JRucker504 (9/150),0,199.18001,DST Broncos  FLEX Christian McCaffrey QB Bryce Young RB Aaron Jones Sr. RB J.K. Dobbins TE Dalton Schultz WR Jaxon Smith-Njigba WR CeeDee Lamb WR Jalen Coker,,Kyle McCord,QB,0.00%,0
639,5258183942,jstout2014 (1/150),0,199.18001,DST Patriots  FLEX Michael Mayer QB Brock Purdy RB Bijan Robinson RB Aaron Jones Sr. TE Dalton Schultz WR Jaxon Smith-Njigba WR CeeDee Lamb WR Terry McLaurin,,Simi Fehoko,WR,0.00%,0
639,5259482770,sternzcuse (2/2),0,199.18001,DST Patriots  FLEX Michael Mayer QB Brock Purdy RB Bijan Robinson RB Aaron Jones Sr. TE Dalton Schultz WR Jaxon Smith-Njigba WR CeeDee Lamb WR Terry McLaurin,,Josh Jacobs,FLEX,0.00%,0
639,5259874938,davefromaccounting,0,199.18001,DST Patriots  FLEX Michael Mayer QB Brock Purdy RB Bijan Robinson RB Aaron Jones Sr. TE Dalton Schultz WR Jaxon Smith-Njigba WR CeeDee Lamb WR Terry McLaurin,,Mitch Tinsley,WR,0.00%,0
639,5260048342,HinndyBrunal (6/105),0,199.18001,DST Patriots  FLEX Michael Mayer QB Brock Purdy RB Bijan Robinson RB Aaron Jones Sr. TE Dalton Schultz WR Jaxon Smith-Njigba WR CeeDee Lamb WR Terry McLaurin,,Brevin Jordan,FLEX,0.00%,0
639,5261357097,srude021 (1/20),0,199.18001,DST Patriots  FLEX Michael Mayer QB Brock Purdy RB Bijan Robinson RB Aaron Jones Sr. TE Dalton Schultz WR Jaxon Smith-Njigba WR CeeDee Lamb WR Terry McLaurin,,Chimere Dike,FLEX,0.00%,0
639,5261357098,srude021 (2/20),0,199.18001,DST Patriots  FLEX Michael Mayer QB Brock Purdy RB Bijan Robinson RB Aaron Jones Sr. TE Dalton Schultz WR Jaxon Smith-Njigba WR CeeDee Lamb WR Terry McLaurin,,Rasheen Ali,RB,0.00%,0
639,5261357099,srude021 (3/20),0,199.18001,DST Patriots  FLEX Michael Mayer QB Brock Purdy RB Bijan Robinson RB Aaron Jones Sr. TE Dalton Schultz WR Jaxon Smith-Njigba WR CeeDee Lamb WR Terry McLaurin,,Jack Endries,FLEX,0.00%,0
639,5261357100,srude021 (4/20),0,199.18001,DST Patriots  FLEX Michael Mayer QB Brock Purdy RB Bijan Robinson RB Aaron Jones Sr. TE Dalton Schultz WR Jaxon Smith-Njigba WR CeeDee Lamb WR Terry McLaurin,,Kendall Milton,RB,0.00%,0
639,5261357101,srude021 (5/20),0,199.18001,DST Patriots  FLEX Michael Mayer QB Brock Purdy RB Bijan Robinson RB Aaron Jones Sr. TE Dalton Schultz WR Jaxon Smith-Njigba WR CeeDee Lamb WR Terry McLaurin,,Stephen Carlson,TE,0.00%,0
639,5261357102,srude021 (6/20),0,199.18001,DST Patriots  FLEX Michael Mayer QB Brock Purdy RB Bijan Robinson RB Aaron Jones Sr. TE Dalton Schultz WR Jaxon Smith-Njigba WR CeeDee Lamb WR Terry McLaurin,,Jonathan Ward,RB,0.00%,0
639,5261357103,srude021 (7/20),0,199.18001,DST Patriots  FLEX Michael Mayer QB Brock Purdy RB Bijan Robinson RB Aaron Jones Sr. TE Dalton Schultz WR Jaxon Smith-Njigba WR CeeDee Lamb WR Terry McLaurin,,Michael Briscoe,WR,0.00%,0
639,5261357104,srude021 (8/20),0,199.18001,DST Patriots  FLEX Michael Mayer QB Brock Purdy RB Bijan Robinson RB Aaron Jones Sr. TE Dalton Schultz WR Jaxon Smith-Njigba WR CeeDee Lamb WR Terry McLaurin,,Scotty Miller,WR,0.00%,0
639,5261357105,srude021 (9/20),0,199.18001,DST Patriots  FLEX Michael Mayer QB Brock Purdy RB Bijan Robinson RB Aaron Jones Sr. TE Dalton Schultz WR Jaxon Smith-Njigba WR CeeDee Lamb WR Terry McLaurin,,Ty Pezza,TE,0.00%,0
639,5261357106,srude021 (10/20),0,199.18001,DST Patriots  FLEX Michael Mayer QB Brock Purdy RB Bijan Robinson RB Aaron Jones Sr. TE Dalton Schultz WR Jaxon Smith-Njigba WR CeeDee Lamb WR Terry McLaurin,,JP Richardson,WR,0.00%,0
639,5261357107,srude021 (11/20),0,199.18001,DST Patriots  FLEX Michael Mayer QB Brock Purdy RB Bijan Robinson RB Aaron Jones Sr. TE Dalton Schultz WR Jaxon Smith-Njigba WR CeeDee Lamb WR Terry McLaurin,,Cam Grandy,TE,0.00%,0
639,5261357108,srude021 (12/20),0,199.18001,DST Patriots  FLEX Michael Mayer QB Brock Purdy RB Bijan Robinson RB Aaron Jones Sr. TE Dalton Schultz WR Jaxon Smith-Njigba WR CeeDee Lamb WR Terry McLaurin,,Jordan Watkins,WR,0.00%,0
639,5261357109,srude021 (13/20),0,199.18001,DST Patriots  FLEX Michael Mayer QB Brock Purdy RB Bijan Robinson RB Aaron Jones Sr. TE Dalton Schultz WR Jaxon Smith-Njigba WR CeeDee Lamb WR Terry McLaurin,,Xavier Gipson,WR,0.00%,0
639,5261357110,srude021 (14/20),0,199.18001,DST Patriots  FLEX Michael Mayer QB Brock Purdy RB Bijan Robinson RB Aaron Jones Sr. TE Dalton Schultz WR Jaxon Smith-Njigba WR CeeDee Lamb WR Terry McLaurin,,Jordan Mason,FLEX,0.00%,0
639,5261357111,srude021 (15/20),0,199.18001,DST Patriots  FLEX Michael Mayer QB Brock Purdy RB Bijan Robinson RB Aaron Jones Sr. TE Dalton Schultz WR Jaxon Smith-Njigba WR CeeDee Lamb WR Terry McLaurin,,Tez Johnson,FLEX,0.00%,5.9
639,5261357112,srude021 (16/20),0,199.18001,DST Patriots  FLEX Michael Mayer QB Brock Purdy RB Bijan Robinson RB Aaron Jones Sr. TE Dalton Schultz WR Jaxon Smith-Njigba WR CeeDee Lamb WR Terry McLaurin,,Brandon Johnson,WR,0.00%,0
639,5261357113,srude021 (17/20),0,199.18001,DST Patriots  FLEX Michael Mayer QB Brock Purdy RB Bijan Robinson RB Aaron Jones Sr. TE Dalton Schultz WR Jaxon Smith-Njigba WR CeeDee Lamb WR Terry McLaurin,,Joe Milton III,QB,0.00%,0
639,5261357114,srude021 (18/20),0,199.18001,DST Patriots  FLEX Michael Mayer QB Brock Purdy RB Bijan Robinson RB Aaron Jones Sr. TE Dalton Schultz WR Jaxon Smith-Njigba WR CeeDee Lamb WR Terry McLaurin,,Trey Lance,QB,0.00%,0
639,5261357115,srude021 (19/20),0,199.18001,DST Patriots  FLEX Michael Mayer QB Brock Purdy RB Bijan Robinson RB Aaron Jones Sr. TE Dalton Schultz WR Jaxon Smith-Njigba WR CeeDee Lamb WR Terry McLaurin,,Michael Trigg,TE,0.00%,0
639,5261357116,srude021 (20/20),0,199.18001,DST Patriots  FLEX Michael Mayer QB Brock Purdy RB Bijan Robinson RB Aaron Jones Sr. TE Dalton Schultz WR Jaxon Smith-Njigba WR CeeDee Lamb WR Terry McLaurin,,CJ Dippre,TE,0.00%,0
639,5262255763,cmac17554 (10/150),0,199.18001,DST Panthers  FLEX Javonte Williams QB Tyler Shough RB Derrick Henry RB Aaron Jones Sr. TE Dalton Schultz WR CeeDee Lamb WR Chris Olave WR Stefon Diggs,,Easton Stick,QB,0.00%,0
639,5262484840,Scorpio3K,0,199.18001,DST Patriots  FLEX Dalton Schultz QB Brock Purdy RB Bijan Robinson RB Aaron Jones Sr. TE Michael Mayer WR Jaxon Smith-Njigba WR CeeDee Lamb WR Terry McLaurin,,Marquez Valdes-Scantling,FLEX,0.00%,0
639,5262723955,xTRISKITx (1/150),0,199.18,DST Panthers  FLEX Stefon Diggs QB Brock Purdy RB De'Von Achane RB Bucky Irving TE Dalton Schultz WR Jaxon Smith-Njigba WR Garrett Wilson WR Deebo Samuel Sr.,,Zavier Scott,FLEX,0.00%,0
639,5262930232,three0eight (2/3),0,199.18001,DST Patriots  FLEX Dalton Schultz QB Brock Purdy RB Bijan Robinson RB Aaron Jones Sr. TE Michael Mayer WR Jaxon Smith-Njigba WR CeeDee Lamb WR Terry McLaurin,,Kevin Coleman Jr.,FLEX,0.00%,0
639,5262930233,three0eight (3/3),0,199.18001,DST Patriots  FLEX Dalton Schultz QB Brock Purdy RB Bijan Robinson RB Aaron Jones Sr. TE Michael Mayer WR Jaxon Smith-Njigba WR CeeDee Lamb WR Terry McLaurin,,Jerome Ford,FLEX,0.00%,0
639,5263022946,Sammykk (1/3),0,199.18001,DST Patriots  FLEX Dalton Schultz QB Brock Purdy RB Bijan Robinson RB Aaron Jones Sr. TE Michael Mayer WR Jaxon Smith-Njigba WR CeeDee Lamb WR Terry McLaurin,,Jacardia Wright,FLEX,0.00%,0
639,5263075181,liles00,0,199.18001,DST Patriots  FLEX Michael Mayer QB Brock Purdy RB Bijan Robinson RB Aaron Jones Sr. TE Dalton Schultz WR Jaxon Smith-Njigba WR CeeDee Lamb WR Terry McLaurin,,Tyler Johnson,WR,0.00%,0
639,5263563126,J_Walking33 (5/6),0,199.18001,DST Patriots  FLEX Michael Mayer QB Brock Purdy RB Bijan Robinson RB Aaron Jones Sr. TE Dalton Schultz WR Jaxon Smith-Njigba WR CeeDee Lamb WR Terry McLaurin,,Theo Wease Jr.,FLEX,0.00%,0
639,5263588926,wrabl (1/2),0,199.18001,DST Patriots  FLEX Michael Mayer QB Brock Purdy RB Bijan Robinson RB Aaron Jones Sr. TE Dalton Schultz WR Jaxon Smith-Njigba WR CeeDee Lamb WR Terry McLaurin,,Kaden Wetjen,WR,0.00%,0
673,5259787736,smithbrandon7 (51/150),0,199.16,DST Panthers  FLEX Dalton Schultz QB Dak Prescott RB Derrick Henry RB Rhamondre Stevenson TE Juwan Johnson WR Ja'Marr Chase WR CeeDee Lamb WR Garrett Wilson,,Xavier Guillory,FLEX,0.00%,0
673,5262404550,cheeazy816 (19/20),0,199.16,DST Patriots  FLEX Jake Ferguson QB Jalen Hurts RB Bijan Robinson RB Javonte Williams TE Dalton Schultz WR Jaxon Smith-Njigba WR CeeDee Lamb WR Roman Wilson,,David Martin-Robinson,TE,0.00%,0
675,5262090484,the803goat (85/150),0,199.12001,DST Patriots  FLEX Juwan Johnson QB C.J. Stroud RB Derrick Henry RB Breece Hall TE Dalton Schultz WR Jaxon Smith-Njigba WR Ja'Marr Chase WR Jalen Coker,,CJ Donaldson,RB,0.00%,0.2
676,5261846830,agatkins (74/150),0,199.09999,DST Panthers  FLEX Javonte Williams QB Drew Lock RB Derrick Henry RB Bucky Irving TE Dalton Schultz WR Jaxon Smith-Njigba WR Parker Washington WR Stefon Diggs,,Derius Davis,FLEX,0.00%,0
677,5261754072,RyanCox421 (42/150),0,199.07999,DST Panthers  FLEX George Kittle QB Brock Purdy RB Derrick Henry RB Bucky Irving TE Dalton Schultz WR CeeDee Lamb WR Christian Watson WR Tee Higgins,,Kaden Davis,WR,0.00%,0
677,5262155124,nylafan (12/140),0,199.08,DST Panthers  FLEX Christian McCaffrey QB Brock Purdy RB Javonte Williams RB Aaron Jones Sr. TE Dalton Schultz WR Ja'Marr Chase WR CeeDee Lamb WR Xavier Hutchinson,,Jalen Tolbert,FLEX,0.00%,0
677,5262155144,nylafan (32/140),0,199.08,DST Panthers  FLEX Christian McCaffrey QB Brock Purdy RB Javonte Williams RB Aaron Jones Sr. TE Dalton Schultz WR Ja'Marr Chase WR CeeDee Lamb WR Xavier Hutchinson,,Jordan James,FLEX,0.00%,1.5
677,5262442984,wondafresh (2/4),0,199.08,DST Vikings  FLEX Dalton Schultz QB Bryce Young RB Christian McCaffrey RB Derrick Henry TE Michael Mayer WR Jaxon Smith-Njigba WR Ja'Marr Chase WR Devaughn Vele,,David Moore,WR,0.00%,0
681,5258401816,murthy89 (2/150),0,199.06001,DST Jets  FLEX Jaxon Smith-Njigba QB Dak Prescott RB Chuba Hubbard RB Aaron Jones Sr. TE Dalton Schultz WR CeeDee Lamb WR George Pickens WR Romeo Doubs,,Jordyn Tyson,WR,0.00%,0
681,5260423960,juliog23 (65/150),0,199.06,DST Panthers  FLEX Aaron Jones Sr. QB Dak Prescott RB Christian McCaffrey RB Omarion Hampton TE Dalton Schultz WR CeeDee Lamb WR George Pickens WR Devaughn Vele,,Tyler Badie,FLEX,0.00%,4.9
681,5262381654,dbailey00 (35/150),0,199.06,DST Panthers  FLEX Stefon Diggs QB Dak Prescott RB Breece Hall RB J.K. Dobbins TE Dalton Schultz WR Ja'Marr Chase WR CeeDee Lamb WR George Pickens,,Rocco Underwood,TE,0.00%,0
681,5263309685,DFS_maniac (65/150),0,199.06,DST Texans  FLEX Dalton Schultz QB Dak Prescott RB Christian McCaffrey RB Aaron Jones Sr. TE Pat Freiermuth WR Jaxon Smith-Njigba WR CeeDee Lamb WR Terry McLaurin,,Britain Covey,WR,0.00%,0
685,5260026525,markertassel (67/150),0,199.02,DST Panthers  FLEX Trey McBride QB C.J. Stroud RB Aaron Jones Sr. RB J.K. Dobbins TE Dalton Schultz WR Jaxon Smith-Njigba WR Ja'Marr Chase WR Parker Washington,,Dylan Laube,RB,0.00%,0
686,5260458476,HeavenzG (134/150),0,198.98,DST Patriots  FLEX Tommy Tremble QB Bryce Young RB Derrick Henry RB Ashton Jeanty TE Dalton Schultz WR Ja'Marr Chase WR CeeDee Lamb WR DeVonta Smith,,Ollie Gordon II,RB,0.00%,0.7
686,5262139428,btwice0412 (2/150),0,198.98001,DST Patriots  FLEX George Kittle QB Brock Purdy RB Derrick Henry RB Javonte Williams TE Dalton Schultz WR Jaxon Smith-Njigba WR Garrett Wilson WR Jalen Coker,,Jelani Woods,TE,0.00%,0
688,5260383322,moneyblunts (4/6),0,198.96,DST Panthers  FLEX Derrick Henry QB Dak Prescott RB Javonte Williams RB D'Andre Swift TE Dalton Schultz WR CeeDee Lamb WR Stefon Diggs WR Jalen Coker,,Reggie Virgil,WR,0.00%,0
689,5260997955,clowery72 (73/150),0,198.9,DST Vikings  FLEX Dallas Goedert QB Drew Lock RB Bijan Robinson RB Aaron Jones Sr. TE Dalton Schultz WR Jaxon Smith-Njigba WR CeeDee Lamb WR Stefon Diggs,,Evan Deckers,TE,0.00%,0
689,5261623426,Slater2248 (40/150),0,198.9,DST Bears  FLEX Jaxon Smith-Njigba QB Drew Lock RB Christian McCaffrey RB J.K. Dobbins TE Dalton Schultz WR CeeDee Lamb WR Stefon Diggs WR Matthew Golden,,Rasheen Ali,FLEX,0.00%,0
691,5261754160,RyanCox421 (130/150),0,198.88,DST Jets  FLEX George Kittle QB Brock Purdy RB Derrick Henry RB Aaron Jones Sr. TE Dalton Schultz WR Jaxon Smith-Njigba WR DeVonta Smith WR George Pickens,,Cash Jones,RB,0.00%,0
692,5259661379,GridIronMetalHead (143/150),0,198.86,DST Patriots  FLEX Dalton Schultz QB Dak Prescott RB Christian McCaffrey RB Aaron Jones Sr. TE George Kittle WR CeeDee Lamb WR George Pickens WR Garrett Wilson,,Eric Saubert,TE,0.00%,0
692,5261999298,The_Grahamys (108/150),0,198.86,DST Eagles  FLEX Jake Ferguson QB Dak Prescott RB Derrick Henry RB Javonte Williams TE Dalton Schultz WR Jaxon Smith-Njigba WR CeeDee Lamb WR Ryan Flournoy,,Pierre Strong Jr.,RB,0.00%,0
692,5262119793,Poofactory11 (90/150),0,198.86,DST Raiders  FLEX Dalton Schultz QB Dak Prescott RB Christian McCaffrey RB Javonte Williams TE Hunter Henry WR Jaxon Smith-Njigba WR CeeDee Lamb WR Kayshon Boutte,,Efton Chism III,FLEX,0.00%,0.8
692,5262144824,kregs525 (6/150),0,198.86,DST Panthers  FLEX George Pickens QB Dak Prescott RB Derrick Henry RB Jaylen Warren TE Dalton Schultz WR CeeDee Lamb WR Garrett Wilson WR Stefon Diggs,,Graham Mertz,QB,0.00%,0
696,5258372276,frankbowler7 (9/150),0,198.8,DST Panthers  FLEX Jaxon Smith-Njigba QB Drew Lock RB De'Von Achane RB Aaron Jones Sr. TE Dalton Schultz WR Ja'Marr Chase WR George Pickens WR Jalen Coker,,Roman Hemby,RB,0.00%,0
696,5262161860,madcow65 (76/150),0,198.8,DST Patriots  FLEX Michael Mayer QB Drew Lock RB Chase Brown RB Ashton Jeanty TE Dalton Schultz WR Jaxon Smith-Njigba WR CeeDee Lamb WR Parker Washington,,Jauan Jennings,FLEX,0.00%,0
698,5257064098,ynot4greg21 (82/150),0,198.76001,DST Patriots  FLEX Michael Mayer QB Dak Prescott RB Omarion Hampton RB David Montgomery TE Dalton Schultz WR Jaxon Smith-Njigba WR CeeDee Lamb WR Terry McLaurin,,Kevin Austin Jr.,FLEX,0.00%,1.7
698,5259689462,TTS1983 (6/150),0,198.76001,DST Ravens  FLEX Derrick Henry QB Dak Prescott RB Breece Hall RB Aaron Jones Sr. TE Dalton Schultz WR Jaxon Smith-Njigba WR CeeDee Lamb WR Roman Wilson,,Jalen Milroe,QB,0.00%,0
698,5261731228,yayoman99 (17/150),0,198.76001,DST Ravens  FLEX Derrick Henry QB Dak Prescott RB Breece Hall RB Aaron Jones Sr. TE Dalton Schultz WR Jaxon Smith-Njigba WR CeeDee Lamb WR Roman Wilson,,Chris Myarick,FLEX,0.00%,0
698,5261895294,Rowdog31 (39/150),0,198.76001,DST Browns  FLEX CeeDee Lamb QB Dak Prescott RB De'Von Achane RB J.K. Dobbins TE Dalton Schultz WR Jaxon Smith-Njigba WR Ja'Marr Chase WR Roman Wilson,,Austin Hooper,FLEX,0.00%,4
698,5261942379,monileo12 (25/150),0,198.76,DST Broncos  FLEX Colston Loveland QB Dak Prescott RB Javonte Williams RB Bucky Irving TE Dalton Schultz WR Jaxon Smith-Njigba WR CeeDee Lamb WR Tre Tucker,,Michael Wortham,WR,0.00%,0
698,5262195058,ZQ1989 (39/150),0,198.76,DST Panthers  FLEX Dalton Schultz QB Dak Prescott RB D'Andre Swift RB Chuba Hubbard TE Mark Andrews WR Ja'Marr Chase WR CeeDee Lamb WR George Pickens,,Dane Key,WR,0.00%,0
698,5262264989,TheodoreStampsV (115/150),0,198.76,DST Panthers  FLEX Ja'Marr Chase QB Dak Prescott RB Derrick Henry RB Saquon Barkley TE Dalton Schultz WR CeeDee Lamb WR Rashod Bateman WR Kayshon Boutte,,Jordan Moore,WR,0.00%,0
698,5263316641,mauricio2847 (17/150),0,198.76,DST Cowboys  FLEX Michael Mayer QB Dak Prescott RB Derrick Henry RB Aaron Jones Sr. TE Dalton Schultz WR Jaxon Smith-Njigba WR CeeDee Lamb WR Garrett Wilson,,Kentrel Bullock,RB,0.00%,0
706,5262928512,Francangolia (61/150),0,198.73999,DST Patriots  FLEX Terry McLaurin QB Jayden Daniels RB Javonte Williams RB Aaron Jones Sr. TE Dalton Schultz WR Jaxon Smith-Njigba WR CeeDee Lamb WR Stefon Diggs,,Nick Vannett,TE,0.00%,0
706,5263396002,watson124455 (74/150),0,198.73999,DST Patriots  FLEX Jaxon Smith-Njigba QB Jayden Daniels RB Javonte Williams RB Aaron Jones Sr. TE Dalton Schultz WR CeeDee Lamb WR Stefon Diggs WR Terry McLaurin,,Noah Thomas,WR,0.00%,0
708,5255837306,The.One (38/150),0,198.7,DST Panthers  FLEX Devontez Walker QB Lamar Jackson RB Christian McCaffrey RB Bucky Irving TE Dalton Schultz WR Ja'Marr Chase WR CeeDee Lamb WR Rashod Bateman,,Teagan Quitoriano,TE,0.00%,0
709,5257039654,Parkerrr26 (127/150),0,198.68001,DST Browns  FLEX Michael Mayer QB Brock Purdy RB Christian McCaffrey RB Aaron Jones Sr. TE Dalton Schultz WR Jaxon Smith-Njigba WR CeeDee Lamb WR George Pickens,,Shawn Bowman,TE,0.00%,0
710,5256552167,man-man215,0,198.66,DST Bengals  FLEX Alvin Kamara QB Dak Prescott RB Derrick Henry RB Chase Brown TE Dalton Schultz WR Jaxon Smith-Njigba WR CeeDee Lamb WR Kalif Raymond,,Daniel Sobkowicz,WR,0.00%,0
710,5256616924,BGUSTIN21 (39/150),0,198.66,DST Browns  FLEX Dalton Schultz QB Dak Prescott RB Bijan Robinson RB Aaron Jones Sr. TE Mark Andrews WR Jaxon Smith-Njigba WR CeeDee Lamb WR Jalen Coker,,Stone Smartt,TE,0.00%,0
710,5261129422,Profreshional10 (55/150),0,198.66,DST Browns  FLEX Dalton Schultz QB Dak Prescott RB Bijan Robinson RB Aaron Jones Sr. TE Mark Andrews WR Jaxon Smith-Njigba WR CeeDee Lamb WR Jalen Coker,,Harrison Wallace III,WR,0.00%,0
710,5261819849,DrWinAgin (10/18),0,198.66,DST Cowboys  FLEX Christian McCaffrey QB Dak Prescott RB J.K. Dobbins RB Rico Dowdle TE Dalton Schultz WR Jaxon Smith-Njigba WR CeeDee Lamb WR Denzel Boston,,Khalil Herbert,RB,0.00%,0
710,5262724048,xTRISKITx (94/150),0,198.65999,DST Panthers  FLEX CeeDee Lamb QB Dak Prescott RB Chuba Hubbard RB J.K. Dobbins TE Evan Engram WR Jaxon Smith-Njigba WR Garrett Wilson WR Stefon Diggs,,Emmanuel Henderson Jr.,WR,0.00%,0
710,5263268100,basedblox (89/150),0,198.66,DST Steelers  FLEX CeeDee Lamb QB Dak Prescott RB Javonte Williams RB Aaron Jones Sr. TE Dalton Schultz WR Jaxon Smith-Njigba WR Parker Washington WR Matthew Golden,,Princeton Fant,TE,0.00%,0
716,5263067880,supposedchart1 (143/150),0,198.62,DST Seahawks  FLEX Michael Mayer QB C.J. Stroud RB Christian McCaffrey RB Omarion Hampton TE Dalton Schultz WR Jaxon Smith-Njigba WR CeeDee Lamb WR Devaughn Vele,,Marvin Mims Jr.,WR,0.00%,0
717,5259774219,b_stats (4/150),0,198.58,DST Broncos  FLEX George Kittle QB Brock Purdy RB Christian McCaffrey RB Aaron Jones Sr. TE Dalton Schultz WR Jaxon Smith-Njigba WR Garrett Wilson WR Parker Washington,,Isaiah Davis,FLEX,0.00%,0
717,5262058980,bionicknee (118/150),0,198.58,DST Panthers  FLEX Michael Mayer QB Baker Mayfield RB Ashton Jeanty RB Kenny Gainwell TE Dalton Schultz WR Jaxon Smith-Njigba WR Ja'Marr Chase WR CeeDee Lamb,,Wesley Grimes,WR,0.00%,0
717,5262564931,CLAEYS20 (53/150),0,198.58,DST Panthers  FLEX CeeDee Lamb QB Brock Purdy RB Ashton Jeanty RB Aaron Jones Sr. TE Dalton Schultz WR Ja'Marr Chase WR Chris Olave WR Caleb Douglas,,Carlos Washington Jr.,RB,0.00%,0
720,5256539736,jacobsimpson54 (117/150),0,198.56,DST Panthers  FLEX Christian McCaffrey QB Dak Prescott RB Jaylen Warren RB Aaron Jones Sr. TE Jake Ferguson WR CeeDee Lamb WR Garrett Wilson WR Stefon Diggs,,Brady Russell,FLEX,0.00%,0
720,5260269759,Flawlessjoc (86/150),0,198.56001,DST Panthers  FLEX CeeDee Lamb QB Dak Prescott RB Javonte Williams RB Chuba Hubbard TE Dalton Schultz WR Ja'Marr Chase WR Parker Washington WR Matthew Golden,,Deven Thompkins,WR,0.00%,0
720,5261939322,bkayjac (103/150),0,198.56,DST Raiders  FLEX Jaxon Smith-Njigba QB Dak Prescott RB De'Von Achane RB Aaron Jones Sr. TE Dalton Schultz WR CeeDee Lamb WR George Pickens WR KC Concepcion Jr.,,Patrick Herbert,TE,0.00%,0
720,5262314712,cowboyfan42 (46/150),0,198.56,DST Jaguars  FLEX Jake Ferguson QB Dak Prescott RB Derrick Henry RB Javonte Williams TE Dalton Schultz WR Jaxon Smith-Njigba WR CeeDee Lamb WR Terry McLaurin,,Jeremy Ruckert,FLEX,0.00%,2.5
724,5262349062,langleyc (50/150),0,198.54,DST Panthers  FLEX George Pickens QB Jayden Daniels RB Derrick Henry RB Javonte Williams TE Dalton Schultz WR Jaxon Smith-Njigba WR Stefon Diggs WR Tre Tucker,,Noah Whittington,RB,0.00%,0
725,5259980381,zandwich (88/150),0,198.5,DST Panthers  FLEX Jaxon Smith-Njigba QB Lamar Jackson RB Aaron Jones Sr. RB J.K. Dobbins TE Dalton Schultz WR Ja'Marr Chase WR Parker Washington WR Rashod Bateman,,Chandler Brayboy,WR,0.00%,0
725,5262016068,woodreb5 (6/150),0,198.5,DST Vikings  FLEX Christian McCaffrey QB Drew Lock RB Derrick Henry RB Aaron Jones Sr. TE Dalton Schultz WR Jaxon Smith-Njigba WR George Pickens WR Rashod Bateman,,Brandon Aiyuk,WR,0.00%,0
725,5262186194,Clockcleaners (18/150),0,198.5,DST Texans  FLEX Mark Andrews QB Lamar Jackson RB Derrick Henry RB Aaron Jones Sr. TE Dalton Schultz WR Jaxon Smith-Njigba WR CeeDee Lamb WR Rashod Bateman,,Kyler Murray,QB,0.00%,0
728,5261410232,PayDirt33 (73/150),0,198.48,DST Panthers  FLEX Malik Washington QB Brock Purdy RB Derrick Henry RB Aaron Jones Sr. TE Dalton Schultz WR Ja'Marr Chase WR CeeDee Lamb WR Emeka Egbuka,,Mac Jones,QB,0.00%,-0.2
729,5260895082,kidzero (101/150),0,198.45999,DST Panthers  FLEX Dalton Schultz QB Dak Prescott RB Christian McCaffrey RB Derrick Henry TE Hunter Henry WR CeeDee Lamb WR Garrett Wilson WR Devaughn Vele,,Jack Stoll,FLEX,0.00%,0
729,5261275491,wmgilpin (7/150),0,198.45999,DST Panthers  FLEX CeeDee Lamb QB Jalen Hurts RB Chuba Hubbard RB Aaron Jones Sr. TE Dalton Schultz WR Ja'Marr Chase WR DeVonta Smith WR Wan'Dale Robinson,,Mitchell Trubisky,QB,0.00%,0
729,5262188732,Skadoosh (37/40),0,198.45999,DST Panthers  FLEX Christian McCaffrey QB Dak Prescott RB D'Andre Swift RB Aaron Jones Sr. TE Mark Andrews WR CeeDee Lamb WR Stefon Diggs WR Rashod Bateman,,Mitchell Fraboni,TE,0.00%,0
729,5262555637,snejames001 (90/150),0,198.45999,DST Browns  FLEX George Pickens QB Dak Prescott RB Jaylen Warren RB Aaron Jones Sr. TE Dalton Schultz WR Jaxon Smith-Njigba WR CeeDee Lamb WR Garrett Wilson,,Jaden Bradley,WR,0.00%,0
733,5262079410,twin7st (61/150),0,198.44,DST Titans  FLEX George Kittle QB Jayden Daniels RB Ashton Jeanty RB D'Andre Swift TE Dalton Schultz WR Jaxon Smith-Njigba WR CeeDee Lamb WR Stefon Diggs,,Chris Hilton Jr.,FLEX,0.00%,0
734,5257747284,fatboy213ak (34/80),0,198.38,DST Vikings  FLEX Jaxon Smith-Njigba QB Geno Smith RB Breece Hall RB TreVeyon Henderson TE Jake Ferguson WR DeVonta Smith WR Jaylen Waddle WR Garrett Wilson,,Robert Henry Jr.,FLEX,0.00%,0
734,5261509602,Packersfan203 (15/150),0,198.38,DST Panthers  FLEX Christian McCaffrey QB Brock Purdy RB Derrick Henry RB Aaron Jones Sr. TE Dalton Schultz WR CeeDee Lamb WR Christian Watson WR Malik Washington,,Justin Joly,TE,0.00%,0
734,5261982973,lizamado (110/150),0,198.38,DST Patriots  FLEX George Kittle QB Brock Purdy RB Christian McCaffrey RB De'Von Achane TE Dalton Schultz WR CeeDee Lamb WR Stefon Diggs WR Terry McLaurin,,Dareke Young,WR,0.00%,3.7
734,5262167901,cagea65 (53/150),0,198.38,DST Patriots  FLEX George Kittle QB Brock Purdy RB Derrick Henry RB Aaron Jones Sr. TE Dalton Schultz WR Jaxon Smith-Njigba WR Mike Evans WR Parker Washington,,Cameron Latu,TE,0.00%,0
734,5263254443,KU2017 (19/29),0,198.38,DST Vikings  FLEX Rashod Bateman QB Baker Mayfield RB Omarion Hampton RB Aaron Jones Sr. TE Jake Ferguson WR Jaxon Smith-Njigba WR CeeDee Lamb WR Emeka Egbuka,,Feleipe Franks,TE,0.00%,0
734,5263361728,yadwho (30/51),0,198.37999,DST Panthers  FLEX Jaxon Smith-Njigba QB Tyler Shough RB Omarion Hampton RB Bucky Irving TE Dalton Schultz WR Chris Olave WR George Pickens WR Devaughn Vele,,Arian Smith,WR,0.00%,0
734,5263551963,bmeza44 (141/149),0,198.38,DST Patriots  FLEX George Kittle QB Brock Purdy RB Derrick Henry RB Aaron Jones Sr. TE Dalton Schultz WR Jaxon Smith-Njigba WR Mike Evans WR Parker Washington,,Tanner Hudson,FLEX,0.00%,0
741,5261275575,wmgilpin (91/150),0,198.36,DST Panthers  FLEX CeeDee Lamb QB Dak Prescott RB De'Von Achane RB Chuba Hubbard TE Dalton Schultz WR Jaylen Waddle WR Parker Washington WR Terry McLaurin,,Carsen Ryan,FLEX,0.00%,0
741,5261977576,jsh1122 (10/87),0,198.36,DST Seahawks  FLEX Michael Mayer QB Dak Prescott RB De'Von Achane RB Aaron Jones Sr. TE Dalton Schultz WR Jaxon Smith-Njigba WR CeeDee Lamb WR Garrett Wilson,,De'Zhaun Stribling,FLEX,0.00%,0
741,5263148622,cs9797 (63/150),0,198.36,DST Seahawks  FLEX Jake Ferguson QB Dak Prescott RB Bijan Robinson RB Chase Brown TE Dalton Schultz WR Jaxon Smith-Njigba WR Stefon Diggs WR Rashod Bateman,,Skyy Moore,WR,0.00%,2.6
744,5261520377,milkstoutnitro (99/150),0,198.34,DST Panthers  FLEX Stefon Diggs QB Jayden Daniels RB Chuba Hubbard RB Aaron Jones Sr. TE Dalton Schultz WR CeeDee Lamb WR DeVonta Smith WR George Pickens,,Sincere McCormick,FLEX,0.00%,0
745,5260726600,MoneyKing5 (47/62),0,198.3,DST Panthers  FLEX Trey McBride QB Drew Lock RB Christian McCaffrey RB Chuba Hubbard TE Dalton Schultz WR Jaxon Smith-Njigba WR DK Metcalf WR Jalen Coker,,Josh Kelly,FLEX,0.00%,0
745,5262356246,tristencarroll (54/150),0,198.3,DST Panthers  FLEX Michael Mayer QB Drew Lock RB Christian McCaffrey RB Derrick Henry TE Dalton Schultz WR Jaxon Smith-Njigba WR Christian Watson WR Garrett Wilson,,Jonathan Ward,FLEX,0.00%,0
745,5262789902,ataribravo (17/150),0,198.3,DST Panthers  FLEX Michael Mayer QB Drew Lock RB Christian McCaffrey RB Derrick Henry TE Dalton Schultz WR Jaxon Smith-Njigba WR Christian Watson WR Garrett Wilson,,Kendall Milton,FLEX,0.00%,0
748,5261543733,NFLcashKING (148/150),0,198.28,DST Panthers  FLEX Mark Andrews QB Brock Purdy RB Christian McCaffrey RB Ashton Jeanty TE Dalton Schultz WR CeeDee Lamb WR Tetairoa McMillan WR Jalen Coker,,Evan Hull,FLEX,0.00%,0
748,5261749623,jrnoyes (3/150),0,198.28,DST Panthers  FLEX Javonte Williams QB Bryce Young RB Derrick Henry RB Omarion Hampton TE Dalton Schultz WR Jaxon Smith-Njigba WR Tetairoa McMillan WR Devaughn Vele,,Michael Burton,FLEX,0.00%,0
748,5263295361,garyjames84 (16/150),0,198.28,DST Jaguars  FLEX Mark Andrews QB Brock Purdy RB Christian McCaffrey RB Aaron Jones Sr. TE Dalton Schultz WR Jaxon Smith-Njigba WR CeeDee Lamb WR Terry McLaurin,,Kaden Davis,FLEX,0.00%,0
751,5260247068,Szentiger (28/150),0,198.26,DST Panthers  FLEX Christian McCaffrey QB Dak Prescott RB Derrick Henry RB Aaron Jones Sr. TE Dalton Schultz WR DeVonta Smith WR Stefon Diggs WR Ryan Flournoy,,Antwane Wells Jr.,FLEX,0.00%,0
751,5260766730,JPTarHeel4Life (87/150),0,198.26,DST Panthers  FLEX Christian McCaffrey QB Jalen Hurts RB Chuba Hubbard RB Aaron Jones Sr. TE Dalton Schultz WR Jaxon Smith-Njigba WR Garrett Wilson WR Dontayvion Wicks,,Corey Kiner,FLEX,0.00%,0
751,5261100183,InfamouzTuck (1/150),0,198.26,DST Patriots  FLEX Jake Ferguson QB Dak Prescott RB Derrick Henry RB Omarion Hampton TE Michael Mayer WR Jaxon Smith-Njigba WR CeeDee Lamb WR DeMario Douglas,,Tanner Koziol,FLEX,0.00%,0
754,5262201550,VinceM28 (22/150),0,198.24,DST Jaguars  FLEX Jake Ferguson QB Jayden Daniels RB Derrick Henry RB Javonte Williams TE Dalton Schultz WR Jaxon Smith-Njigba WR CeeDee Lamb WR Stefon Diggs,,Hunter Luepke,FLEX,0.00%,0.1
755,5261974765,joe2dwight (27/150),0,198.20001,DST Panthers  FLEX Dalton Schultz QB Jordan Love RB Christian McCaffrey RB J.K. Dobbins TE Michael Mayer WR Jaxon Smith-Njigba WR CeeDee Lamb WR Christian Watson,,Tim Jones,FLEX,0.00%,0
755,5262683540,Cabiito6969 (20/150),0,198.20001,DST Browns  FLEX Jaxon Smith-Njigba QB Lamar Jackson RB Breece Hall RB Aaron Jones Sr. TE Dalton Schultz WR CeeDee Lamb WR Christian Watson WR Rashod Bateman,,Adam Prentice,RB,0.00%,1.2
757,5259647046,BigJoe1462 (44/150),0,198.16,DST Broncos  FLEX Jake Ferguson QB Dak Prescott RB Ashton Jeanty RB Breece Hall TE Dalton Schultz WR Jaxon Smith-Njigba WR Ja'Marr Chase WR Jalen Coker,,Kaden Wetjen,FLEX,0.00%,0
757,5259770096,southpaw75usa (33/50),0,198.16,DST Bears  FLEX Jake Ferguson QB Dak Prescott RB Derrick Henry RB J.K. Dobbins TE Dalton Schultz WR Jaxon Smith-Njigba WR CeeDee Lamb WR Terry McLaurin,,Colson Yankoff,FLEX,0.00%,2.4
757,5261894438,Sportspickspedia (45/150),0,198.15999,DST Panthers  FLEX Harold Fannin Jr. QB Dak Prescott RB Derrick Henry RB Javonte Williams TE Dalton Schultz WR Jaxon Smith-Njigba WR Jaylen Waddle WR Terry McLaurin,,Ja'seem Reed,WR,0.00%,0
757,5261895972,NinersFan4ever (94/150),0,198.15999,DST Panthers  FLEX Dalton Schultz QB Dak Prescott RB Derrick Henry RB Bucky Irving TE Mark Andrews WR CeeDee Lamb WR Garrett Wilson WR Parker Washington,,Ricky White III,WR,0.00%,0
757,5262254079,RyPA24 (13/20),0,198.16,DST Patriots  FLEX CeeDee Lamb QB Dak Prescott RB Bijan Robinson RB Aaron Jones Sr. TE Dalton Schultz WR Ja'Marr Chase WR Stefon Diggs WR Ryan Flournoy,,Craig Reynolds,RB,0.00%,0
757,5262296089,earlthapearl527 (128/150),0,198.16,DST Broncos  FLEX Mark Andrews QB Dak Prescott RB Derrick Henry RB Chase Brown TE Dalton Schultz WR Jaxon Smith-Njigba WR CeeDee Lamb WR Roman Wilson,,Lewis Bond,FLEX,0.00%,0
763,5262388876,interigator007 (50/150),0,198.08,DST Titans  FLEX George Kittle QB Brock Purdy RB Bijan Robinson RB Christian McCaffrey TE Dalton Schultz WR Jaxon Smith-Njigba WR Jalen Coker WR Rashod Bateman,,E.J. Jenkins,FLEX,0.00%,0
763,5262809470,bmglass100 (76/150),0,198.08,DST Steelers  FLEX George Kittle QB Brock Purdy RB Christian McCaffrey RB Chuba Hubbard TE Dalton Schultz WR Jaxon Smith-Njigba WR DeVonta Smith WR Jayden Reed,,James Mitchell,FLEX,0.00%,0
765,5257288864,AHabas (29/150),0,198.06,DST Patriots  FLEX Jake Ferguson QB Dak Prescott RB Christian McCaffrey RB Breece Hall TE Dalton Schultz WR CeeDee Lamb WR Garrett Wilson WR Luther Burden III,,Jalen Moreno-Cropper,WR,0.00%,0
765,5257417914,rexalocha0916 (36/150),0,198.05998,DST Jets  FLEX Mark Andrews QB Jalen Hurts RB Derrick Henry RB Breece Hall TE Dalton Schultz WR Jaxon Smith-Njigba WR DeVonta Smith WR Tre Tucker,,Josiah Deguara,FLEX,0.00%,0
765,5259815745,Grav10 (83/150),0,198.06,DST Panthers  FLEX CeeDee Lamb QB Dak Prescott RB Christian McCaffrey RB Chuba Hubbard TE Mark Andrews WR Ja'Marr Chase WR Rashod Bateman WR Roman Wilson,,LeQuint Allen Jr.,FLEX,0.00%,0
765,5262238425,organizedchaos89 (117/150),0,198.06,DST Eagles  FLEX Juwan Johnson QB Dak Prescott RB Breece Hall RB Jadarian Price TE Dalton Schultz WR Jaxon Smith-Njigba WR CeeDee Lamb WR Stefon Diggs,,Marcus Mariota,QB,0.00%,8.74
765,5262260020,docslippo (75/150),0,198.06,DST Panthers  FLEX George Pickens QB Dak Prescott RB D'Andre Swift RB Jacory Croskey-Merritt TE Dalton Schultz WR CeeDee Lamb WR DeVonta Smith WR Jalen Coker,,Mark Gronowski,QB,0.00%,0
770,5263209986,Idolson85 (10/66),0,198,DST Seahawks  FLEX Matthew Golden QB Drew Lock RB Jadarian Price RB Aaron Jones Sr. TE Dalton Schultz WR Jaxon Smith-Njigba WR Ja'Marr Chase WR CeeDee Lamb,,Tank Dell,WR,0.00%,0
771,5259439668,dunchmore (16/150),0,197.98001,DST Panthers  FLEX Omarion Hampton QB Bryce Young RB Derrick Henry RB Bucky Irving TE Dalton Schultz WR CeeDee Lamb WR Parker Washington WR Jalen Coker,,Camden Brown,WR,0.00%,0
771,5260322225,Tiesto228 (80/150),0,197.98,DST Broncos  FLEX George Kittle QB Brock Purdy RB Christian McCaffrey RB Aaron Jones Sr. TE Dalton Schultz WR Jaxon Smith-Njigba WR Ja'Marr Chase WR Demarcus Robinson,,Jordan Hudson,WR,0.00%,0
771,5262065313,Midgelife (46/150),0,197.98,DST Panthers  FLEX Mark Andrews QB Bryce Young RB Christian McCaffrey RB Jadarian Price TE Dalton Schultz WR Ja'Marr Chase WR CeeDee Lamb WR Jalen Coker,,Brevin Jordan,TE,0.00%,0
774,5256837668,sileoj (53/150),0,197.96,DST Ravens  FLEX Jake Ferguson QB Dak Prescott RB Omarion Hampton RB J.K. Dobbins TE Dalton Schultz WR Jaxon Smith-Njigba WR CeeDee Lamb WR George Pickens,,DJ Herman,FLEX,0.00%,2.8
774,5262070391,Tylerjh18 (32/150),0,197.95999,DST Panthers  FLEX Dalton Schultz QB Dak Prescott RB Ashton Jeanty RB Bucky Irving TE Mark Andrews WR CeeDee Lamb WR DeVonta Smith WR George Pickens,,Will Shipley,FLEX,0.00%,4.9
774,5262735821,DieselX22 (60/150),0,197.96,DST Ravens  FLEX Jake Ferguson QB Dak Prescott RB Bucky Irving RB Rhamondre Stevenson TE Dalton Schultz WR Jaxon Smith-Njigba WR CeeDee Lamb WR Tee Higgins,,Nate Adkins,TE,0.00%,12.8
774,5262753703,chrissteimle (71/150),0,197.95999,DST Titans  FLEX Dalton Schultz QB Dak Prescott RB Bijan Robinson RB Rhamondre Stevenson TE Mark Andrews WR Jaxon Smith-Njigba WR CeeDee Lamb WR Rashod Bateman,,Qadir Ismail,TE,0.00%,0
778,5261618881,Schrinepiece92 (41/150),0,197.9,DST Texans  FLEX Caleb Douglas QB Drew Lock RB Christian McCaffrey RB Chuba Hubbard TE Dalton Schultz WR Jaxon Smith-Njigba WR CeeDee Lamb WR Parker Washington,,Hayden Rucci,FLEX,0.00%,0
779,5262011622,rills (72/150),0,197.87999,DST Panthers  FLEX Dalton Schultz QB Brock Purdy RB Christian McCaffrey RB Chuba Hubbard TE T.J. Hockenson WR Ja'Marr Chase WR CeeDee Lamb WR DK Metcalf,,Cal Adomitis,TE,0.00%,0
779,5262749566,rondonumba9s (23/30),0,197.88,DST Patriots  FLEX Dalton Schultz QB Bryce Young RB Christian McCaffrey RB Chuba Hubbard TE Michael Mayer WR Ja'Marr Chase WR CeeDee Lamb WR Garrett Wilson,,Kalel Mullings,RB,0.00%,0
781,5256193726,joebsteelers (10/150),0,197.86,DST Eagles  FLEX Jake Ferguson QB Dak Prescott RB De'Von Achane RB Aaron Jones Sr. TE Dalton Schultz WR Jaxon Smith-Njigba WR CeeDee Lamb WR Luther Burden III,,Andrew DePaola,TE,0.00%,0
781,5259827221,gredow1979 (10/150),0,197.86,DST Panthers  FLEX J.K. Dobbins QB Dak Prescott RB Ashton Jeanty RB Aaron Jones Sr. TE Dalton Schultz WR CeeDee Lamb WR DeVonta Smith WR Garrett Wilson,,Quinn Ewers,QB,0.00%,0
781,5261680087,csokn (115/150),0,197.86,DST Panthers  FLEX CeeDee Lamb QB Jalen Hurts RB Omarion Hampton RB Jacory Croskey-Merritt TE Dalton Schultz WR DeVonta Smith WR Parker Washington WR Jalen Coker,,Anthony Smith,WR,0.00%,0
781,5262131817,FFLegend (29/150),0,197.86002,DST Patriots  FLEX Jaxon Smith-Njigba QB Dak Prescott RB Saquon Barkley RB Breece Hall TE Dalton Schultz WR CeeDee Lamb WR Matthew Golden WR Ryan Flournoy,,Hassan Haskins,RB,0.00%,0
781,5262596203,rigbak (50/150),0,197.86,DST Panthers  FLEX Dalton Schultz QB Dak Prescott RB Bucky Irving RB Chuba Hubbard TE Mark Andrews WR Ja'Marr Chase WR CeeDee Lamb WR George Pickens,,Malik McClain,WR,0.00%,0
781,5262648287,maddogg1007 (52/150),0,197.86,DST Jaguars  FLEX Stefon Diggs QB Dak Prescott RB Ashton Jeanty RB Javonte Williams TE Dalton Schultz WR Jaxon Smith-Njigba WR CeeDee Lamb WR Adonai Mitchell,,Israel Abanikanda,FLEX,0.00%,0
781,5262714238,HurricaneVinge (17/150),0,197.86,DST Broncos  FLEX Michael Mayer QB Dak Prescott RB Christian McCaffrey RB Javonte Williams TE Dalton Schultz WR Jaxon Smith-Njigba WR CeeDee Lamb WR Devaughn Vele,,Dylan Drummond,WR,0.00%,0
781,5263103970,Pythos (50/150),0,197.86,DST Panthers  FLEX Michael Mayer QB Dak Prescott RB Christian McCaffrey RB Javonte Williams TE Dalton Schultz WR Jaxon Smith-Njigba WR George Pickens WR Stefon Diggs,,Tyler Huntley,QB,0.00%,0
789,5263407283,nepats1345 (67/150),0,197.84,DST Patriots  FLEX Jaxon Smith-Njigba QB Jayden Daniels RB Travis Etienne Jr. RB Aaron Jones Sr. TE Dalton Schultz WR CeeDee Lamb WR Stefon Diggs WR Terry McLaurin,,Vinny Anthony II,WR,0.00%,0
790,5262128432,HahamHanukah (69/150),0,197.8,DST Steelers  FLEX CeeDee Lamb QB Drew Lock RB Bijan Robinson RB Jadarian Price TE Dalton Schultz WR Jaxon Smith-Njigba WR DeVonta Smith WR Roman Wilson,,Tre Watson,TE,0.00%,0
790,5263002905,jjbumphrey (65/100),0,197.8,DST Panthers  FLEX Michael Wilson QB Drew Lock RB Derrick Henry RB Jonah Coleman TE Jake Ferguson WR Jaxon Smith-Njigba WR CeeDee Lamb WR George Pickens,,Xavier Gipson,FLEX,0.00%,0
792,5256655992,EmanTheMan007 (4/150),0,197.78,DST Panthers  FLEX Christian McCaffrey QB Brock Purdy RB Derrick Henry RB Aaron Jones Sr. TE George Kittle WR CeeDee Lamb WR Rashod Bateman WR Devaughn Vele,,Jalen Reagor,WR,0.00%,0
792,5262324927,cwthrow24 (19/150),0,197.78,DST Falcons  FLEX Michael Mayer QB Brock Purdy RB Christian McCaffrey RB Aaron Jones Sr. TE Dalton Schultz WR Jaxon Smith-Njigba WR DeVonta Smith WR Stefon Diggs,,Michael Carter,RB,0.00%,0
794,5260311601,todfrompa (131/150),0,197.76001,DST Panthers  FLEX Ryan Flournoy QB Dak Prescott RB Ashton Jeanty RB Jacory Croskey-Merritt TE Dalton Schultz WR Ja'Marr Chase WR CeeDee Lamb WR Jaylen Waddle,,Simi Fehoko,FLEX,0.00%,0
794,5260988514,steadfast_1 (95/150),0,197.76001,DST Panthers  FLEX Stefon Diggs QB Dak Prescott RB Javonte Williams RB Chuba Hubbard TE Dalton Schultz WR Ja'Marr Chase WR CeeDee Lamb WR Jordan Addison,,Jaleel McLaughlin,RB,0.00%,0.3
796,5261729784,dtnichols09 (96/150),0,197.7,DST Panthers  FLEX Colston Loveland QB Drew Lock RB Derrick Henry RB Aaron Jones Sr. TE Dalton Schultz WR Jaxon Smith-Njigba WR Ja'Marr Chase WR Parker Washington,,Ben Skowronek,FLEX,0.00%,1.2
796,5262740307,JoelBarraganMacias (35/150),0,197.69998,DST Patriots  FLEX Mark Andrews QB Lamar Jackson RB De'Von Achane RB Aaron Jones Sr. TE Dalton Schultz WR Jaxon Smith-Njigba WR CeeDee Lamb WR Devaughn Vele,,Devin Duvernay,FLEX,0.00%,0
798,5259787805,smithbrandon7 (120/150),0,197.66,DST Panthers  FLEX Dalton Schultz QB Dak Prescott RB Christian McCaffrey RB Derrick Henry TE Juwan Johnson WR CeeDee Lamb WR Garrett Wilson WR Terry McLaurin,,Ryan Miller,FLEX,0.00%,14.7
798,5263000960,attown1481 (5/50),0,197.65999,DST Raiders  FLEX DeMario Douglas QB Dak Prescott RB Derrick Henry RB Aaron Jones Sr. TE Dalton Schultz WR Jaxon Smith-Njigba WR CeeDee Lamb WR George Pickens,,Treyton Welch,TE,0.00%,0
798,5263356788,srgreen29 (23/150),0,197.66,DST Patriots  FLEX Jaxon Smith-Njigba QB Dak Prescott RB Aaron Jones Sr. RB J.K. Dobbins TE Dalton Schultz WR CeeDee Lamb WR George Pickens WR Terry McLaurin,,Payne Durham,FLEX,0.00%,0
798,5263371262,thedg3 (18/20),0,197.66,DST Panthers  FLEX Jake Ferguson QB Dak Prescott RB Christian McCaffrey RB Aaron Jones Sr. TE Mark Andrews WR Ja'Marr Chase WR CeeDee Lamb WR Matthew Golden,,Isaiah Bond,FLEX,0.00%,2
802,5260209683,OwlPhd (149/150),0,197.6,DST Bears  FLEX Xavier Hutchinson QB Drew Lock RB Derrick Henry RB D'Andre Swift TE Dalton Schultz WR Jaxon Smith-Njigba WR CeeDee Lamb WR Tetairoa McMillan,,Nick Kallerup,TE,0.00%,0
803,5258270354,upperslad (73/150),0,197.58,DST Jaguars  FLEX Jaxon Smith-Njigba QB Bryce Young RB Christian McCaffrey RB Aaron Jones Sr. TE Dalton Schultz WR CeeDee Lamb WR Terry McLaurin WR Jalen Coker,,Trey Benson,RB,0.00%,0
803,5259661374,GridIronMetalHead (138/150),0,197.58,DST Patriots  FLEX Dalton Schultz QB Brock Purdy RB Christian McCaffrey RB Aaron Jones Sr. TE George Kittle WR CeeDee Lamb WR George Pickens WR Garrett Wilson,,Velus Jones Jr.,FLEX,0.00%,0
803,5259752878,lionsroar77 (13/150),0,197.58,DST 49ers  FLEX CeeDee Lamb QB Bryce Young RB Chuba Hubbard RB Aaron Jones Sr. TE Dalton Schultz WR Jaxon Smith-Njigba WR Tetairoa McMillan WR DK Metcalf,,Trey Palmer,WR,0.00%,0
803,5259753004,lionsroar77 (139/150),0,197.58,DST 49ers  FLEX CeeDee Lamb QB Bryce Young RB Chuba Hubbard RB Aaron Jones Sr. TE Dalton Schultz WR Jaxon Smith-Njigba WR Tetairoa McMillan WR DK Metcalf,,Isaiah Neyor,WR,0.00%,0
803,5262413017,mgriffin78 (142/150),0,197.58,DST Panthers  FLEX CeeDee Lamb QB Bryce Young RB De'Von Achane RB Omarion Hampton TE Dalton Schultz WR Tee Higgins WR Tetairoa McMillan WR Parker Washington,,Kurtis Rourke,QB,0.00%,0