Rank,EntryId,EntryName,TimeRemaining,Points,Lineup,,Player,Roster Position,%Drafted,FPTS
1,5266214427,tlynch0 (17/20),0,214.34,DST Commanders  FLEX CeeDee Lamb QB Geno Smith RB Jahmyr Gibbs RB Jaylen Warren TE Oronde Gadsden II WR Garrett Wilson WR Drake London WR Matthew Golden,,Kenneth Walker III,RB,42.00%,21.3
2,5266883092,gmosk (13/20),0,211.27998,DST Broncos  FLEX Kenyon Sadiq QB Brock Purdy RB Jahmyr Gibbs RB Christian McCaffrey TE George Kittle WR Garrett Wilson WR Deebo Samuel Sr. WR Dontayvion Wicks,,Jahmyr Gibbs,RB,20.82%,41.4
3,5267642814,webbcv63 (6/20),0,210.59998,DST Titans  FLEX Ja'Marr Chase QB Tyler Shough RB Jahmyr Gibbs RB Jaylen Warren TE Terrance Ferguson WR Garrett Wilson WR Drake London WR Matthew Golden,,Jaxon Smith-Njigba,WR,20.24%,38.36
4,5267718824,Sajohnson98 (5/20),0,210.49998,DST Steelers  FLEX Chris Olave QB Tyler Shough RB Jahmyr Gibbs RB Jaylen Warren TE AJ Barner WR Davante Adams WR Drake London WR Matthew Golden,,Titans ,DST,19.26%,7
5,5266287300,Deathflower74 (12/20),0,210.17998,DST Bengals  FLEX Terrance Ferguson QB Brock Purdy RB Jahmyr Gibbs RB Kenneth Walker III TE George Kittle WR Garrett Wilson WR Drake London WR Matthew Golden,,Christian Watson,WR,18.65%,22.6
6,5267205255,goofybh207 (3/7),0,208.88,DST Broncos  FLEX Jeremiyah Love QB Brock Purdy RB Jahmyr Gibbs RB Kenneth Walker III TE Juwan Johnson WR Christian Watson WR Matthew Golden WR Denzel Boston,,Matthew Golden,WR,16.72%,24
7,5266681601,kylehaeussler (10/20),0,208.37999,DST Titans  FLEX Juwan Johnson QB Jordan Love RB Jahmyr Gibbs RB Kenneth Walker III TE Travis Kelce WR Christian Watson WR Drake London WR Matthew Golden,,Dalton Schultz,TE,15.86%,6
8,5266524029,JPLosman0711 (20/20),0,206.74,DST Broncos  FLEX Juwan Johnson QB Jordan Love RB James Cook III RB Jaylen Warren TE Tucker Kraft WR Jaxon Smith-Njigba WR Christian Watson WR Drake London,,Garrett Wilson,WR,14.38%,29.7
9,5267642818,webbcv63 (10/20),0,206.15999,DST Titans  FLEX Terrance Ferguson QB Tyler Shough RB Jahmyr Gibbs RB Jaylen Warren TE Dalton Schultz WR Jaxon Smith-Njigba WR Garrett Wilson WR Drake London,,Davante Adams,WR,13.83%,23.7
10,5268549909,hoggy3,0,206.06,DST Patriots  FLEX Juwan Johnson QB Tyler Shough RB Bijan Robinson RB Kyren Williams TE Travis Kelce WR Jaxon Smith-Njigba WR Christian Watson WR Kalif Raymond,,Derrick Henry,RB,13.41%,21.9
11,5267642824,webbcv63 (16/20),0,205.15999,DST Browns  FLEX Terrance Ferguson QB Tyler Shough RB Jahmyr Gibbs RB Jaylen Warren TE Dalton Schultz WR Jaxon Smith-Njigba WR Garrett Wilson WR Drake London,,Drake London,WR,13.34%,31.4
12,5267535850,HurricaneCal (14/20),0,204.88,DST Bears  FLEX Dalton Schultz QB Jameis Winston RB Jahmyr Gibbs RB Kenneth Walker III TE Juwan Johnson WR Jaxon Smith-Njigba WR Drake London WR Matthew Golden,,Parker Washington,WR,13.27%,13
13,5268494474,Do11aBi11 (5/5),0,204.29999,DST Bills  FLEX Garrett Wilson QB Geno Smith RB D'Andre Swift RB Quinshon Judkins TE Kenyon Sadiq WR Jaxon Smith-Njigba WR Christian Watson WR Drake London,,Josh Allen,QB,12.94%,20.46
14,5267642822,webbcv63 (14/20),0,204.15999,DST Buccaneers  FLEX Terrance Ferguson QB Tyler Shough RB Jahmyr Gibbs RB Jaylen Warren TE Dalton Schultz WR Jaxon Smith-Njigba WR Garrett Wilson WR Drake London,,Tyler Shough,QB,12.18%,26.8
15,5267642813,webbcv63 (5/20),0,204.09999,DST Panthers  FLEX Kenneth Walker III QB Tyler Shough RB Jahmyr Gibbs RB Jaylen Warren TE Terrance Ferguson WR Garrett Wilson WR Drake London WR Matthew Golden,,Patrick Mahomes,QB,11.99%,16.94
16,5267045944,heyyouca (2/20),0,203.09998,DST Titans  FLEX Terrance Ferguson QB Geno Smith RB Jahmyr Gibbs RB Jaylen Warren TE Sam LaPorta WR Jaxon Smith-Njigba WR Garrett Wilson WR Davante Adams,,Amon-Ra St. Brown,WR,11.17%,11.9
16,5267045948,heyyouca (6/20),0,203.09998,DST Titans  FLEX Terrance Ferguson QB Geno Smith RB Jahmyr Gibbs RB Jaylen Warren TE Sam LaPorta WR Jaxon Smith-Njigba WR Garrett Wilson WR Davante Adams,,Devaughn Vele,WR,11.15%,6.9
18,5267955222,clags22 (16/20),0,202.97998,DST Titans  FLEX Terrance Ferguson QB Jordan Love RB Jahmyr Gibbs RB Bijan Robinson TE Travis Kelce WR Christian Watson WR Drake London WR Matthew Golden,,Travis Kelce,TE,11.07%,13.9
19,5266838650,Patsfan688 (1/7),0,201.9,DST Chargers  FLEX Xavier Hutchinson QB Geno Smith RB Jahmyr Gibbs RB Aaron Jones Sr. TE Mike Gesicki WR Jaxon Smith-Njigba WR Garrett Wilson WR Parker Washington,,Jalen Coker,WR,11.00%,3.8
20,5266503587,JPLosman0711 (5/20),0,201.74,DST Broncos  FLEX Juwan Johnson QB Brock Purdy RB Christian McCaffrey RB Jeremiyah Love TE George Kittle WR Jaxon Smith-Njigba WR Parker Washington WR Malik Washington,,Dalton Kincaid,TE,10.90%,4.8
21,5267045958,heyyouca (16/20),0,201.69998,DST Titans  FLEX Terrance Ferguson QB Geno Smith RB Jahmyr Gibbs RB Jaylen Warren TE Dalton Schultz WR Jaxon Smith-Njigba WR Garrett Wilson WR Davante Adams,,Bijan Robinson,RB,10.56%,38.3
22,5268541998,JcClark18 (2/20),0,201.49998,DST Broncos  FLEX Juwan Johnson QB Tyler Shough RB Jahmyr Gibbs RB Bijan Robinson TE Sam LaPorta WR Garrett Wilson WR DJ Moore WR Devaughn Vele,,Denzel Boston,WR,10.51%,8.1
23,5267757748,HakeemTheDream (20/20),0,201.21999,DST Jaguars  FLEX Terrance Ferguson QB Sam Darnold RB Kenneth Walker III RB James Cook III TE Travis Kelce WR Jaxon Smith-Njigba WR Garrett Wilson WR Matthew Golden,,Chris Olave,WR,9.77%,22.7
24,5267045956,heyyouca (14/20),0,201.05998,DST Titans  FLEX Jaxon Smith-Njigba QB Tyler Shough RB Jahmyr Gibbs RB Jaylen Warren TE Terrance Ferguson WR Davante Adams WR Drake London WR Devaughn Vele,,Dontayvion Wicks,WR,9.55%,5.2
25,5266996350,Pappythunder,0,200.57999,DST Broncos  FLEX Michael Wilson QB Aaron Rodgers RB Kenneth Walker III RB Jaylen Warren TE George Kittle WR DeVonta Smith WR Garrett Wilson WR Davante Adams,,Chuba Hubbard,RB,9.42%,15
26,5267035998,younggodaka (14/20),0,200.34001,DST Dolphins  FLEX Chase Brown QB Geno Smith RB Jahmyr Gibbs RB Javonte Williams TE Kenyon Sadiq WR Garrett Wilson WR Drake London WR DK Metcalf,,Bengals ,DST,9.02%,3
27,5266883041,gmosk (12/20),0,200.28,DST Broncos  FLEX Kenyon Sadiq QB Brock Purdy RB Christian McCaffrey RB Cam Skattebo TE George Kittle WR Christian Watson WR Garrett Wilson WR Deebo Samuel Sr.,,Terrance Ferguson,FLEX,8.36%,1.9
28,5268170610,samirnj (15/20),0,199.55998,DST Titans  FLEX Terrance Ferguson QB Tyler Shough RB Jahmyr Gibbs RB Jaylen Warren TE Mark Andrews WR Jaxon Smith-Njigba WR Davante Adams WR Drake London,,Terrance Ferguson,TE,8.29%,1.9
29,5266110339,sportsfanatic89 (1/20),0,199.4,DST Titans  FLEX Kenneth Walker III QB Tyler Shough RB Jahmyr Gibbs RB Jaylen Warren TE Terrance Ferguson WR Garrett Wilson WR Davante Adams WR Matthew Golden,,Rashod Bateman,WR,8.14%,5.7
29,5266117087,sportsfanatic89 (4/20),0,199.4,DST Titans  FLEX Kenneth Walker III QB Tyler Shough RB Jahmyr Gibbs RB Jaylen Warren TE Terrance Ferguson WR Garrett Wilson WR Davante Adams WR Matthew Golden,,Deebo Samuel Sr.,WR,7.92%,15.4
29,5266117094,sportsfanatic89 (7/20),0,199.4,DST Titans  FLEX Kenneth Walker III QB Tyler Shough RB Jahmyr Gibbs RB Jaylen Warren TE Terrance Ferguson WR Garrett Wilson WR Davante Adams WR Matthew Golden,,Jordan Love,QB,7.82%,22.48
29,5266117098,sportsfanatic89 (10/20),0,199.4,DST Titans  FLEX Kenneth Walker III QB Tyler Shough RB Jahmyr Gibbs RB Jaylen Warren TE Terrance Ferguson WR Garrett Wilson WR Davante Adams WR Matthew Golden,,Ashton Jeanty,RB,7.37%,12.3
29,5266125643,sportsfanatic89 (15/20),0,199.4,DST Titans  FLEX Kenneth Walker III QB Tyler Shough RB Jahmyr Gibbs RB Jaylen Warren TE Terrance Ferguson WR Garrett Wilson WR Davante Adams WR Matthew Golden,,James Cook III,RB,7.23%,23.4
29,5266125646,sportsfanatic89 (18/20),0,199.4,DST Titans  FLEX Kenneth Walker III QB Tyler Shough RB Jahmyr Gibbs RB Jaylen Warren TE Terrance Ferguson WR Garrett Wilson WR Davante Adams WR Matthew Golden,,Bryce Young,QB,7.01%,14.64
29,5266142740,Jc0391 (1/20),0,199.4,DST Titans  FLEX Jaylen Warren QB Tyler Shough RB Jahmyr Gibbs RB Kenneth Walker III TE Terrance Ferguson WR Garrett Wilson WR Davante Adams WR Matthew Golden,,Tetairoa McMillan,WR,6.93%,3.7
29,5266142975,Jc0391 (5/20),0,199.4,DST Titans  FLEX Jaylen Warren QB Tyler Shough RB Jahmyr Gibbs RB Kenneth Walker III TE Terrance Ferguson WR Garrett Wilson WR Davante Adams WR Matthew Golden,,D'Andre Swift,RB,6.85%,10.8
29,5266142979,Jc0391 (8/20),0,199.4,DST Titans  FLEX Jaylen Warren QB Tyler Shough RB Jahmyr Gibbs RB Kenneth Walker III TE Terrance Ferguson WR Garrett Wilson WR Davante Adams WR Matthew Golden,,David Montgomery,RB,6.68%,6.8
29,5266142983,Jc0391 (11/20),0,199.4,DST Titans  FLEX Jaylen Warren QB Tyler Shough RB Jahmyr Gibbs RB Kenneth Walker III TE Terrance Ferguson WR Garrett Wilson WR Davante Adams WR Matthew Golden,,Eagles ,DST,6.59%,0
29,5266148370,Jc0391 (14/20),0,199.4,DST Titans  FLEX Jaylen Warren QB Tyler Shough RB Jahmyr Gibbs RB Kenneth Walker III TE Terrance Ferguson WR Garrett Wilson WR Davante Adams WR Matthew Golden,,CeeDee Lamb,WR,6.48%,23.2
29,5266158120,Jc0391 (17/20),0,199.4,DST Titans  FLEX Jaylen Warren QB Tyler Shough RB Jahmyr Gibbs RB Kenneth Walker III TE Terrance Ferguson WR Garrett Wilson WR Davante Adams WR Matthew Golden,,Chase Brown,RB,6.41%,8.9
29,5266158125,Jc0391 (20/20),0,199.4,DST Titans  FLEX Jaylen Warren QB Tyler Shough RB Jahmyr Gibbs RB Kenneth Walker III TE Terrance Ferguson WR Garrett Wilson WR Davante Adams WR Matthew Golden,,Jaylen Warren,RB,6.38%,23.6
29,5268196382,pipolechap (1/20),0,199.4,DST Titans  FLEX Jaylen Warren QB Tyler Shough RB Jahmyr Gibbs RB Kenneth Walker III TE Terrance Ferguson WR Garrett Wilson WR Davante Adams WR Matthew Golden,,Tre Tucker,WR,6.24%,8.3
29,5268196394,pipolechap (5/20),0,199.4,DST Titans  FLEX Jaylen Warren QB Tyler Shough RB Jahmyr Gibbs RB Kenneth Walker III TE Terrance Ferguson WR Garrett Wilson WR Davante Adams WR Matthew Golden,,DeVonta Smith,WR,6.19%,12.5
29,5268205576,pipolechap (9/20),0,199.4,DST Titans  FLEX Jaylen Warren QB Tyler Shough RB Jahmyr Gibbs RB Kenneth Walker III TE Terrance Ferguson WR Garrett Wilson WR Davante Adams WR Matthew Golden,,Tucker Kraft,TE,6.04%,6.6
29,5268205594,pipolechap (13/20),0,199.4,DST Titans  FLEX Jaylen Warren QB Tyler Shough RB Jahmyr Gibbs RB Kenneth Walker III TE Terrance Ferguson WR Garrett Wilson WR Davante Adams WR Matthew Golden,,Chiefs ,DST,5.87%,8
29,5268205666,pipolechap (17/20),0,199.4,DST Titans  FLEX Jaylen Warren QB Tyler Shough RB Jahmyr Gibbs RB Kenneth Walker III TE Terrance Ferguson WR Garrett Wilson WR Davante Adams WR Matthew Golden,,Brock Purdy,QB,5.84%,31.28
29,5268306757,goner3 (1/20),0,199.4,DST Titans  FLEX Jaylen Warren QB Tyler Shough RB Jahmyr Gibbs RB Kenneth Walker III TE Terrance Ferguson WR Garrett Wilson WR Davante Adams WR Matthew Golden,,TreVeyon Henderson,RB,5.80%,3.9
29,5268306758,goner3 (2/20),0,199.4,DST Titans  FLEX Jaylen Warren QB Tyler Shough RB Jahmyr Gibbs RB Kenneth Walker III TE Terrance Ferguson WR Garrett Wilson WR Davante Adams WR Matthew Golden,,Broncos ,DST,5.77%,14
29,5268306759,goner3 (3/20),0,199.4,DST Titans  FLEX Jaylen Warren QB Tyler Shough RB Jahmyr Gibbs RB Kenneth Walker III TE Terrance Ferguson WR Garrett Wilson WR Davante Adams WR Matthew Golden,,Vikings ,DST,5.50%,17
29,5268306760,goner3 (4/20),0,199.4,DST Titans  FLEX Jaylen Warren QB Tyler Shough RB Jahmyr Gibbs RB Kenneth Walker III TE Terrance Ferguson WR Garrett Wilson WR Davante Adams WR Matthew Golden,,Seahawks ,DST,5.38%,2
29,5268306761,goner3 (5/20),0,199.4,DST Titans  FLEX Jaylen Warren QB Tyler Shough RB Jahmyr Gibbs RB Kenneth Walker III TE Terrance Ferguson WR Garrett Wilson WR Davante Adams WR Matthew Golden,,Ladd McConkey,WR,5.11%,10.6
29,5268306762,goner3 (6/20),0,199.4,DST Titans  FLEX Jaylen Warren QB Tyler Shough RB Jahmyr Gibbs RB Kenneth Walker III TE Terrance Ferguson WR Garrett Wilson WR Davante Adams WR Matthew Golden,,Panthers ,DST,5.01%,4
29,5268306763,goner3 (7/20),0,199.4,DST Titans  FLEX Jaylen Warren QB Tyler Shough RB Jahmyr Gibbs RB Kenneth Walker III TE Terrance Ferguson WR Garrett Wilson WR Davante Adams WR Matthew Golden,,Breece Hall,RB,4.91%,8.5
29,5268306764,goner3 (8/20),0,199.4,DST Titans  FLEX Jaylen Warren QB Tyler Shough RB Jahmyr Gibbs RB Kenneth Walker III TE Terrance Ferguson WR Garrett Wilson WR Davante Adams WR Matthew Golden,,Jonathan Taylor,RB,4.63%,9.2
29,5268306765,goner3 (9/20),0,199.4,DST Titans  FLEX Jaylen Warren QB Tyler Shough RB Jahmyr Gibbs RB Kenneth Walker III TE Terrance Ferguson WR Garrett Wilson WR Davante Adams WR Matthew Golden,,Packers ,DST,4.58%,-2
29,5268306766,goner3 (10/20),0,199.4,DST Titans  FLEX Jaylen Warren QB Tyler Shough RB Jahmyr Gibbs RB Kenneth Walker III TE Terrance Ferguson WR Garrett Wilson WR Davante Adams WR Matthew Golden,,Josh Downs,WR,4.56%,12.7
29,5268306767,goner3 (11/20),0,199.4,DST Titans  FLEX Jaylen Warren QB Tyler Shough RB Jahmyr Gibbs RB Kenneth Walker III TE Terrance Ferguson WR Garrett Wilson WR Davante Adams WR Matthew Golden,,Kyren Williams,RB,4.56%,21.8
29,5268306768,goner3 (12/20),0,199.4,DST Titans  FLEX Jaylen Warren QB Tyler Shough RB Jahmyr Gibbs RB Kenneth Walker III TE Terrance Ferguson WR Garrett Wilson WR Davante Adams WR Matthew Golden,,Christian McCaffrey,RB,4.44%,21.6
29,5268306769,goner3 (13/20),0,199.4,DST Titans  FLEX Jaylen Warren QB Tyler Shough RB Jahmyr Gibbs RB Kenneth Walker III TE Terrance Ferguson WR Garrett Wilson WR Davante Adams WR Matthew Golden,,Sam LaPorta,TE,4.41%,7.4
29,5268306770,goner3 (14/20),0,199.4,DST Titans  FLEX Jaylen Warren QB Tyler Shough RB Jahmyr Gibbs RB Kenneth Walker III TE Terrance Ferguson WR Garrett Wilson WR Davante Adams WR Matthew Golden,,Dalton Schultz,FLEX,4.41%,6
29,5268306771,goner3 (15/20),0,199.4,DST Titans  FLEX Jaylen Warren QB Tyler Shough RB Jahmyr Gibbs RB Kenneth Walker III TE Terrance Ferguson WR Garrett Wilson WR Davante Adams WR Matthew Golden,,Mark Andrews,TE,4.32%,5.4
29,5268306772,goner3 (16/20),0,199.4,DST Titans  FLEX Jaylen Warren QB Tyler Shough RB Jahmyr Gibbs RB Kenneth Walker III TE Terrance Ferguson WR Garrett Wilson WR Davante Adams WR Matthew Golden,,Quinshon Judkins,RB,4.26%,9.9
29,5268306773,goner3 (17/20),0,199.4,DST Titans  FLEX Jaylen Warren QB Tyler Shough RB Jahmyr Gibbs RB Kenneth Walker III TE Terrance Ferguson WR Garrett Wilson WR Davante Adams WR Matthew Golden,,Khalil Shakir,WR,4.21%,1.6
29,5268306774,goner3 (18/20),0,199.4,DST Titans  FLEX Jaylen Warren QB Tyler Shough RB Jahmyr Gibbs RB Kenneth Walker III TE Terrance Ferguson WR Garrett Wilson WR Davante Adams WR Matthew Golden,,Juwan Johnson,TE,4.19%,24.3
29,5268306775,goner3 (19/20),0,199.4,DST Titans  FLEX Jaylen Warren QB Tyler Shough RB Jahmyr Gibbs RB Kenneth Walker III TE Terrance Ferguson WR Garrett Wilson WR Davante Adams WR Matthew Golden,,Lamar Jackson,QB,4.15%,20.44
29,5268306776,goner3 (20/20),0,199.4,DST Titans  FLEX Jaylen Warren QB Tyler Shough RB Jahmyr Gibbs RB Kenneth Walker III TE Terrance Ferguson WR Garrett Wilson WR Davante Adams WR Matthew Golden,,Jalen Hurts,QB,4.02%,13.62
29,5268310248,twindad32 (1/20),0,199.4,DST Titans  FLEX Jaylen Warren QB Tyler Shough RB Jahmyr Gibbs RB Kenneth Walker III TE Terrance Ferguson WR Garrett Wilson WR Davante Adams WR Matthew Golden,,De'Von Achane,RB,3.85%,1.7
29,5268310249,twindad32 (2/20),0,199.4,DST Titans  FLEX Jaylen Warren QB Tyler Shough RB Jahmyr Gibbs RB Kenneth Walker III TE Terrance Ferguson WR Garrett Wilson WR Davante Adams WR Matthew Golden,,Darren Waller,TE,3.84%,10.1
29,5268310250,twindad32 (3/20),0,199.4,DST Titans  FLEX Jaylen Warren QB Tyler Shough RB Jahmyr Gibbs RB Kenneth Walker III TE Terrance Ferguson WR Garrett Wilson WR Davante Adams WR Matthew Golden,,Xavier Worthy,WR,3.80%,4
29,5268310251,twindad32 (4/20),0,199.4,DST Titans  FLEX Jaylen Warren QB Tyler Shough RB Jahmyr Gibbs RB Kenneth Walker III TE Terrance Ferguson WR Garrett Wilson WR Davante Adams WR Matthew Golden,,Joshua Palmer,WR,3.75%,0
29,5268310252,twindad32 (5/20),0,199.4,DST Titans  FLEX Jaylen Warren QB Tyler Shough RB Jahmyr Gibbs RB Kenneth Walker III TE Terrance Ferguson WR Garrett Wilson WR Davante Adams WR Matthew Golden,,Jared Goff,QB,3.58%,19.36
29,5268310253,twindad32 (6/20),0,199.4,DST Titans  FLEX Jaylen Warren QB Tyler Shough RB Jahmyr Gibbs RB Kenneth Walker III TE Terrance Ferguson WR Garrett Wilson WR Davante Adams WR Matthew Golden,,George Kittle,TE,3.55%,26.2
29,5268310254,twindad32 (7/20),0,199.4,DST Titans  FLEX Jaylen Warren QB Tyler Shough RB Jahmyr Gibbs RB Kenneth Walker III TE Terrance Ferguson WR Garrett Wilson WR Davante Adams WR Matthew Golden,,George Pickens,WR,3.47%,15.2
29,5268310255,twindad32 (8/20),0,199.4,DST Titans  FLEX Jaylen Warren QB Tyler Shough RB Jahmyr Gibbs RB Kenneth Walker III TE Terrance Ferguson WR Garrett Wilson WR Davante Adams WR Matthew Golden,,T.J. Hockenson,TE,3.31%,3.1
29,5268310256,twindad32 (9/20),0,199.4,DST Titans  FLEX Jaylen Warren QB Tyler Shough RB Jahmyr Gibbs RB Kenneth Walker III TE Terrance Ferguson WR Garrett Wilson WR Davante Adams WR Matthew Golden,,Travis Kelce,FLEX,3.30%,13.9
29,5268310257,twindad32 (10/20),0,199.4,DST Titans  FLEX Jaylen Warren QB Tyler Shough RB Jahmyr Gibbs RB Kenneth Walker III TE Terrance Ferguson WR Garrett Wilson WR Davante Adams WR Matthew Golden,,Oronde Gadsden II,TE,3.13%,0
29,5268310258,twindad32 (11/20),0,199.4,DST Titans  FLEX Jaylen Warren QB Tyler Shough RB Jahmyr Gibbs RB Kenneth Walker III TE Terrance Ferguson WR Garrett Wilson WR Davante Adams WR Matthew Golden,,Steelers ,DST,3.13%,5
29,5268310259,twindad32 (12/20),0,199.4,DST Titans  FLEX Jaylen Warren QB Tyler Shough RB Jahmyr Gibbs RB Kenneth Walker III TE Terrance Ferguson WR Garrett Wilson WR Davante Adams WR Matthew Golden,,Raiders ,DST,3.08%,12
29,5268310260,twindad32 (13/20),0,199.4,DST Titans  FLEX Jaylen Warren QB Tyler Shough RB Jahmyr Gibbs RB Kenneth Walker III TE Terrance Ferguson WR Garrett Wilson WR Davante Adams WR Matthew Golden,,Geno Smith,QB,3.03%,30.04
29,5268310261,twindad32 (14/20),0,199.4,DST Titans  FLEX Jaylen Warren QB Tyler Shough RB Jahmyr Gibbs RB Kenneth Walker III TE Terrance Ferguson WR Garrett Wilson WR Davante Adams WR Matthew Golden,,Dalton Kincaid,FLEX,3.01%,4.8
29,5268310262,twindad32 (15/20),0,199.4,DST Titans  FLEX Jaylen Warren QB Tyler Shough RB Jahmyr Gibbs RB Kenneth Walker III TE Terrance Ferguson WR Garrett Wilson WR Davante Adams WR Matthew Golden,,Kenneth Walker III,FLEX,2.89%,21.3
29,5268310263,twindad32 (16/20),0,199.4,DST Titans  FLEX Jaylen Warren QB Tyler Shough RB Jahmyr Gibbs RB Kenneth Walker III TE Terrance Ferguson WR Garrett Wilson WR Davante Adams WR Matthew Golden,,Ja'Marr Chase,WR,2.88%,24.8
29,5268310264,twindad32 (17/20),0,199.4,DST Titans  FLEX Jaylen Warren QB Tyler Shough RB Jahmyr Gibbs RB Kenneth Walker III TE Terrance Ferguson WR Garrett Wilson WR Davante Adams WR Matthew Golden,,Bills ,DST,2.84%,5
29,5268310265,twindad32 (18/20),0,199.4,DST Titans  FLEX Jaylen Warren QB Tyler Shough RB Jahmyr Gibbs RB Kenneth Walker III TE Terrance Ferguson WR Garrett Wilson WR Davante Adams WR Matthew Golden,,Ashton Jeanty,FLEX,2.83%,12.3
29,5268310266,twindad32 (19/20),0,199.4,DST Titans  FLEX Jaylen Warren QB Tyler Shough RB Jahmyr Gibbs RB Kenneth Walker III TE Terrance Ferguson WR Garrett Wilson WR Davante Adams WR Matthew Golden,,Trevor Lawrence,QB,2.81%,20.78
29,5268310267,twindad32 (20/20),0,199.4,DST Titans  FLEX Jaylen Warren QB Tyler Shough RB Jahmyr Gibbs RB Kenneth Walker III TE Terrance Ferguson WR Garrett Wilson WR Davante Adams WR Matthew Golden,,Justin Jefferson,WR,2.81%,5.2
87,5266287301,Deathflower74 (13/20),0,199.2,DST Browns  FLEX Jaylen Warren QB Matthew Stafford RB Jahmyr Gibbs RB Kenneth Walker III TE Terrance Ferguson WR Davante Adams WR Drake London WR Matthew Golden,,Michael Penix Jr.,QB,2.78%,15.04
88,5268189388,kreise (4/4),0,199.14,DST Rams  FLEX Drake London QB Geno Smith RB Bijan Robinson RB Chuba Hubbard TE Pat Freiermuth WR Christian Watson WR Garrett Wilson WR Matthew Golden,,Dak Prescott,QB,2.72%,18.94
89,5267642826,webbcv63 (18/20),0,199.06,DST Titans  FLEX Terrance Ferguson QB Tyler Shough RB Jahmyr Gibbs RB Jaylen Warren TE Dalton Schultz WR Jaxon Smith-Njigba WR Christian Watson WR Drake London,,Jets ,DST,2.67%,1
90,5266904086,gmosk (19/20),0,198.44,DST Broncos  FLEX James Cook III QB Geno Smith RB Jahmyr Gibbs RB Ashton Jeanty TE Kenyon Sadiq WR Garrett Wilson WR Deebo Samuel Sr. WR Rashod Bateman,,Jaylen Waddle,WR,2.66%,6.4
91,5267801696,charlesrayallday (4/10),0,198.4,DST Browns  FLEX Jahmyr Gibbs QB Tyler Shough RB Kenneth Walker III RB Jaylen Warren TE Terrance Ferguson WR Garrett Wilson WR Davante Adams WR Matthew Golden,,Kyle Pitts Sr.,TE,2.66%,1.5
92,5266287302,Deathflower74 (14/20),0,198.19998,DST Titans  FLEX Terrance Ferguson QB Tyler Shough RB Jahmyr Gibbs RB James Cook III TE Travis Kelce WR Chris Olave WR Garrett Wilson WR Drake London,,Saquon Barkley,RB,2.64%,9
93,5266357957,bochmeg (2/16),0,197.88,DST Dolphins  FLEX Kaytron Allen QB Case Keenum RB Jahmyr Gibbs RB Bijan Robinson TE Tucker Kraft WR Garrett Wilson WR Drake London WR Matthew Golden,,Cam Skattebo,RB,2.61%,13
94,5266264767,rjorgen,0,197.35999,DST Titans  FLEX Jaxon Smith-Njigba QB Tyler Shough RB Jahmyr Gibbs RB Kenneth Walker III TE Terrance Ferguson WR Drake London WR Matthew Golden WR Dontayvion Wicks,,Stefon Diggs,WR,2.59%,7.3
95,5268350654,bartee8491,0,196.8,DST Broncos  FLEX CeeDee Lamb QB Matthew Stafford RB Chuba Hubbard RB Kyren Williams TE Kenyon Sadiq WR Chris Olave WR Davante Adams WR Matthew Golden,,Kyler Murray,QB,2.57%,11.42
96,5267953594,Dubbzz (4/20),0,196.33998,DST Broncos  FLEX Gunnar Helm QB Patrick Mahomes RB Jahmyr Gibbs RB Bijan Robinson TE Travis Kelce WR Parker Washington WR Drake London WR Matthew Golden,,Rashee Rice,WR,2.44%,15.8
97,5266904136,gmosk (20/20),0,196.24,DST Steelers  FLEX Chris Olave QB Geno Smith RB Jahmyr Gibbs RB James Cook III TE Kenyon Sadiq WR Garrett Wilson WR Parker Washington WR Jaylin Noel,,Jameson Williams,WR,2.42%,8.9
98,5267601745,tbjones2121 (3/20),0,196.2,DST Falcons  FLEX Terrance Ferguson QB Geno Smith RB Jahmyr Gibbs RB Bijan Robinson TE Sam LaPorta WR Jaxon Smith-Njigba WR Garrett Wilson WR Isaiah Williams,,49ers ,DST,2.30%,1
98,5267578348,d00dy (5/20),0,196.19998,DST Titans  FLEX Travis Kelce QB Matthew Stafford RB Jahmyr Gibbs RB Kenneth Walker III TE Terrance Ferguson WR Garrett Wilson WR Davante Adams WR Drake London,,Jahmyr Gibbs,FLEX,2.10%,41.4
100,5267386174,Hlb640 (7/20),0,195.99998,DST Chiefs  FLEX Chuba Hubbard QB Tyler Shough RB Bijan Robinson RB Kenneth Walker III TE Juwan Johnson WR Drake London WR Matthew Golden WR Devaughn Vele,,Isaiah Likely,TE,2.09%,3.3
101,5267036004,younggodaka (20/20),0,195.85999,DST Chargers  FLEX Christian Watson QB Tyler Shough RB Javonte Williams RB Jaylen Warren TE Travis Kelce WR Jaxon Smith-Njigba WR Drake London WR Devaughn Vele,,Derrick Henry,FLEX,2.04%,21.9
102,5267578347,d00dy (4/20),0,195.68,DST Titans  FLEX Kenneth Walker III QB Jordan Love RB Jahmyr Gibbs RB Jaylen Warren TE Terrance Ferguson WR Christian Watson WR Drake London WR Matthew Golden,,Jaguars ,DST,2.02%,16
102,5267583194,Sofisa1314,0,195.68,DST Titans  FLEX Jaylen Warren QB Jordan Love RB Jahmyr Gibbs RB Kenneth Walker III TE Terrance Ferguson WR Christian Watson WR Drake London WR Matthew Golden,,Patriots ,DST,1.95%,-1
104,5267955224,clags22 (18/20),0,195.59999,DST Buccaneers  FLEX Davante Adams QB Matthew Stafford RB Jahmyr Gibbs RB Jaylen Warren TE Terrance Ferguson WR Garrett Wilson WR Parker Washington WR Drake London,,Matthew Stafford,QB,1.95%,25.9
105,5267466211,mld2010 (12/20),0,195.57999,DST Falcons  FLEX Juwan Johnson QB Trevor Lawrence RB Jahmyr Gibbs RB Kenneth Walker III TE Brenton Strange WR Ja'Marr Chase WR Drake London WR Jakobi Meyers,,Davante Adams,FLEX,1.92%,23.7
106,5267642809,webbcv63 (1/20),0,195.45999,DST Seahawks  FLEX Terrance Ferguson QB Tyler Shough RB Jahmyr Gibbs RB Jaylen Warren TE Dalton Schultz WR Jaxon Smith-Njigba WR Drake London WR Matthew Golden,,Blake Corum,RB,1.90%,3.5
107,5267642821,webbcv63 (13/20),0,195.26,DST Browns  FLEX Josh Oliver QB Tyler Shough RB Jahmyr Gibbs RB Kenneth Walker III TE Dalton Schultz WR Jaxon Smith-Njigba WR Drake London WR Matthew Golden,,Dontayvion Wicks,FLEX,1.88%,5.2
108,5268477123,matthews137 (6/6),0,195.09999,DST Buccaneers  FLEX Devaughn Vele QB Tyler Shough RB Bijan Robinson RB James Cook III TE Juwan Johnson WR Chris Olave WR Davante Adams WR Matthew Golden,,Trey McBride,TE,1.83%,16.5
109,5266483157,AARGH13 (3/20),0,194.92,DST Lions  FLEX Quentin Johnston QB Sam Darnold RB Jahmyr Gibbs RB Chuba Hubbard TE Juwan Johnson WR Jaxon Smith-Njigba WR Matthew Golden WR Dontayvion Wicks,,Emeka Egbuka,WR,1.80%,11.2
110,5267642828,webbcv63 (20/20),0,194.56,DST Titans  FLEX Kenneth Walker III QB Tyler Shough RB Jahmyr Gibbs RB Samaje Perine TE Terrance Ferguson WR Jaxon Smith-Njigba WR Drake London WR Matthew Golden,,Xavier Hutchinson,WR,1.78%,8.5
111,5266214420,tlynch0 (10/20),0,194.47998,DST Titans  FLEX Terrance Ferguson QB Jordan Love RB Jahmyr Gibbs RB Bijan Robinson TE Mark Andrews WR Christian Watson WR Drake London WR Matthew Golden,,Malik Washington,WR,1.78%,11.1
112,5267693199,LetEmKnow (19/20),0,194.27998,DST Giants  FLEX Devaughn Vele QB Jordan Love RB Jahmyr Gibbs RB Jaylen Warren TE Travis Kelce WR Christian Watson WR Drake London WR Matthew Golden,,Deshaun Watson,QB,1.78%,20.26
113,5268384530,Noah393 (1/4),0,194.07999,DST Broncos  FLEX Chuba Hubbard QB Jordan Love RB Jahmyr Gibbs RB Kenneth Walker III TE Terrance Ferguson WR Christian Watson WR Drake London WR Matthew Golden,,Juwan Johnson,FLEX,1.78%,24.3
114,5266993008,grantsmoore,0,193.7,DST Broncos  FLEX Terrance Ferguson QB Tyler Shough RB Jahmyr Gibbs RB Ashton Jeanty TE Juwan Johnson WR Amon-Ra St. Brown WR Garrett Wilson WR Drake London,,Javonte Williams,RB,1.75%,18.3
115,5267507682,stock2mail (6/20),0,193.54,DST Titans  FLEX George Kittle QB Brock Purdy RB James Cook III RB Jeremiyah Love TE Dalton Schultz WR Jaxon Smith-Njigba WR Deebo Samuel Sr. WR Matthew Golden,,Kenyon Sadiq,TE,1.75%,26.5
115,5267507688,stock2mail (12/20),0,193.54,DST Titans  FLEX George Kittle QB Brock Purdy RB James Cook III RB Jeremiyah Love TE Dalton Schultz WR Jaxon Smith-Njigba WR Deebo Samuel Sr. WR Matthew Golden,,Chuba Hubbard,FLEX,1.75%,15
115,5268020080,jeffro83 (2/5),0,193.54,DST Titans  FLEX Jaylen Warren QB Geno Smith RB Christian McCaffrey RB Derrick Henry TE Kenyon Sadiq WR Christian Watson WR Drake London WR Jameson Williams,,Kalif Raymond,WR,1.75%,21
118,5268502426,troubledsoe (1/15),0,193.37999,DST Eagles  FLEX Terrance Ferguson QB Jordan Love RB Jahmyr Gibbs RB James Cook III TE George Kittle WR Christian Watson WR Drake London WR Matthew Golden,,Jaylen Warren,FLEX,1.73%,23.6
119,5267045951,heyyouca (9/20),0,193.15999,DST Titans  FLEX Jaxon Smith-Njigba QB Tyler Shough RB Jahmyr Gibbs RB Jaylen Warren TE Terrance Ferguson WR Chris Olave WR Drake London WR Bryce Lance,,Jeremiyah Love,RB,1.72%,21.9
120,5268170609,samirnj (14/20),0,192.79999,DST Colts  FLEX Juwan Johnson QB Tyler Shough RB Jahmyr Gibbs RB Aaron Jones Sr. TE Mark Andrews WR Chris Olave WR Christian Watson WR Drake London,,Omarion Hampton,RB,1.72%,5.6
121,5267700054,Boxerdad (3/4),0,192.47998,DST Broncos  FLEX Mark Andrews QB Brock Purdy RB Jahmyr Gibbs RB Jeremiyah Love TE Travis Kelce WR Christian Watson WR Ladd McConkey WR Drake London,,C.J. Stroud,QB,1.72%,11.68
122,5267801663,charlesrayallday (1/10),0,192.45999,DST Jets  FLEX Dalton Schultz QB Tyler Shough RB Jahmyr Gibbs RB Jaylen Warren TE Terrance Ferguson WR Jaxon Smith-Njigba WR Garrett Wilson WR Davante Adams,,Aaron Jones Sr.,RB,1.70%,14.2
123,5267805944,charlesrayallday (6/10),0,192.29999,DST Vikings  FLEX Jahmyr Gibbs QB Tyler Shough RB Kenneth Walker III RB Jaylen Warren TE Terrance Ferguson WR Garrett Wilson WR Davante Adams WR Devaughn Vele,,KC Concepcion Jr.,WR,1.61%,2.9
124,5267614653,TwitterQueen (5/20),0,192.28,DST Titans  FLEX Chris Olave QB Jordan Love RB Bijan Robinson RB Jaylen Warren TE Terrance Ferguson WR Christian Watson WR Garrett Wilson WR Matthew Golden,,MarShawn Lloyd,RB,1.61%,3.8
125,5267661682,Satch65 (13/20),0,191.81998,DST Titans  FLEX Davante Adams QB Kyler Murray RB Jahmyr Gibbs RB Kenneth Walker III TE Terrance Ferguson WR Garrett Wilson WR Drake London WR Matthew Golden,,Pat Freiermuth,TE,1.60%,5.1
126,5267601760,tbjones2121 (18/20),0,191.40001,DST Vikings  FLEX Davante Adams QB Tyler Shough RB Cam Skattebo RB Jaylen Warren TE Juwan Johnson WR Chris Olave WR Garrett Wilson WR Ladd McConkey,,DK Metcalf,WR,1.58%,12.1
127,5267410486,Sammy.Boy (12/20),0,191.17998,DST Steelers  FLEX Terrance Ferguson QB Brock Purdy RB Jahmyr Gibbs RB Jaylen Warren TE George Kittle WR Chris Olave WR Davante Adams WR Deebo Samuel Sr.,,Bhayshul Tuten,RB,1.58%,17
128,5266287292,Deathflower74 (4/20),0,190.99998,DST Giants  FLEX Jaylen Warren QB Tyler Shough RB Jahmyr Gibbs RB Kenneth Walker III TE Terrance Ferguson WR Garrett Wilson WR Drake London WR Devaughn Vele,,Isaiah Williams,WR,1.55%,3.1
129,5267666637,Stree (5/20),0,190.89998,DST Panthers  FLEX Davante Adams QB Tyler Shough RB Jahmyr Gibbs RB Chuba Hubbard TE Terrance Ferguson WR Chris Olave WR Drake London WR Matthew Golden,,Sam LaPorta,FLEX,1.53%,7.4
130,5266331842,booradley5 (14/20),0,190.79999,DST Commanders  FLEX George Kittle QB Jacoby Brissett RB Bijan Robinson RB Jaylen Warren TE Sam LaPorta WR Mike Evans WR Christian Watson WR Davante Adams,,Devaughn Vele,FLEX,1.50%,6.9
131,5268315020,memarrin1 (4/5),0,190.54,DST Vikings  FLEX Kenneth Walker III QB Michael Penix Jr. RB Bijan Robinson RB Ashton Jeanty TE Juwan Johnson WR Drake London WR Matthew Golden WR Devaughn Vele,,Mark Andrews,FLEX,1.48%,5.4
132,5267718821,Sajohnson98 (2/20),0,190.48,DST Raiders  FLEX Garrett Wilson QB Case Keenum RB Christian McCaffrey RB Jaylen Warren TE Terrance Ferguson WR CeeDee Lamb WR Christian Watson WR Drake London,,Buccaneers ,DST,1.48%,5
133,5266617689,Damadbowler (11/20),0,190.46,DST Broncos  FLEX Chuba Hubbard QB Deshaun Watson RB Bijan Robinson RB Kenneth Walker III TE Harold Fannin Jr. WR Christian Watson WR Garrett Wilson WR Dontayvion Wicks,,Adonai Mitchell,WR,1.48%,0
133,5267326443,smoothcriminal (1/2),0,190.45999,DST Bengals  FLEX Dalton Schultz QB Tyler Shough RB Jahmyr Gibbs RB Emmett Johnson TE Kenyon Sadiq WR Jaxon Smith-Njigba WR Chris Olave WR Matthew Golden,,Jameis Winston,QB,1.46%,6.12
135,5267130688,zavala99z (2/12),0,190.32,DST Bills  FLEX Jaxon Smith-Njigba QB Deshaun Watson RB Bijan Robinson RB Kyren Williams TE Travis Kelce WR Christian Watson WR Matthew Golden WR Skyy Moore,,Tee Higgins,WR,1.46%,21
136,5266822130,Paultruism34 (20/20),0,190.28,DST Raiders  FLEX Bhayshul Tuten QB Jordan Love RB Jahmyr Gibbs RB Ashton Jeanty TE George Kittle WR Garrett Wilson WR Matthew Golden WR Dontayvion Wicks,,Colts ,DST,1.45%,4
137,5266204467,dreamteam77s (2/4),0,190.07999,DST Vikings  FLEX Amon-Ra St. Brown QB Brock Purdy RB D'Andre Swift RB Kyren Williams TE Michael Mayer WR Garrett Wilson WR Drake London WR Matthew Golden,,Denzel Boston,FLEX,1.43%,8.1
138,5266459378,mello610 (14/20),0,190.06,DST Panthers  FLEX Dontayvion Wicks QB Jacoby Brissett RB Jahmyr Gibbs RB Kenneth Walker III TE Juwan Johnson WR Jaxon Smith-Njigba WR Michael Wilson WR Xavier Worthy,,James Cook III,FLEX,1.41%,23.4
139,5267362419,FlameThrower4 (16/20),0,190,DST Saints  FLEX George Kittle QB Jacoby Brissett RB Jahmyr Gibbs RB Derrick Henry TE Kenyon Sadiq WR Amon-Ra St. Brown WR Michael Wilson WR Isaac TeSlaa,,George Kittle,FLEX,1.40%,26.2
140,5267375820,jrevelle3 (20/20),0,189.89998,DST Falcons  FLEX Mark Andrews QB Tyler Shough RB Bijan Robinson RB Jaylen Warren TE Dalton Schultz WR Chris Olave WR Garrett Wilson WR Drake London,,Jaxon Smith-Njigba,FLEX,1.40%,38.36
141,5267536227,smithbrandon7 (12/20),0,189.73999,DST Titans  FLEX Terrance Ferguson QB Geno Smith RB Jahmyr Gibbs RB Bijan Robinson TE Travis Kelce WR Garrett Wilson WR Davante Adams WR Jalen Coker,,Quentin Johnston,WR,1.38%,7
142,5267759411,rsumrall (8/20),0,189.68,DST Titans  FLEX Dontayvion Wicks QB Jordan Love RB Jahmyr Gibbs RB James Cook III TE Travis Kelce WR Christian Watson WR Garrett Wilson WR Matthew Golden,,Bucky Irving,RB,1.38%,7.8
143,5266312294,ttalan (3/10),0,189.6,DST Broncos  FLEX Cade Otton QB Patrick Mahomes RB Jahmyr Gibbs RB Kenneth Walker III TE Travis Kelce WR Jaxon Smith-Njigba WR Matthew Golden WR Malik Washington,,Browns ,DST,1.38%,6
143,5267059973,gr8estvolfan,0,189.6,DST Broncos  FLEX Cade Otton QB Patrick Mahomes RB Jahmyr Gibbs RB Kenneth Walker III TE Travis Kelce WR Jaxon Smith-Njigba WR Matthew Golden WR Malik Washington,,T.J. Hockenson,FLEX,1.38%,3.1
145,5267948708,cedg42 (2/4),0,189.5,DST Raiders  FLEX T.J. Hockenson QB Michael Penix Jr. RB Bijan Robinson RB Kenneth Walker III TE Dalton Schultz WR Jaxon Smith-Njigba WR Drake London WR Matthew Golden,,Chase Brown,FLEX,1.36%,8.9
146,5268335594,SUNSET76 (3/3),0,189.3,DST Broncos  FLEX Terrance Ferguson QB Geno Smith RB Derrick Henry RB Chuba Hubbard TE Kenyon Sadiq WR Jaxon Smith-Njigba WR Amon-Ra St. Brown WR Garrett Wilson,,Justin Herbert,QB,1.35%,13.74
147,5267466210,mld2010 (11/20),0,189.27998,DST Colts  FLEX Mark Andrews QB Brock Purdy RB Jahmyr Gibbs RB James Cook III TE George Kittle WR Garrett Wilson WR Davante Adams WR Tyquan Thornton,,Chris Olave,FLEX,1.33%,22.7
148,5268537006,BigDogs85 (7/11),0,189.22,DST Broncos  FLEX Xavier Hutchinson QB Sam Darnold RB Bijan Robinson RB Quinshon Judkins TE AJ Barner WR Jaxon Smith-Njigba WR Christian Watson WR Parker Washington,,Dolphins ,DST,1.26%,2
149,5267955210,clags22 (4/20),0,188.98,DST Browns  FLEX Christian McCaffrey QB Brock Purdy RB Kenneth Walker III RB Jaylen Warren TE Harold Fannin Jr. WR Drake London WR Matthew Golden WR Rashod Bateman,,Falcons ,DST,1.24%,6
150,5267536233,smithbrandon7 (18/20),0,188.76,DST Steelers  FLEX Terrance Ferguson QB Tyler Shough RB Jahmyr Gibbs RB Jaylen Warren TE Juwan Johnson WR Jaxon Smith-Njigba WR Davante Adams WR Tetairoa McMillan,,DJ Moore,WR,1.23%,12.7
151,5266694252,fspencesr (4/4),0,188.69998,DST Vikings  FLEX James Cook III QB Matthew Stafford RB Kenneth Walker III RB Kyren Williams TE Terrance Ferguson WR Garrett Wilson WR Davante Adams WR Matthew Golden,,Kyren Williams,FLEX,1.23%,21.8
152,5267578345,d00dy (2/20),0,188.68,DST Titans  FLEX Jaylen Warren QB Trevor Lawrence RB Jahmyr Gibbs RB Kenneth Walker III TE Brenton Strange WR Parker Washington WR Drake London WR Matthew Golden,,Courtland Sutton,WR,1.16%,7.6
153,5268116903,takers031491 (3/3),0,188.59999,DST Bills  FLEX Garrett Wilson QB Tyler Shough RB Bijan Robinson RB Kenneth Walker III TE Jake Ferguson WR Drake London WR Matthew Golden WR Brian Thomas Jr.,,Kyle Monangai,RB,1.14%,3.1
154,5266674578,bigbucks099 (4/8),0,188.54,DST Broncos  FLEX Jahmyr Gibbs QB Lamar Jackson RB Bijan Robinson RB Derrick Henry TE AJ Barner WR Dontayvion Wicks WR Pat Bryant WR Kalif Raymond,,Jake Ferguson,TE,1.14%,10.3
155,5268292417,FANTASYGHOST-1 (4/20),0,188.5,DST Titans  FLEX Trey McBride QB Tyler Shough RB Jahmyr Gibbs RB Bijan Robinson TE Tucker Kraft WR Matthew Golden WR Devaughn Vele WR Kalif Raymond,,Christian Watson,FLEX,1.14%,22.6
155,5268421232,FANTASYGHOST-1 (14/20),0,188.5,DST Titans  FLEX Trey McBride QB Tyler Shough RB Jahmyr Gibbs RB Bijan Robinson TE Tucker Kraft WR Matthew Golden WR Devaughn Vele WR Kalif Raymond,,David Montgomery,FLEX,1.13%,6.8
157,5266588109,Takemehome1978 (1/2),0,188.4,DST Falcons  FLEX AJ Barner QB Michael Penix Jr. RB Bijan Robinson RB Derrick Henry TE Kyle Pitts Sr. WR Jaxon Smith-Njigba WR Drake London WR Matthew Golden,,Christian McCaffrey,FLEX,1.13%,21.6
158,5268561660,m0neymykah (11/20),0,188.37999,DST Titans  FLEX Josh Downs QB Trevor Lawrence RB Bijan Robinson RB Chuba Hubbard TE George Kittle WR Parker Washington WR Drake London WR Matthew Golden,,Hunter Henry,TE,1.11%,1.5
159,5267937854,rmouch8914 (2/8),0,188.16,DST Broncos  FLEX T.J. Hockenson QB Tyler Shough RB Jahmyr Gibbs RB Kenneth Walker III TE Brenton Strange WR Jaxon Smith-Njigba WR Parker Washington WR Matthew Golden,,Tyler Warren,TE,1.09%,14.7
160,5267341193,BigTRFE (4/4),0,188.09998,DST Eagles  FLEX Travis Kelce QB Tyler Shough RB Jahmyr Gibbs RB Bijan Robinson TE Mark Andrews WR Drake London WR Matthew Golden WR Devaughn Vele,,Chris Godwin Jr.,WR,1.08%,5.5
161,5267466219,mld2010 (20/20),0,187.90001,DST Raiders  FLEX Davante Adams QB Matthew Stafford RB Jahmyr Gibbs RB Jaylen Warren TE Terrance Ferguson WR CeeDee Lamb WR Christian Watson WR Tre' Harris,,Giants ,DST,1.08%,8
162,5267536226,smithbrandon7 (11/20),0,187.79999,DST Panthers  FLEX Davante Adams QB Tyler Shough RB Bijan Robinson RB Chuba Hubbard TE Terrance Ferguson WR Chris Olave WR Drake London WR Matthew Golden,,Romeo Doubs,WR,1.08%,7.9
163,5266657364,thembirds (1/2),0,187.78,DST Bengals  FLEX George Kittle QB Brock Purdy RB Kenneth Walker III RB Ashton Jeanty TE Juwan Johnson WR Christian Watson WR Drake London WR Deebo Samuel Sr.,,Trey McBride,FLEX,1.06%,16.5
164,5267806019,alexvansoelen (6/20),0,187.76001,DST Broncos  FLEX Denzel Boston QB Deshaun Watson RB Jahmyr Gibbs RB Chuba Hubbard TE T.J. Hockenson WR Ja'Marr Chase WR Garrett Wilson WR Drake London,,D'Andre Swift,FLEX,1.06%,10.8
165,5267579164,mustangs2015 (5/20),0,187.73997,DST Browns  FLEX Mark Andrews QB Patrick Mahomes RB Jahmyr Gibbs RB Bijan Robinson TE Travis Kelce WR Drake London WR Michael Wilson WR Xavier Hutchinson,,Bears ,DST,1.06%,12
166,5268542011,JcClark18 (15/20),0,187.7,DST Raiders  FLEX CeeDee Lamb QB Matthew Stafford RB James Cook III RB Jaylen Warren TE Terrance Ferguson WR Christian Watson WR Davante Adams WR Drake London,,Brian Thomas Jr.,WR,1.04%,1.8
167,5267708999,deez516 (9/20),0,187.6,DST Eagles  FLEX Juwan Johnson QB Tyler Shough RB Jahmyr Gibbs RB Kyren Williams TE Dalton Schultz WR Amon-Ra St. Brown WR Drake London WR Matthew Golden,,Texans ,DST,1.04%,11
168,5266315704,paintgirl (13/20),0,187.48,DST Panthers  FLEX Terrance Ferguson QB Jordan Love RB Jahmyr Gibbs RB Bijan Robinson TE T.J. Hockenson WR Christian Watson WR Garrett Wilson WR Matthew Golden,,Drew Lock,QB,1.03%,0
169,5268431166,GmonyDS (8/10),0,187.29999,DST Titans  FLEX Oronde Gadsden II QB Tyler Shough RB Jahmyr Gibbs RB Kenneth Walker III TE Dalton Schultz WR Garrett Wilson WR Davante Adams WR Drake London,,Jalen Coker,FLEX,1.03%,3.8
170,5266818653,Pbjsteelerz2012 (3/4),0,187.24,DST Jaguars  FLEX Dalton Schultz QB Jordan Love RB Kenneth Walker III RB Chase Brown TE Kenyon Sadiq WR Jaxon Smith-Njigba WR Davante Adams WR Matthew Golden,,Michael Wilson,WR,1.03%,25.9
170,5266331831,booradley5 (3/20),0,187.23999,DST Browns  FLEX Davante Adams QB Geno Smith RB Jahmyr Gibbs RB Bijan Robinson TE Travis Kelce WR Garrett Wilson WR Adonai Mitchell WR Ryan Flournoy,,Alvin Kamara,RB,1.03%,5.1
172,5268004728,Deftones5678 (3/3),0,187.18,DST Titans  FLEX Jahmyr Gibbs QB Brock Purdy RB Christian McCaffrey RB Jaylen Warren TE George Kittle WR Matthew Golden WR Devaughn Vele WR Dontayvion Wicks,,Kirk Cousins,QB,1.01%,22.22
173,5267638347,nMx.com,0,187.06,DST Vikings  FLEX Juwan Johnson QB Tyler Shough RB Bijan Robinson RB Kenneth Walker III TE Dalton Schultz WR Jaxon Smith-Njigba WR Denzel Boston WR Devaughn Vele,,Malik Nabers,WR,1.01%,7.6
174,5268098097,DomingoSalvajeS (2/20),0,187.03998,DST Titans  FLEX Terrance Ferguson QB Geno Smith RB Jahmyr Gibbs RB Chuba Hubbard TE Sam LaPorta WR CeeDee Lamb WR Garrett Wilson WR Drake London,,Joe Burrow,QB,0.99%,23.58
175,5267173762,skbirving (4/5),0,186.98,DST Titans  FLEX Dalton Schultz QB Jordan Love RB Bijan Robinson RB Kenneth Walker III TE Travis Kelce WR Christian Watson WR Drake London WR Matthew Golden,,Saquon Barkley,FLEX,0.98%,9
176,5267488097,gdollars (3/4),0,186.9,DST Vikings  FLEX Devaughn Vele QB Tyler Shough RB Bijan Robinson RB Derrick Henry TE Kenyon Sadiq WR Chris Olave WR Christian Watson WR Tyquan Thornton,,Rams ,DST,0.96%,3
177,5267507681,stock2mail (5/20),0,186.84,DST Titans  FLEX Terrance Ferguson QB Brock Purdy RB Jahmyr Gibbs RB Chuba Hubbard TE Pat Freiermuth WR Jaxon Smith-Njigba WR Drake London WR Deebo Samuel Sr.,,Matthew Golden,FLEX,0.96%,24
178,5267817712,SpeedRacer101 (15/20),0,186.77998,DST Titans  FLEX Davante Adams QB Jordan Love RB Jahmyr Gibbs RB Ashton Jeanty TE Terrance Ferguson WR Christian Watson WR Drake London WR Matthew Golden,,Mike Evans,WR,0.96%,12.4
179,5266287291,Deathflower74 (3/20),0,186.69998,DST Bills  FLEX Terrance Ferguson QB Tyler Shough RB Jahmyr Gibbs RB Kenneth Walker III TE Travis Kelce WR Chris Olave WR Garrett Wilson WR Matthew Golden,,Tucker Kraft,FLEX,0.93%,6.6
180,5267817709,SpeedRacer101 (12/20),0,186.65999,DST Titans  FLEX Terrance Ferguson QB Deshaun Watson RB Jahmyr Gibbs RB Jaylen Warren TE Trey McBride WR Christian Watson WR Garrett Wilson WR Davante Adams,,Amon-Ra St. Brown,FLEX,0.91%,11.9
181,5266514184,JPLosman0711 (16/20),0,186.24,DST Colts  FLEX Juwan Johnson QB Trevor Lawrence RB Jahmyr Gibbs RB Bhayshul Tuten TE Hunter Henry WR Jaxon Smith-Njigba WR Parker Washington WR Michael Wilson,,Zay Flowers,WR,0.91%,15.4
182,5266760374,dpchaps,0,185.78001,DST Vikings  FLEX Chase Brown QB Jordan Love RB Kenneth Walker III RB James Cook III TE Juwan Johnson WR Parker Washington WR Drake London WR Matthew Golden,,Quinshon Judkins,FLEX,0.89%,9.9
183,5268561661,m0neymykah (12/20),0,185.7,DST Titans  FLEX Dontayvion Wicks QB Tyler Shough RB Jahmyr Gibbs RB Kenneth Walker III TE Juwan Johnson WR Chris Olave WR Parker Washington WR Matthew Golden,,DeVonta Smith,FLEX,0.89%,12.5
184,5266109643,bebeallan (1/2),0,185.42001,DST Commanders  FLEX Juwan Johnson QB Josh Allen RB Jahmyr Gibbs RB Christian McCaffrey TE T.J. Hockenson WR Jaxon Smith-Njigba WR Kalif Raymond WR Tyquan Thornton,,Luther Burden III,WR,0.89%,19.8
185,5267817711,SpeedRacer101 (14/20),0,185.4,DST Falcons  FLEX Dalton Schultz QB Tyler Shough RB Jahmyr Gibbs RB Christian McCaffrey TE Brenton Strange WR Garrett Wilson WR Davante Adams WR Matthew Golden,,Keenan Allen,WR,0.89%,18.3
185,5267225699,Stree (1/20),0,185.39998,DST Titans  FLEX Terrance Ferguson QB Tyler Shough RB Jahmyr Gibbs RB Jaylen Warren TE Sam LaPorta WR CeeDee Lamb WR Chris Olave WR Drake London,,Tre Tucker,FLEX,0.87%,8.3
185,5267806024,alexvansoelen (11/20),0,185.39998,DST Titans  FLEX Derrick Henry QB Jacoby Brissett RB Jahmyr Gibbs RB Kenneth Walker III TE Terrance Ferguson WR Garrett Wilson WR Drake London WR Dontayvion Wicks,,Emmett Johnson,RB,0.87%,1.7
188,5267671150,bledsoe2002 (2/2),0,185.3,DST Titans  FLEX Jahmyr Gibbs QB Tyler Shough RB Kenneth Walker III RB Jaylen Warren TE Dalton Schultz WR Drake London WR Jalen Coker WR Matthew Golden,,Breece Hall,FLEX,0.84%,8.5
189,5267177354,ShortSnapper,0,185.2,DST Bills  FLEX Juwan Johnson QB Patrick Mahomes RB Jahmyr Gibbs RB Kenneth Walker III TE Travis Kelce WR Jaxon Smith-Njigba WR Matthew Golden WR Bryce Lance,,TreVeyon Henderson,FLEX,0.84%,3.9
190,5267584013,rajonrondough (1/10),0,185.15999,DST Titans  FLEX Terrance Ferguson QB Josh Allen RB Jahmyr Gibbs RB Jaylen Warren TE Dalton Schultz WR Garrett Wilson WR Davante Adams WR Drake London,,Rhamondre Stevenson,RB,0.84%,6.8
190,5267584014,rajonrondough (2/10),0,185.15999,DST Titans  FLEX Terrance Ferguson QB Josh Allen RB Jahmyr Gibbs RB Jaylen Warren TE Dalton Schultz WR Garrett Wilson WR Davante Adams WR Drake London,,Evan Engram,TE,0.82%,0
190,5267584015,rajonrondough (3/10),0,185.15999,DST Titans  FLEX Terrance Ferguson QB Josh Allen RB Jahmyr Gibbs RB Jaylen Warren TE Dalton Schultz WR Garrett Wilson WR Davante Adams WR Drake London,,Brenton Strange,TE,0.81%,6.2
190,5267584016,rajonrondough (4/10),0,185.15999,DST Titans  FLEX Terrance Ferguson QB Josh Allen RB Jahmyr Gibbs RB Jaylen Warren TE Dalton Schultz WR Garrett Wilson WR Davante Adams WR Drake London,,Tyquan Thornton,WR,0.81%,4.2
190,5267584017,rajonrondough (5/10),0,185.15999,DST Titans  FLEX Terrance Ferguson QB Josh Allen RB Jahmyr Gibbs RB Jaylen Warren TE Dalton Schultz WR Garrett Wilson WR Davante Adams WR Drake London,,Ryan Flournoy,WR,0.81%,4.2
190,5267584018,rajonrondough (6/10),0,185.15999,DST Titans  FLEX Terrance Ferguson QB Josh Allen RB Jahmyr Gibbs RB Jaylen Warren TE Dalton Schultz WR Garrett Wilson WR Davante Adams WR Drake London,,Deebo Samuel Sr.,FLEX,0.79%,15.4
190,5267584019,rajonrondough (7/10),0,185.15999,DST Titans  FLEX Terrance Ferguson QB Josh Allen RB Jahmyr Gibbs RB Jaylen Warren TE Dalton Schultz WR Garrett Wilson WR Davante Adams WR Drake London,,Jadarian Price,RB,0.79%,2.2
190,5267584020,rajonrondough (8/10),0,185.15999,DST Titans  FLEX Terrance Ferguson QB Josh Allen RB Jahmyr Gibbs RB Jaylen Warren TE Dalton Schultz WR Garrett Wilson WR Davante Adams WR Drake London,,Sam Darnold,QB,0.77%,32.66
190,5267584021,rajonrondough (9/10),0,185.15999,DST Titans  FLEX Terrance Ferguson QB Josh Allen RB Jahmyr Gibbs RB Jaylen Warren TE Dalton Schultz WR Garrett Wilson WR Davante Adams WR Drake London,,CeeDee Lamb,FLEX,0.77%,23.2
190,5267584022,rajonrondough (10/10),0,185.15999,DST Titans  FLEX Terrance Ferguson QB Josh Allen RB Jahmyr Gibbs RB Jaylen Warren TE Dalton Schultz WR Garrett Wilson WR Davante Adams WR Drake London,,Josh Downs,FLEX,0.76%,12.7
190,5267801342,Cvhd (4/4),0,185.15999,DST Vikings  FLEX Kalif Raymond QB Josh Allen RB Jahmyr Gibbs RB Kenneth Walker III TE George Kittle WR Matthew Golden WR Rashod Bateman WR Denzel Boston,,Commanders ,DST,0.74%,11
201,5268550852,Laelhi (1/2),0,184.98,DST Raiders  FLEX Drake London QB Jordan Love RB Bijan Robinson RB Kenneth Walker III TE Dalton Schultz WR Christian Watson WR Matthew Golden WR Devaughn Vele,,Oronde Gadsden II,FLEX,0.74%,0
202,5266139761,sketchypants (4/5),0,184.88,DST Broncos  FLEX Tre Tucker QB Jameis Winston RB Jahmyr Gibbs RB Kenneth Walker III TE Evan Engram WR Jaxon Smith-Njigba WR Drake London WR Matthew Golden,,Parker Washington,FLEX,0.72%,13
203,5267792030,MaxTheMin (16/20),0,184.84,DST Browns  FLEX Terrance Ferguson QB Geno Smith RB Jahmyr Gibbs RB James Cook III TE Dalton Schultz WR Chris Olave WR Garrett Wilson WR Davante Adams,,Colston Loveland,TE,0.71%,7.1
204,5268483714,Do11aBi11 (1/5),0,184.78,DST Titans  FLEX Tony Pollard QB Jordan Love RB Bijan Robinson RB Kenneth Walker III TE Kenyon Sadiq WR Christian Watson WR Drake London WR Khalil Shakir,,Pat Freiermuth,FLEX,0.71%,5.1
205,5266617692,Damadbowler (14/20),0,184.69998,DST Broncos  FLEX Kenyon Sadiq QB Geno Smith RB Christian McCaffrey RB De'Von Achane TE Sam LaPorta WR Jaxon Smith-Njigba WR Garrett Wilson WR Deebo Samuel Sr.,,Rashod Bateman,FLEX,0.71%,5.7
206,5267430754,cardshow,0,184.57999,DST Vikings  FLEX Kyren Williams QB Jameis Winston RB Jahmyr Gibbs RB Kenneth Walker III TE Kenyon Sadiq WR Jaxon Smith-Njigba WR Devaughn Vele WR Dontayvion Wicks,,Kayshon Boutte,WR,0.69%,4.1
207,5267614664,TwitterQueen (16/20),0,184.45998,DST Titans  FLEX Terrance Ferguson QB Jared Goff RB Jahmyr Gibbs RB Bijan Robinson TE Travis Kelce WR Garrett Wilson WR Jameson Williams WR Matthew Golden,,Lions ,DST,0.69%,7
208,5268196383,pipolechap (2/20),0,184.33998,DST Bears  FLEX Terrance Ferguson QB Patrick Mahomes RB Jahmyr Gibbs RB Kenneth Walker III TE Dalton Schultz WR Garrett Wilson WR Davante Adams WR Drake London,,Bo Nix,QB,0.69%,25.14
208,5268196395,pipolechap (6/20),0,184.33998,DST Bears  FLEX Terrance Ferguson QB Patrick Mahomes RB Jahmyr Gibbs RB Kenneth Walker III TE Dalton Schultz WR Garrett Wilson WR Davante Adams WR Drake London,,Kendrick Bourne,WR,0.67%,4.2
208,5268205577,pipolechap (10/20),0,184.33998,DST Bears  FLEX Terrance Ferguson QB Patrick Mahomes RB Jahmyr Gibbs RB Kenneth Walker III TE Dalton Schultz WR Garrett Wilson WR Davante Adams WR Drake London,,Saints ,DST,0.67%,1
208,5268205595,pipolechap (14/20),0,184.33998,DST Bears  FLEX Terrance Ferguson QB Patrick Mahomes RB Jahmyr Gibbs RB Kenneth Walker III TE Dalton Schultz WR Garrett Wilson WR Davante Adams WR Drake London,,Jake Ferguson,FLEX,0.67%,10.3
208,5268205667,pipolechap (18/20),0,184.33998,DST Bears  FLEX Terrance Ferguson QB Patrick Mahomes RB Jahmyr Gibbs RB Kenneth Walker III TE Dalton Schultz WR Garrett Wilson WR Davante Adams WR Drake London,,Emanuel Wilson,RB,0.66%,1.4
213,5266339746,DRTYBRD27 (4/5),0,184.28,DST Titans  FLEX Devaughn Vele QB Jordan Love RB Bijan Robinson RB Kenneth Walker III TE Kenyon Sadiq WR George Pickens WR Christian Watson WR Matthew Golden,,AJ Barner,TE,0.64%,11.9
214,5266503413,JPLosman0711 (4/20),0,184.2,DST Broncos  FLEX Juwan Johnson QB Patrick Mahomes RB Jahmyr Gibbs RB Kenneth Walker III TE Travis Kelce WR Jaxon Smith-Njigba WR KC Concepcion Jr. WR Malik Washington,,Darren Waller,FLEX,0.61%,10.1
215,5268027494,matthews137 (5/6),0,184.14,DST Vikings  FLEX George Pickens QB Geno Smith RB Derrick Henry RB James Cook III TE Juwan Johnson WR Christian Watson WR Garrett Wilson WR Adonai Mitchell,,Garrett Wilson,FLEX,0.59%,29.7
216,5266786641,vols2285 (7/20),0,184.06001,DST Titans  FLEX Dalton Schultz QB Tyler Shough RB Derrick Henry RB James Cook III TE Juwan Johnson WR Jaxon Smith-Njigba WR Chris Olave WR Tre' Harris,,Harold Fannin Jr.,TE,0.59%,24.1
217,5268542010,JcClark18 (14/20),0,184.04001,DST Giants  FLEX Garrett Wilson QB Michael Penix Jr. RB Jahmyr Gibbs RB Derrick Henry TE Hunter Henry WR Drake London WR Matthew Golden WR Malik Washington,,Joshua Palmer,FLEX,0.59%,0
218,5268503333,B1gSweets (13/20),0,184,DST Buccaneers  FLEX Davante Adams QB Matthew Stafford RB Jahmyr Gibbs RB Derrick Henry TE Terrance Ferguson WR Garrett Wilson WR Drake London WR Isaiah Williams,,Mike Gesicki,TE,0.59%,12.7
219,5266531244,Mrboozer (1/9),0,183.98,DST Texans  FLEX Christian Watson QB Brock Purdy RB Ashton Jeanty RB Jaylen Warren TE Juwan Johnson WR Davante Adams WR Drake London WR Jalen Coker,,Carnell Tate,WR,0.59%,11.8
219,5267817699,SpeedRacer101 (2/20),0,183.98,DST Raiders  FLEX Terrance Ferguson QB Jordan Love RB Jahmyr Gibbs RB Christian McCaffrey TE Tucker Kraft WR Christian Watson WR Drake London WR Matthew Golden,,Blake Corum,FLEX,0.59%,3.5
221,5268559745,jthorne03,0,183.94002,DST Lions  FLEX Quentin Johnston QB Michael Penix Jr. RB Jahmyr Gibbs RB Bijan Robinson TE Kyle Pitts Sr. WR Drake London WR Matthew Golden WR Keenan Allen,,Kalif Raymond,FLEX,0.57%,21
222,5267817707,SpeedRacer101 (10/20),0,183.87997,DST Vikings  FLEX Terrance Ferguson QB Trevor Lawrence RB Jahmyr Gibbs RB Kenneth Walker III TE Sam LaPorta WR Garrett Wilson WR Parker Washington WR Drake London,,Ladd McConkey,FLEX,0.57%,10.6
223,5267973860,barkpench (1/2),0,183.79999,DST Bengals  FLEX Davante Adams QB Tyler Shough RB Kenneth Walker III RB James Cook III TE Terrance Ferguson WR Christian Watson WR Garrett Wilson WR Drake London,,Kyle Pitts Sr.,FLEX,0.57%,1.5
224,5268503334,B1gSweets (14/20),0,183.58,DST Rams  FLEX Terrance Ferguson QB Jordan Love RB Jahmyr Gibbs RB Jaylen Warren TE Trey McBride WR Garrett Wilson WR Tee Higgins WR Matthew Golden,,Jacoby Brissett,QB,0.56%,25.6
224,5267536230,smithbrandon7 (15/20),0,183.57999,DST Titans  FLEX Jaylen Warren QB Jordan Love RB Jahmyr Gibbs RB Jonathan Taylor TE Terrance Ferguson WR Christian Watson WR Drake London WR Matthew Golden,,Bijan Robinson,FLEX,0.56%,38.3
226,5266487912,comeaux79 (8/20),0,183.54,DST Seahawks  FLEX George Kittle QB Geno Smith RB Derrick Henry RB TreVeyon Henderson TE Tyler Warren WR Garrett Wilson WR Davante Adams WR Drake London,,Tony Pollard,RB,0.56%,13.6
226,5267578344,d00dy (1/20),0,183.54,DST Titans  FLEX Jaylen Warren QB Patrick Mahomes RB Jahmyr Gibbs RB Kenneth Walker III TE Travis Kelce WR Drake London WR Matthew Golden WR Xavier Worthy,,Isaiah Likely,FLEX,0.54%,3.3
228,5266297804,rmprescott,0,183.37999,DST Titans  FLEX Parker Washington QB Trevor Lawrence RB Jahmyr Gibbs RB Kenneth Walker III TE Terrance Ferguson WR Christian Watson WR Drake London WR Matthew Golden,,Terry McLaurin,WR,0.54%,19.7
229,5267578350,d00dy (7/20),0,183.29999,DST Titans  FLEX Juwan Johnson QB Tyler Shough RB Jahmyr Gibbs RB Jaylen Warren TE Terrance Ferguson WR Amon-Ra St. Brown WR Chris Olave WR Davante Adams,,Laquon Treadwell,WR,0.54%,3
230,5267585299,ypmiao (2/2),0,183,DST Bengals  FLEX Kenneth Walker III QB Geno Smith RB Kyren Williams RB Quinshon Judkins TE Kenyon Sadiq WR Jaxon Smith-Njigba WR Matthew Golden WR Denzel Boston,,Cowboys ,DST,0.52%,-1
231,5267642815,webbcv63 (7/20),0,182.76,DST Panthers  FLEX Terrance Ferguson QB Tyler Shough RB Jahmyr Gibbs RB Chase Brown TE Dalton Schultz WR Jaxon Smith-Njigba WR Drake London WR Matthew Golden,,Drake London,FLEX,0.52%,31.4
232,5266287289,Deathflower74 (1/20),0,182.68,DST Titans  FLEX Jaylen Warren QB Trevor Lawrence RB Jahmyr Gibbs RB Kenneth Walker III TE Terrance Ferguson WR Garrett Wilson WR Parker Washington WR Matthew Golden,,De'Von Achane,FLEX,0.50%,1.7
232,5267492897,chipawawa (1/4),0,182.68,DST Raiders  FLEX Saquon Barkley QB Jordan Love RB Bijan Robinson RB Kyren Williams TE Evan Engram WR Davante Adams WR Drake London WR Matthew Golden,,Jaylin Noel,WR,0.50%,4.5
234,5267642816,webbcv63 (8/20),0,182.59999,DST Bills  FLEX Terrance Ferguson QB Tyler Shough RB Jahmyr Gibbs RB Kenneth Walker III TE Dalton Schultz WR Ja'Marr Chase WR Drake London WR Matthew Golden,,Tetairoa McMillan,FLEX,0.50%,3.7
234,5267642819,webbcv63 (11/20),0,182.59999,DST Seahawks  FLEX Oronde Gadsden II QB Tyler Shough RB Jahmyr Gibbs RB Kenneth Walker III TE Dalton Schultz WR Garrett Wilson WR Drake London WR Matthew Golden,,Elic Ayomanor,WR,0.50%,2.1
236,5267642810,webbcv63 (2/20),0,182.55998,DST Texans  FLEX Terrance Ferguson QB Tyler Shough RB Jahmyr Gibbs RB De'Von Achane TE Dalton Schultz WR Jaxon Smith-Njigba WR Drake London WR Matthew Golden,,Javonte Williams,FLEX,0.49%,18.3
237,5266916891,tsorens2,0,182.3,DST Bengals  FLEX Jahmyr Gibbs QB Tyler Shough RB Kenneth Walker III RB Jaylen Warren TE Terrance Ferguson WR Garrett Wilson WR Ladd McConkey WR Matthew Golden,,DeMario Douglas,WR,0.49%,4.8
238,5266681598,kylehaeussler (7/20),0,182.18,DST Titans  FLEX Davante Adams QB Trevor Lawrence RB Jahmyr Gibbs RB Kenneth Walker III TE George Kittle WR Parker Washington WR Matthew Golden WR DeMario Douglas,,Tre' Harris,WR,0.49%,13.6
239,5268503323,B1gSweets (3/20),0,182.13998,DST Titans  FLEX Davante Adams QB Geno Smith RB Jahmyr Gibbs RB De'Von Achane TE Terrance Ferguson WR Chris Olave WR Garrett Wilson WR Matthew Golden,,Keon Coleman,WR,0.47%,4.7
240,5266522356,Hucher (2/6),0,182.04001,DST Chiefs  FLEX J.K. Dobbins QB Geno Smith RB Bijan Robinson RB Derrick Henry TE Pat Freiermuth WR Garrett Wilson WR Matthew Golden WR Wan'Dale Robinson,,Hunter Henry,FLEX,0.47%,1.5
241,5267339743,BigTRFE (3/4),0,181.94,DST Broncos  FLEX Travis Kelce QB Patrick Mahomes RB Jahmyr Gibbs RB Kenneth Walker III TE Dalton Schultz WR Parker Washington WR Drake London WR Matthew Golden,,Cardinals ,DST,0.47%,-2
241,5267540330,big_dog7 (1/5),0,181.94,DST Broncos  FLEX Dalton Schultz QB Patrick Mahomes RB Jahmyr Gibbs RB Kenneth Walker III TE Travis Kelce WR Parker Washington WR Drake London WR Matthew Golden,,George Pickens,FLEX,0.47%,15.2
241,5267937855,rmouch8914 (3/8),0,181.94,DST Broncos  FLEX Dalton Schultz QB Patrick Mahomes RB Jahmyr Gibbs RB Kenneth Walker III TE Travis Kelce WR Parker Washington WR Drake London WR Matthew Golden,,Bucky Irving,FLEX,0.47%,7.8
241,5268109640,Bowleagle,0,181.94,DST Broncos  FLEX Dalton Schultz QB Patrick Mahomes RB Jahmyr Gibbs RB Kenneth Walker III TE Travis Kelce WR Parker Washington WR Drake London WR Matthew Golden,,Drake Maye,QB,0.47%,6.76
245,5267578354,d00dy (11/20),0,181.8,DST Titans  FLEX Jaylen Warren QB Matthew Stafford RB Jahmyr Gibbs RB Kenneth Walker III TE Terrance Ferguson WR Davante Adams WR Parker Washington WR Matthew Golden,,Jeremiyah Love,FLEX,0.47%,21.9
246,5267978795,ed8802,0,181.76,DST Titans  FLEX Terrance Ferguson QB Tyler Shough RB Jahmyr Gibbs RB Jaylen Warren TE Dalton Schultz WR Jaxon Smith-Njigba WR Davante Adams WR Parker Washington,,Kenyon Sadiq,FLEX,0.47%,26.5
247,5266512580,JPLosman0711 (7/20),0,181.74,DST Broncos  FLEX Jalen Coker QB Brock Purdy RB Christian McCaffrey RB Jeremiyah Love TE Juwan Johnson WR Jaxon Smith-Njigba WR Deebo Samuel Sr. WR Malik Washington,,Justin Jefferson,FLEX,0.47%,5.2
248,5268503340,B1gSweets (20/20),0,181.61998,DST Lions  FLEX Terrance Ferguson QB Sam Darnold RB Jahmyr Gibbs RB Kenneth Walker III TE AJ Barner WR Jaxon Smith-Njigba WR Davante Adams WR Rashid Shaheed,,Jordan Addison,WR,0.45%,20
249,5267003986,StrawMyers (3/20),0,181.6,DST Seahawks  FLEX Christian Watson QB Geno Smith RB Breece Hall RB TreVeyon Henderson TE Kenyon Sadiq WR Jaxon Smith-Njigba WR Garrett Wilson WR Jordan Addison,,Daniel Jones,QB,0.45%,10.9
250,5267929445,BuckyMcBuckets (2/2),0,181.40001,DST Vikings  FLEX Keenan Allen QB Tyler Shough RB Christian McCaffrey RB Derrick Henry TE Sam LaPorta WR Parker Washington WR Drake London WR Matthew Golden,,Rome Odunze,WR,0.45%,7.4
251,5267819042,greezykeezy (11/20),0,181.34001,DST Rams  FLEX Kenyon Sadiq QB Geno Smith RB Jahmyr Gibbs RB James Cook III TE Trey McBride WR Parker Washington WR Michael Wilson WR Khalil Shakir,,Cade Otton,TE,0.45%,8.6
252,5267709004,deez516 (14/20),0,181.27998,DST Titans  FLEX Kyren Williams QB Brock Purdy RB Jahmyr Gibbs RB Kenneth Walker III TE Travis Kelce WR Deebo Samuel Sr. WR Matthew Golden WR Dontayvion Wicks,,Woody Marks,RB,0.45%,9.1
253,5268503336,B1gSweets (16/20),0,181.26,DST Raiders  FLEX Garrett Wilson QB Jared Goff RB Jahmyr Gibbs RB Breece Hall TE Terrance Ferguson WR Parker Washington WR Drake London WR Matthew Golden,,Tank Bigsby,RB,0.44%,0.5
254,5266486446,SleepyW (3/7),0,181.18,DST Titans  FLEX Brenton Strange QB Trevor Lawrence RB Jahmyr Gibbs RB James Cook III TE Dalton Schultz WR Chris Olave WR Garrett Wilson WR Matthew Golden,,Case Keenum,QB,0.44%,24.48
255,5266763790,safety22,0,181.14,DST Jaguars  FLEX Stefon Diggs QB Michael Penix Jr. RB Jahmyr Gibbs RB Chase Brown TE Sam LaPorta WR Garrett Wilson WR Drake London WR Matthew Golden,,Aaron Jones Sr.,FLEX,0.44%,14.2
256,5268246354,miketatmon (4/4),0,181.08,DST Jets  FLEX Dontayvion Wicks QB Brock Purdy RB Bijan Robinson RB Kenneth Walker III TE Dalton Schultz WR Christian Watson WR Drake London WR Matthew Golden,,Jonathan Taylor,FLEX,0.42%,9.2
257,5266505761,Keauxbe824 (19/20),0,181.06,DST Titans  FLEX Mark Andrews QB Josh Allen RB Bijan Robinson RB Kyren Williams TE Darren Waller WR Christian Watson WR Drake London WR Matthew Golden,,Omarion Hampton,FLEX,0.42%,5.6
258,5266681610,kylehaeussler (19/20),0,180.98,DST Titans  FLEX Terrance Ferguson QB Jordan Love RB Jahmyr Gibbs RB Jaylen Warren TE Trey McBride WR Davante Adams WR Parker Washington WR Drake London,,Stefon Diggs,FLEX,0.42%,7.3
259,5267600119,Bearfan700 (12/20),0,180.84001,DST Bengals  FLEX Chuba Hubbard QB Geno Smith RB Jahmyr Gibbs RB James Cook III TE Dalton Schultz WR Garrett Wilson WR Tre Tucker WR Matthew Golden,,Baker Mayfield,QB,0.40%,12.28
259,5268187229,Gibberellins85 (2/2),0,180.84,DST Steelers  FLEX Pat Freiermuth QB Patrick Mahomes RB Jahmyr Gibbs RB Kenneth Walker III TE Dalton Schultz WR Garrett Wilson WR Drake London WR Matthew Golden,,Rachaad White,RB,0.40%,11.1
261,5266117856,dfashaw (1/6),0,180.78,DST Broncos  FLEX James Cook III QB Brock Purdy RB Jahmyr Gibbs RB Derrick Henry TE Oronde Gadsden II WR Jalen Coker WR Matthew Golden WR Kalif Raymond,,Chargers ,DST,0.40%,14
261,5266719409,chas1111 (1/4),0,180.77998,DST Commanders  FLEX Garrett Wilson QB Jordan Love RB Bijan Robinson RB Quinshon Judkins TE Oronde Gadsden II WR Christian Watson WR Drake London WR Deebo Samuel Sr.,,Jacory Croskey-Merritt,RB,0.40%,5.3
263,5267676716,renegade (15/20),0,180.73999,DST Colts  FLEX Jake Ferguson QB Jordan Love RB Kenneth Walker III RB Chuba Hubbard TE Travis Kelce WR Jaxon Smith-Njigba WR Drake London WR Matthew Golden,,Wan'Dale Robinson,WR,0.39%,18.7
264,5266874612,Danny_9114 (11/20),0,180.7,DST Titans  FLEX Juwan Johnson QB Tyler Shough RB Jahmyr Gibbs RB Derrick Henry TE Dalton Schultz WR Chris Olave WR Davante Adams WR Devaughn Vele,,Bhayshul Tuten,FLEX,0.39%,17
265,5267011689,davidrolas,0,180.68001,DST Chiefs  FLEX Juwan Johnson QB Brock Purdy RB Kenneth Walker III RB James Cook III TE George Kittle WR Chris Olave WR Deebo Samuel Sr. WR Denzel Boston,,Jack Bech,WR,0.39%,0
265,5267410489,Sammy.Boy (15/20),0,180.68,DST Titans  FLEX Deebo Samuel Sr. QB Brock Purdy RB Jahmyr Gibbs RB Saquon Barkley TE Terrance Ferguson WR Garrett Wilson WR Tee Higgins WR Matthew Golden,,Brock Bowers,TE,0.37%,30.6
267,5267883115,Robandbob,0,180.50002,DST Broncos  FLEX Juwan Johnson QB Lamar Jackson RB Jahmyr Gibbs RB Jeremiyah Love TE T.J. Hockenson WR Jaxon Smith-Njigba WR Parker Washington WR Xavier Worthy,,Rashid Shaheed,WR,0.37%,3.4
268,5267817715,SpeedRacer101 (18/20),0,180.35999,DST Titans  FLEX Devaughn Vele QB Tyler Shough RB James Cook III RB Jaylen Warren TE Terrance Ferguson WR Jaxon Smith-Njigba WR Chris Olave WR Garrett Wilson,,Roman Wilson,WR,0.37%,15
268,5268487205,Do11aBi11 (3/5),0,180.35999,DST Broncos  FLEX Joshua Palmer QB Josh Allen RB Bijan Robinson RB Derrick Henry TE Kenyon Sadiq WR Christian Watson WR Drake London WR Dontayvion Wicks,,Cam Ward,QB,0.35%,10.44
270,5268097418,Talisker12 (1/4),0,180.32,DST Titans  FLEX Travis Kelce QB Deshaun Watson RB Jahmyr Gibbs RB Kenneth Walker III TE Dalton Schultz WR Jaxon Smith-Njigba WR Matthew Golden WR Denzel Boston,,Jahan Dotson,WR,0.35%,2.1
270,5268106036,Talisker12 (3/4),0,180.32,DST Titans  FLEX Travis Kelce QB Deshaun Watson RB Jahmyr Gibbs RB Kenneth Walker III TE Dalton Schultz WR Jaxon Smith-Njigba WR Matthew Golden WR Denzel Boston,,Travis Etienne Jr.,RB,0.35%,9
270,5266792079,kingbostoncat,0,180.31999,DST Steelers  FLEX Kenyon Sadiq QB Josh Allen RB Kenneth Walker III RB Kyren Williams TE Juwan Johnson WR Jaxon Smith-Njigba WR Christian Watson WR Joshua Palmer,,Tyler Warren,FLEX,0.34%,14.7
273,5266331836,booradley5 (8/20),0,180.28001,DST Commanders  FLEX George Kittle QB Brock Purdy RB Kenneth Walker III RB D'Andre Swift TE Tucker Kraft WR CeeDee Lamb WR Michael Wilson WR Matthew Golden,,Mack Hollins,WR,0.32%,14.7
274,5266386340,alemorkam,0,180.22,DST Broncos  FLEX Emanuel Wilson QB Marcus Mariota RB Jahmyr Gibbs RB Bijan Robinson TE Darren Waller WR Chris Olave WR Romeo Doubs WR Matthew Golden,,Ravens ,DST,0.32%,4
274,5266513603,JPLosman0711 (11/20),0,180.22,DST Broncos  FLEX Tyquan Thornton QB Jared Goff RB Jahmyr Gibbs RB Jaylen Warren TE Juwan Johnson WR Jaxon Smith-Njigba WR Amon-Ra St. Brown WR Isaiah Williams,,Brenton Strange,FLEX,0.32%,6.2
276,5266287307,Deathflower74 (19/20),0,180.2,DST Titans  FLEX Jaylen Warren QB Tyler Shough RB Jahmyr Gibbs RB Chuba Hubbard TE Terrance Ferguson WR Chris Olave WR Garrett Wilson WR DK Metcalf,,Dawson Knox,TE,0.30%,1.5
277,5267579166,mustangs2015 (7/20),0,180.17998,DST Broncos  FLEX Mark Andrews QB Brock Purdy RB Jahmyr Gibbs RB Jaylen Warren TE Travis Kelce WR George Pickens WR Garrett Wilson WR Rashod Bateman,,Pat Bryant,WR,0.30%,14.4
278,5266512420,JPLosman0711 (6/20),0,180.14,DST Broncos  FLEX Dontayvion Wicks QB Brock Purdy RB Christian McCaffrey RB Jeremiyah Love TE Juwan Johnson WR Jaxon Smith-Njigba WR Mike Evans WR Malik Washington,,Ted Hurst III,WR,0.30%,11
279,5267625710,GolfSpace7 (2/5),0,180.08,DST Broncos  FLEX Bijan Robinson QB Jordan Love RB Cam Skattebo RB Quinshon Judkins TE Isaiah Likely WR Davante Adams WR Drake London WR Matthew Golden,,Elic Ayomanor,FLEX,0.30%,2.1
279,5266584225,Axoman911,0,180.07999,DST Broncos  FLEX Romeo Doubs QB Brock Purdy RB Kenneth Walker III RB Jaylen Warren TE George Kittle WR Mike Evans WR Davante Adams WR Terry McLaurin,,Michael Mayer,TE,0.30%,12.2
281,5268503328,B1gSweets (8/20),0,179.98,DST Raiders  FLEX Amon-Ra St. Brown QB Trevor Lawrence RB Jahmyr Gibbs RB Jaylen Warren TE Terrance Ferguson WR Parker Washington WR Drake London WR Matthew Golden,,Darnell Mooney,WR,0.30%,4.9
282,5267417064,FearTheBeard12 (15/20),0,179.94,DST Titans  FLEX Chuba Hubbard QB Geno Smith RB Jahmyr Gibbs RB Kenneth Walker III TE Kenyon Sadiq WR Ladd McConkey WR Josh Downs WR Deebo Samuel Sr.,,Marcus Mariota,QB,0.29%,20.42
282,5267417065,FearTheBeard12 (16/20),0,179.94,DST Titans  FLEX Chuba Hubbard QB Geno Smith RB Jahmyr Gibbs RB Kenneth Walker III TE Kenyon Sadiq WR Ladd McConkey WR Josh Downs WR Deebo Samuel Sr.,,Johnny Mundt,TE,0.29%,1.4
282,5267417069,FearTheBeard12 (20/20),0,179.94,DST Titans  FLEX Chuba Hubbard QB Geno Smith RB Jahmyr Gibbs RB Kenneth Walker III TE Kenyon Sadiq WR Ladd McConkey WR Josh Downs WR Deebo Samuel Sr.,,Evan Engram,FLEX,0.29%,0
285,5267805288,dporcello (2/2),0,179.88002,DST Vikings  FLEX George Kittle QB Brock Purdy RB Kenneth Walker III RB James Cook III TE Pat Freiermuth WR Chris Olave WR Jameson Williams WR Matthew Golden,,Khalil Shakir,FLEX,0.29%,1.6
286,5267439206,wormlove3 (6/20),0,179.8,DST Broncos  FLEX Juwan Johnson QB Patrick Mahomes RB Kenneth Walker III RB Jeremiyah Love TE George Kittle WR Jaxon Smith-Njigba WR Parker Washington WR Jalen Coker,,Kaleb Johnson,RB,0.29%,2.6
286,5267439213,wormlove3 (11/20),0,179.8,DST Broncos  FLEX Juwan Johnson QB Patrick Mahomes RB Kenneth Walker III RB Jeremiyah Love TE George Kittle WR Jaxon Smith-Njigba WR Parker Washington WR Jalen Coker,,Cam Skattebo,FLEX,0.29%,13
286,5267444980,wormlove3 (20/20),0,179.8,DST Broncos  FLEX Juwan Johnson QB Patrick Mahomes RB Kenneth Walker III RB Jeremiyah Love TE George Kittle WR Jaxon Smith-Njigba WR Parker Washington WR Jalen Coker,,Malik Willis,QB,0.27%,12
289,5267200072,pstartheprodigy,0,179.78,DST Chiefs  FLEX Bhayshul Tuten QB Brock Purdy RB Kenneth Walker III RB Jeremiyah Love TE George Kittle WR Drake London WR Stefon Diggs WR Deebo Samuel Sr.,,Malachi Fields,WR,0.27%,3.9
289,5267357915,FlameThrower4 (2/20),0,179.78,DST Saints  FLEX Michael Wilson QB Brock Purdy RB Bijan Robinson RB Derrick Henry TE George Kittle WR Deebo Samuel Sr. WR Wan'Dale Robinson WR Jauan Jennings,,Jakobi Meyers,WR,0.27%,19.4
289,5267666642,Stree (10/20),0,179.77998,DST Titans  FLEX Davante Adams QB Jordan Love RB Jahmyr Gibbs RB Kenneth Walker III TE Terrance Ferguson WR Christian Watson WR Deebo Samuel Sr. WR Matthew Golden,,Gunnar Helm,TE,0.27%,3.4
292,5267817698,SpeedRacer101 (1/20),0,179.76001,DST Chiefs  FLEX Terrance Ferguson QB Deshaun Watson RB Jahmyr Gibbs RB Kenneth Walker III TE Juwan Johnson WR Ja'Marr Chase WR Garrett Wilson WR Denzel Boston,,Marvin Harrison Jr.,WR,0.27%,7
293,5266818401,timmylaw38,0,179.69998,DST Chargers  FLEX Jaxon Smith-Njigba QB Geno Smith RB Bijan Robinson RB Jaylen Warren TE Oronde Gadsden II WR Chris Olave WR Josh Downs WR Joshua Palmer,,Cody White,WR,0.27%,7.4
294,5266839502,jayrayjay (6/10),0,179.59999,DST Broncos  FLEX Saquon Barkley QB Tyler Shough RB Jahmyr Gibbs RB Ashton Jeanty TE Juwan Johnson WR Chris Olave WR Denzel Boston WR Kalif Raymond,,Zach Ertz,TE,0.27%,1.9
295,5267368333,FlameThrower4 (19/20),0,179.58,DST Jaguars  FLEX George Kittle QB Brock Purdy RB Jahmyr Gibbs RB Derrick Henry TE Kyle Pitts Sr. WR Deebo Samuel Sr. WR Michael Wilson WR Jalen McMillan,,Cade Otton,FLEX,0.27%,8.6
296,5266459370,mello610 (6/20),0,179.56001,DST Bills  FLEX Dontayvion Wicks QB Jacoby Brissett RB Jahmyr Gibbs RB Derrick Henry TE Pat Freiermuth WR Jaxon Smith-Njigba WR Michael Wilson WR Malik Washington,,Isaiah Williams,FLEX,0.27%,3.1
297,5267090243,browsdower,0,179.5,DST Giants  FLEX Denzel Boston QB Tyler Shough RB Jahmyr Gibbs RB Kenneth Walker III TE Juwan Johnson WR Garrett Wilson WR Parker Washington WR Devaughn Vele,,Alvin Kamara,FLEX,0.25%,5.1
298,5268528317,rymayer2 (19/20),0,179.43999,DST Bills  FLEX Ryan Flournoy QB Geno Smith RB Jahmyr Gibbs RB Jaylen Warren TE Dalton Schultz WR Ja'Marr Chase WR Parker Washington WR Drake London,,Emmett Johnson,FLEX,0.25%,1.7
299,5268089191,mrclean913 (5/20),0,179.4,DST Chargers  FLEX Trey McBride QB Jacoby Brissett RB Jahmyr Gibbs RB Christian McCaffrey TE Travis Kelce WR Drake London WR Denzel Boston WR Devaughn Vele,,Romeo Doubs,FLEX,0.25%,7.9
300,5266893704,gmosk (17/20),0,179.38,DST Broncos  FLEX Kenyon Sadiq QB Brock Purdy RB Christian McCaffrey RB Cam Skattebo TE George Kittle WR Amon-Ra St. Brown WR Garrett Wilson WR Dontayvion Wicks,,Zachariah Branch,WR,0.25%,1.7
301,5266110341,sportsfanatic89 (3/20),0,179.33998,DST Titans  FLEX Terrance Ferguson QB Patrick Mahomes RB Jahmyr Gibbs RB Kenneth Walker III TE Dalton Schultz WR Garrett Wilson WR Davante Adams WR Drake London,,Devin Singletary,RB,0.24%,0
301,5266117089,sportsfanatic89 (6/20),0,179.33998,DST Titans  FLEX Terrance Ferguson QB Patrick Mahomes RB Jahmyr Gibbs RB Kenneth Walker III TE Dalton Schultz WR Garrett Wilson WR Davante Adams WR Drake London,,Antonio Williams,WR,0.24%,3.5
301,5266117096,sportsfanatic89 (9/20),0,179.33998,DST Titans  FLEX Terrance Ferguson QB Patrick Mahomes RB Jahmyr Gibbs RB Kenneth Walker III TE Dalton Schultz WR Garrett Wilson WR Davante Adams WR Drake London,,Colston Loveland,FLEX,0.24%,7.1
301,5266117100,sportsfanatic89 (12/20),0,179.33998,DST Titans  FLEX Terrance Ferguson QB Patrick Mahomes RB Jahmyr Gibbs RB Kenneth Walker III TE Dalton Schultz WR Garrett Wilson WR Davante Adams WR Drake London,,Johnny Mundt,FLEX,0.22%,1.4
301,5266117107,sportsfanatic89 (14/20),0,179.33998,DST Titans  FLEX Terrance Ferguson QB Patrick Mahomes RB Jahmyr Gibbs RB Kenneth Walker III TE Dalton Schultz WR Garrett Wilson WR Davante Adams WR Drake London,,Jalen Nailor,WR,0.22%,2.6
301,5266125645,sportsfanatic89 (17/20),0,179.33998,DST Titans  FLEX Terrance Ferguson QB Patrick Mahomes RB Jahmyr Gibbs RB Kenneth Walker III TE Dalton Schultz WR Garrett Wilson WR Davante Adams WR Drake London,,Jameson Williams,FLEX,0.22%,8.9
301,5266125648,sportsfanatic89 (20/20),0,179.33998,DST Titans  FLEX Terrance Ferguson QB Patrick Mahomes RB Jahmyr Gibbs RB Kenneth Walker III TE Dalton Schultz WR Garrett Wilson WR Davante Adams WR Drake London,,Dawson Knox,FLEX,0.22%,1.5
301,5267710915,griffalicious24 (1/10),0,179.33998,DST Titans  FLEX Terrance Ferguson QB Patrick Mahomes RB Jahmyr Gibbs RB Kenneth Walker III TE Dalton Schultz WR Garrett Wilson WR Davante Adams WR Drake London,,Rhamondre Stevenson,FLEX,0.22%,6.8
301,5267710916,griffalicious24 (2/10),0,179.33998,DST Titans  FLEX Terrance Ferguson QB Patrick Mahomes RB Jahmyr Gibbs RB Kenneth Walker III TE Dalton Schultz WR Garrett Wilson WR Davante Adams WR Drake London,,Gunnar Helm,FLEX,0.22%,3.4
301,5267710917,griffalicious24 (3/10),0,179.33998,DST Titans  FLEX Terrance Ferguson QB Patrick Mahomes RB Jahmyr Gibbs RB Kenneth Walker III TE Dalton Schultz WR Garrett Wilson WR Davante Adams WR Drake London,,Braelon Allen,RB,0.22%,4.7
301,5267710918,griffalicious24 (4/10),0,179.33998,DST Titans  FLEX Terrance Ferguson QB Patrick Mahomes RB Jahmyr Gibbs RB Kenneth Walker III TE Dalton Schultz WR Garrett Wilson WR Davante Adams WR Drake London,,Tyquan Thornton,FLEX,0.22%,4.2
301,5267710919,griffalicious24 (5/10),0,179.33998,DST Titans  FLEX Terrance Ferguson QB Patrick Mahomes RB Jahmyr Gibbs RB Kenneth Walker III TE Dalton Schultz WR Garrett Wilson WR Davante Adams WR Drake London,,Rashee Rice,FLEX,0.20%,15.8
301,5267710920,griffalicious24 (6/10),0,179.33998,DST Titans  FLEX Terrance Ferguson QB Patrick Mahomes RB Jahmyr Gibbs RB Kenneth Walker III TE Dalton Schultz WR Garrett Wilson WR Davante Adams WR Drake London,,Brian Robinson Jr.,RB,0.20%,11
301,5267710921,griffalicious24 (7/10),0,179.33998,DST Titans  FLEX Terrance Ferguson QB Patrick Mahomes RB Jahmyr Gibbs RB Kenneth Walker III TE Dalton Schultz WR Garrett Wilson WR Davante Adams WR Drake London,,Kendrick Bourne,FLEX,0.20%,4.2
301,5267710922,griffalicious24 (8/10),0,179.33998,DST Titans  FLEX Terrance Ferguson QB Patrick Mahomes RB Jahmyr Gibbs RB Kenneth Walker III TE Dalton Schultz WR Garrett Wilson WR Davante Adams WR Drake London,,Ja'Marr Chase,FLEX,0.20%,24.8
301,5267710923,griffalicious24 (9/10),0,179.33998,DST Titans  FLEX Terrance Ferguson QB Patrick Mahomes RB Jahmyr Gibbs RB Kenneth Walker III TE Dalton Schultz WR Garrett Wilson WR Davante Adams WR Drake London,,Cole Kmet,TE,0.20%,0
301,5267710924,griffalicious24 (10/10),0,179.33998,DST Titans  FLEX Terrance Ferguson QB Patrick Mahomes RB Jahmyr Gibbs RB Kenneth Walker III TE Dalton Schultz WR Garrett Wilson WR Davante Adams WR Drake London,,Germie Bernard,WR,0.20%,2.4
318,5267121337,zavala99z (1/12),0,179.32,DST Bills  FLEX Jaxon Smith-Njigba QB Deshaun Watson RB Bijan Robinson RB D'Andre Swift TE Travis Kelce WR Christian Watson WR Matthew Golden WR Skyy Moore,,Jaylen Waddle,FLEX,0.20%,6.4
319,5266513624,JPLosman0711 (12/20),0,179.24,DST Broncos  FLEX Dalton Schultz QB Jordan Love RB Jahmyr Gibbs RB Jaylen Warren TE Tucker Kraft WR Jaxon Smith-Njigba WR Christian Watson WR Tyquan Thornton,,Makai Lemon,WR,0.20%,5.9
320,5266493493,6Tino4 (3/5),0,179.20001,DST Titans  FLEX Darren Waller QB Geno Smith RB Jahmyr Gibbs RB Kenneth Walker III TE T.J. Hockenson WR Jaxon Smith-Njigba WR Chris Olave WR Dontayvion Wicks,,Xavier Worthy,FLEX,0.19%,4
321,5267535853,HurricaneCal (17/20),0,179.16,DST Colts  FLEX Juwan Johnson QB Tyler Shough RB Jahmyr Gibbs RB Kenneth Walker III TE T.J. Hockenson WR Jaxon Smith-Njigba WR Parker Washington WR Devaughn Vele,,Chris Brooks,RB,0.19%,1.4
322,5266297593,kstumbris,0,179.14,DST Vikings  FLEX Juwan Johnson QB Patrick Mahomes RB Derrick Henry RB Kenneth Walker III TE Sam LaPorta WR Christian Watson WR Davante Adams WR Matthew Golden,,Emeka Egbuka,FLEX,0.19%,11.2
323,5268561664,m0neymykah (15/20),0,179.09999,DST Titans  FLEX Davante Adams QB Tyler Shough RB Bijan Robinson RB Jaylen Warren TE Oronde Gadsden II WR Chris Olave WR Parker Washington WR Matthew Golden,,Rachaad White,FLEX,0.19%,11.1
324,5266681593,kylehaeussler (2/20),0,179.07999,DST Titans  FLEX Parker Washington QB Jordan Love RB Kenneth Walker III RB James Cook III TE Travis Kelce WR Christian Watson WR Drake London WR Matthew Golden,,DJ Moore,FLEX,0.19%,12.7
325,5266287297,Deathflower74 (9/20),0,179,DST Titans  FLEX Terrance Ferguson QB Tyler Shough RB Jahmyr Gibbs RB Kenneth Walker III TE Juwan Johnson WR Amon-Ra St. Brown WR Parker Washington WR Drake London,,Jonah Coleman,RB,0.19%,0
326,5267516954,bignumber59 (10/20),0,178.98001,DST Raiders  FLEX Denzel Boston QB Jordan Love RB Bijan Robinson RB Jaylen Warren TE T.J. Hockenson WR Ja'Marr Chase WR Christian Watson WR Matthew Golden,,Adonai Mitchell,FLEX,0.19%,0
327,5267708997,deez516 (7/20),0,178.85999,DST Titans  FLEX Kyren Williams QB Jared Goff RB Jahmyr Gibbs RB Kenneth Walker III TE Sam LaPorta WR Drake London WR Matthew Golden WR Dontayvion Wicks,,Greg Dulcich,TE,0.17%,10.5
328,5266493491,6Tino4 (1/5),0,178.78,DST Titans  FLEX Jaxon Smith-Njigba QB Kirk Cousins RB Kenneth Walker III RB Kyle Monangai TE T.J. Hockenson WR Christian Watson WR Garrett Wilson WR Drake London,,RJ Harvey,RB,0.17%,10.7
328,5267242942,bbehnke20 (7/20),0,178.77998,DST Jaguars  FLEX Terrance Ferguson QB Brock Purdy RB Derrick Henry RB Kyren Williams TE Trey McBride WR Christian Watson WR Drake London WR Deebo Samuel Sr.,,AJ Barner,FLEX,0.17%,11.9
330,5267535839,HurricaneCal (3/20),0,178.76,DST Broncos  FLEX Sam LaPorta QB Tyler Shough RB Jahmyr Gibbs RB Kenneth Walker III TE Hunter Henry WR Jaxon Smith-Njigba WR Matthew Golden WR Xavier Worthy,,Samaje Perine,RB,0.17%,2.4
331,5267805801,charlesrayallday (5/10),0,178.7,DST Bengals  FLEX Jahmyr Gibbs QB Tyler Shough RB Kenneth Walker III RB Jaylen Warren TE Terrance Ferguson WR Davante Adams WR Parker Washington WR Matthew Golden,,Courtland Sutton,FLEX,0.17%,7.6
332,5268483531,GhostRyda49erz,0,178.68001,DST Broncos  FLEX Parker Washington QB Jordan Love RB Christian McCaffrey RB Kenneth Walker III TE Juwan Johnson WR Christian Watson WR Deebo Samuel Sr. WR Matthew Golden,,Nate Adkins,FLEX,0.17%,7.8
332,5266681599,kylehaeussler (8/20),0,178.68,DST Titans  FLEX Jaylen Warren QB Jordan Love RB Jahmyr Gibbs RB Chuba Hubbard TE Terrance Ferguson WR Amon-Ra St. Brown WR Drake London WR Matthew Golden,,Luther Burden III,FLEX,0.17%,19.8
334,5268503326,B1gSweets (6/20),0,178.57999,DST Vikings  FLEX Jahmyr Gibbs QB Jordan Love RB De'Von Achane RB Chuba Hubbard TE Terrance Ferguson WR Davante Adams WR Drake London WR Matthew Golden,,J.K. Dobbins,RB,0.17%,6.3
335,5267642820,webbcv63 (12/20),0,178.55998,DST Titans  FLEX Terrance Ferguson QB Tyler Shough RB Jahmyr Gibbs RB De'Von Achane TE Dalton Schultz WR Jaxon Smith-Njigba WR Drake London WR Matthew Golden,,KC Concepcion Jr.,FLEX,0.15%,2.9
336,5267242948,bbehnke20 (13/20),0,178.54001,DST Jaguars  FLEX Kyren Williams QB Brock Purdy RB Chase Brown RB Aaron Jones Sr. TE Cade Otton WR Jaxon Smith-Njigba WR Deebo Samuel Sr. WR Matthew Golden,,Kaelon Black,RB,0.15%,1.7
336,5266257457,mzeising,0,178.54,DST Bills  FLEX Terrance Ferguson QB Brock Purdy RB Derrick Henry RB Bucky Irving TE Kenyon Sadiq WR Jaxon Smith-Njigba WR Ja'Marr Chase WR Kalif Raymond,,Tyler Allgeier,RB,0.15%,4.9
338,5267666634,Stree (2/20),0,178.49998,DST Titans  FLEX Terrance Ferguson QB Patrick Mahomes RB Jahmyr Gibbs RB Jaylen Warren TE Travis Kelce WR Jaxon Smith-Njigba WR Garrett Wilson WR Rashod Bateman,,Mike Gesicki,FLEX,0.15%,12.7
339,5267666638,Stree (6/20),0,178.31999,DST Panthers  FLEX Kenneth Walker III QB Kyler Murray RB Jahmyr Gibbs RB Jaylen Warren TE Terrance Ferguson WR Garrett Wilson WR Tee Higgins WR Matthew Golden,,Terry McLaurin,FLEX,0.15%,19.7
340,5268196384,pipolechap (3/20),0,178.29999,DST Bears  FLEX Chuba Hubbard QB Matthew Stafford RB Jahmyr Gibbs RB Kenneth Walker III TE Terrance Ferguson WR Davante Adams WR Drake London WR Rashod Bateman,,Jaylin Noel,FLEX,0.15%,4.5
340,5268196396,pipolechap (7/20),0,178.29999,DST Bears  FLEX Chuba Hubbard QB Matthew Stafford RB Jahmyr Gibbs RB Kenneth Walker III TE Terrance Ferguson WR Davante Adams WR Drake London WR Rashod Bateman,,Xavier Hutchinson,FLEX,0.15%,8.5
340,5268205578,pipolechap (11/20),0,178.29999,DST Bears  FLEX Chuba Hubbard QB Matthew Stafford RB Jahmyr Gibbs RB Kenneth Walker III TE Terrance Ferguson WR Davante Adams WR Drake London WR Rashod Bateman,,Ryan Flournoy,FLEX,0.15%,4.2
340,5268205596,pipolechap (15/20),0,178.29999,DST Bears  FLEX Chuba Hubbard QB Matthew Stafford RB Jahmyr Gibbs RB Kenneth Walker III TE Terrance Ferguson WR Davante Adams WR Drake London WR Rashod Bateman,,Jauan Jennings,WR,0.15%,1.1
340,5268205668,pipolechap (19/20),0,178.29999,DST Bears  FLEX Chuba Hubbard QB Matthew Stafford RB Jahmyr Gibbs RB Kenneth Walker III TE Terrance Ferguson WR Davante Adams WR Drake London WR Rashod Bateman,,Kendre Miller,RB,0.15%,3.9
345,5266254847,LennyK,0,178.20001,DST Titans  FLEX Dalton Kincaid QB Geno Smith RB Kenneth Walker III RB Quinshon Judkins TE Kenyon Sadiq WR Jaxon Smith-Njigba WR Garrett Wilson WR Ladd McConkey,,Tony Pollard,FLEX,0.13%,13.6
346,5266707607,cw1tt (11/20),0,178.18,DST Titans  FLEX George Kittle QB Brock Purdy RB Jahmyr Gibbs RB James Cook III TE T.J. Hockenson WR George Pickens WR Davante Adams WR Devaughn Vele,,Aaron Rodgers,QB,0.13%,23.68
347,5266250903,jeh666 (19/20),0,178.1,DST Vikings  FLEX Elic Ayomanor QB Geno Smith RB Kenneth Walker III RB Quinshon Judkins TE Juwan Johnson WR Jaxon Smith-Njigba WR DeVonta Smith WR Christian Watson,,Tyjae Spears,RB,0.13%,0.5
347,5268528312,rymayer2 (14/20),0,178.09999,DST Bills  FLEX Quentin Johnston QB Tyler Shough RB Jahmyr Gibbs RB Kenneth Walker III TE Juwan Johnson WR George Pickens WR Drake London WR Rashod Bateman,,Jonnu Smith,FLEX,0.13%,3.6
349,5266884008,Pindrop,0,178.04,DST Vikings  FLEX DeVonta Smith QB Geno Smith RB Bijan Robinson RB Kenneth Walker III TE Kenyon Sadiq WR Christian Watson WR Devaughn Vele WR KC Concepcion Jr.,,DK Metcalf,FLEX,0.13%,12.1
349,5267045955,heyyouca (13/20),0,178.04,DST Panthers  FLEX Terrance Ferguson QB Jordan Love RB Jahmyr Gibbs RB Breece Hall TE Dalton Schultz WR Jaxon Smith-Njigba WR Drake London WR Matthew Golden,,Isaac TeSlaa,WR,0.13%,9.6
351,5267889341,Catapult (2/3),0,178,DST Titans  FLEX Bijan Robinson QB Tyler Shough RB Jonathan Taylor RB Kenneth Walker III TE Kenyon Sadiq WR Garrett Wilson WR Denzel Boston WR Malik Washington,,Tee Higgins,FLEX,0.13%,21
352,5267005618,delarocha53,0,177.78,DST Bengals  FLEX James Cook III QB Jordan Love RB Kenneth Walker III RB Jaylen Warren TE Dalton Schultz WR Christian Watson WR Drake London WR Matthew Golden,,Olamide Zaccheaus,WR,0.13%,2.9
353,5267652481,ilivethis (4/6),0,177.74,DST Vikings  FLEX Tucker Kraft QB Michael Penix Jr. RB Bijan Robinson RB Kenneth Walker III TE Kyle Pitts Sr. WR Christian Watson WR Drake London WR Matthew Golden,,Kayshon Boutte,FLEX,0.12%,4.1
354,5268098109,DomingoSalvajeS (14/20),0,177.69998,DST Titans  FLEX Davante Adams QB Matthew Stafford RB Kenneth Walker III RB Tony Pollard TE Terrance Ferguson WR CeeDee Lamb WR Garrett Wilson WR Drake London,,Colby Parkinson,TE,0.12%,0
355,5267693192,LetEmKnow (12/20),0,177.62,DST Titans  FLEX Travis Kelce QB Sam Darnold RB Jahmyr Gibbs RB Chase Brown TE Sam LaPorta WR Jaxon Smith-Njigba WR Matthew Golden WR Xavier Worthy,,Tyson Bagent,QB,0.12%,0
356,5268503322,B1gSweets (2/20),0,177.58,DST Chiefs  FLEX Terrance Ferguson QB Brock Purdy RB Derrick Henry RB Jonathan Taylor TE George Kittle WR Davante Adams WR Drake London WR Matthew Golden,,Woody Marks,FLEX,0.12%,9.1
357,5267806016,alexvansoelen (3/20),0,177.53998,DST Jaguars  FLEX Travis Kelce QB Patrick Mahomes RB Jahmyr Gibbs RB Kenneth Walker III TE Oronde Gadsden II WR Garrett Wilson WR Drake London WR Devaughn Vele,,Kyle Monangai,FLEX,0.12%,3.1
358,5266918142,LTskelter (5/20),0,177.5,DST Jaguars  FLEX Dalton Kincaid QB Tyler Shough RB Jahmyr Gibbs RB Kenneth Walker III TE Juwan Johnson WR Chris Olave WR Deebo Samuel Sr. WR DeMario Douglas,,Brian Thomas Jr.,FLEX,0.12%,1.8
359,5266501102,Ruby2Too (1/5),0,177.47998,DST Bengals  FLEX George Kittle QB Jordan Love RB Bijan Robinson RB Kenneth Walker III TE Travis Kelce WR Christian Watson WR Matthew Golden WR Rashod Bateman,,Jacory Croskey-Merritt,FLEX,0.12%,5.3
360,5267578352,d00dy (9/20),0,177.39998,DST Titans  FLEX Dalton Schultz QB Tyler Shough RB Jahmyr Gibbs RB Kenneth Walker III TE Travis Kelce WR Chris Olave WR Drake London WR Devaughn Vele,,Jordan Addison,FLEX,0.12%,20
360,5268411124,nathanplante1 (2/6),0,177.39998,DST Titans  FLEX Dalton Schultz QB Tyler Shough RB Jahmyr Gibbs RB Kenneth Walker III TE Travis Kelce WR Chris Olave WR Drake London WR Devaughn Vele,,Nate Adkins,TE,0.12%,7.8
362,5267666646,Stree (14/20),0,177.36,DST Titans  FLEX Terrance Ferguson QB Tyler Shough RB Jahmyr Gibbs RB Kenneth Walker III TE Juwan Johnson WR Jaxon Smith-Njigba WR Ladd McConkey WR Rashod Bateman,,Jerry Jeudy,WR,0.12%,0
363,5267937853,rmouch8914 (1/8),0,177.29999,DST Broncos  FLEX Gunnar Helm QB Patrick Mahomes RB Jahmyr Gibbs RB Kenneth Walker III TE Travis Kelce WR Jaxon Smith-Njigba WR Matthew Golden WR Xavier Worthy,,Michael Wilson,FLEX,0.12%,25.9
364,5267466208,mld2010 (9/20),0,177.1,DST Ravens  FLEX Juwan Johnson QB Tyler Shough RB Jahmyr Gibbs RB Jaylen Warren TE Dalton Kincaid WR Chris Olave WR Christian Watson WR Devaughn Vele,,Zay Flowers,FLEX,0.10%,15.4
365,5266681595,kylehaeussler (4/20),0,177.07999,DST Titans  FLEX Davante Adams QB Brock Purdy RB Kenneth Walker III RB Jaylen Warren TE George Kittle WR Mike Evans WR Michael Wilson WR Rashod Bateman,,Jonnu Smith,TE,0.10%,3.6
366,5267661678,Satch65 (9/20),0,176.98,DST Titans  FLEX Davante Adams QB Jordan Love RB Jahmyr Gibbs RB Kenneth Walker III TE Dalton Schultz WR Christian Watson WR Matthew Golden WR Xavier Hutchinson,,MarShawn Lloyd,FLEX,0.10%,3.8
367,5267642825,webbcv63 (17/20),0,176.85999,DST Titans  FLEX Terrance Ferguson QB Tyler Shough RB Jahmyr Gibbs RB De'Von Achane TE Dalton Schultz WR Jaxon Smith-Njigba WR Garrett Wilson WR Matthew Golden,,Keenan Allen,FLEX,0.10%,18.3
368,5267625709,GolfSpace7 (1/5),0,176.78001,DST Broncos  FLEX Tucker Kraft QB Jordan Love RB Bijan Robinson RB Kyren Williams TE Isaiah Likely WR Christian Watson WR Davante Adams WR Matthew Golden,,Troy Franklin,WR,0.10%,3.1
369,5266617681,Damadbowler (3/20),0,176.68,DST Titans  FLEX Jaylen Warren QB Trevor Lawrence RB Jahmyr Gibbs RB Kenneth Walker III TE Terrance Ferguson WR Davante Adams WR Parker Washington WR Matthew Golden,,Quentin Johnston,FLEX,0.10%,7
370,5267642817,webbcv63 (9/20),0,176.65999,DST Titans  FLEX Oronde Gadsden II QB Tyler Shough RB Jahmyr Gibbs RB De'Von Achane TE Dalton Schultz WR Jaxon Smith-Njigba WR Drake London WR Matthew Golden,,Puka Nacua,WR,0.10%,0
371,5268430860,7thDestiny,0,176.62001,DST Vikings  FLEX Matthew Golden QB Deshaun Watson RB Kenneth Walker III RB Quinshon Judkins TE T.J. Hockenson WR Jaxon Smith-Njigba WR Garrett Wilson WR Parker Washington,,Demond Claiborne,RB,0.10%,0.1
372,5268317191,westsideculture (6/8),0,176.59999,DST Bengals  FLEX Travis Kelce QB Michael Penix Jr. RB Bijan Robinson RB Kenneth Walker III TE Darren Waller WR Jaxon Smith-Njigba WR Drake London WR Dontayvion Wicks,,Devontez Walker,WR,0.10%,0
373,5267953607,Dubbzz (17/20),0,176.58,DST Broncos  FLEX Trey McBride QB Jordan Love RB Kenneth Walker III RB Javonte Williams TE Dalton Schultz WR Christian Watson WR Drake London WR Matthew Golden,,Tutu Atwell,WR,0.10%,0
373,5268275708,hdzshe (3/4),0,176.58,DST Rams  FLEX Kalif Raymond QB Brock Purdy RB Christian McCaffrey RB Aaron Jones Sr. TE Noah Fant WR Chris Olave WR Davante Adams WR Luther Burden III,,Cody White,FLEX,0.10%,7.4
375,5267430360,hiteofbob (2/10),0,176.54001,DST Steelers  FLEX Bucky Irving QB Geno Smith RB Jahmyr Gibbs RB Jonathan Taylor TE Kenyon Sadiq WR Christian Watson WR Michael Wilson WR Denzel Boston,,Bryce Lance,WR,0.10%,0
376,5266755518,FrankieNoLeaks (3/7),0,176.50002,DST Chargers  FLEX Jahmyr Gibbs QB Tyler Shough RB James Cook III RB D'Andre Swift TE Juwan Johnson WR Davante Adams WR Jalen Coker WR Tre Tucker,,Skyy Moore,WR,0.10%,6.1
377,5266498671,Btodam06 (1/4),0,176.44,DST Titans  FLEX Drake London QB Bryce Young RB Jahmyr Gibbs RB Kenneth Walker III TE Dalton Schultz WR Christian Watson WR Matthew Golden WR Denzel Boston,,Harold Fannin Jr.,FLEX,0.10%,24.1
377,5267028371,Purplepain777 (3/4),0,176.44,DST Titans  FLEX Drake London QB Bryce Young RB Jahmyr Gibbs RB Kenneth Walker III TE Dalton Schultz WR Christian Watson WR Matthew Golden WR Denzel Boston,,Emanuel Wilson,FLEX,0.08%,1.4
379,5266922813,newguy2015 (1/20),0,176.36,DST Broncos  FLEX Juwan Johnson QB Josh Allen RB Jahmyr Gibbs RB Kenneth Walker III TE Travis Kelce WR Parker Washington WR Matthew Golden WR Xavier Worthy,,Wan'Dale Robinson,FLEX,0.08%,18.7
380,5267391703,GirthBrooks479 (3/7),0,176.34,DST Vikings  FLEX D'Andre Swift QB Bo Nix RB Derrick Henry RB Kyren Williams TE George Kittle WR Rashee Rice WR Michael Wilson WR Carnell Tate,,Jared Wayne,WR,0.08%,3
380,5267661675,Satch65 (6/20),0,176.33998,DST Titans  FLEX Ashton Jeanty QB Bo Nix RB Christian McCaffrey RB Jaylen Warren TE Terrance Ferguson WR Garrett Wilson WR Davante Adams WR Drake London,,Brock Bowers,FLEX,0.08%,30.6
382,5267678100,mdk53 (2/2),0,176.18,DST Bengals  FLEX Chuba Hubbard QB Jordan Love RB Bijan Robinson RB Kenneth Walker III TE Sam LaPorta WR Davante Adams WR Matthew Golden WR Kalif Raymond,,Chris Rodriguez Jr.,RB,0.08%,9.7
383,5266319457,moto5150 (1/4),0,176.14,DST Browns  FLEX Adam Trautman QB Brock Purdy RB Jahmyr Gibbs RB Jonathan Taylor TE Juwan Johnson WR Jaxon Smith-Njigba WR Matthew Golden WR Khalil Shakir,,Laquon Treadwell,FLEX,0.08%,3
384,5267669031,garyjames147 (1/2),0,176.08002,DST Vikings  FLEX Chuba Hubbard QB Jordan Love RB Bijan Robinson RB Javonte Williams TE Darren Waller WR Christian Watson WR Tre Tucker WR Matthew Golden,,Adam Trautman,FLEX,0.08%,0
385,5268136582,musicman777 (14/15),0,176.01999,DST Texans  FLEX Luther Burden III QB Jalen Hurts RB Jahmyr Gibbs RB Kenneth Walker III TE Juwan Johnson WR Deebo Samuel Sr. WR Matthew Golden WR Dontayvion Wicks,,Tank Bigsby,FLEX,0.08%,0.5
386,5267536216,smithbrandon7 (1/20),0,175.87997,DST Vikings  FLEX Terrance Ferguson QB Trevor Lawrence RB Jahmyr Gibbs RB Kenneth Walker III TE Mark Andrews WR Davante Adams WR Parker Washington WR Drake London,,Roman Wilson,FLEX,0.08%,15
386,5267536219,smithbrandon7 (4/20),0,175.87997,DST Vikings  FLEX Terrance Ferguson QB Trevor Lawrence RB Jahmyr Gibbs RB Kenneth Walker III TE Mark Andrews WR Davante Adams WR Parker Washington WR Drake London,,Michael Pittman Jr.,WR,0.08%,3.6
386,5267536224,smithbrandon7 (9/20),0,175.87997,DST Vikings  FLEX Terrance Ferguson QB Trevor Lawrence RB Jahmyr Gibbs RB Kenneth Walker III TE Mark Andrews WR Davante Adams WR Parker Washington WR Drake London,,Jadarian Price,FLEX,0.08%,2.2
386,5267536234,smithbrandon7 (19/20),0,175.87997,DST Vikings  FLEX Terrance Ferguson QB Trevor Lawrence RB Jahmyr Gibbs RB Kenneth Walker III TE Mark Andrews WR Davante Adams WR Parker Washington WR Drake London,,Rome Odunze,FLEX,0.08%,7.4
390,5266867972,panama007,0,175.8,DST Titans  FLEX Kalif Raymond QB Tyler Shough RB Bijan Robinson RB Kenneth Walker III TE Juwan Johnson WR Chris Olave WR Ladd McConkey WR Jalen Coker,,Troy Franklin,FLEX,0.08%,3.1
391,5267295596,DustinsLife420 (3/3),0,175.68001,DST Steelers  FLEX Juwan Johnson QB Brock Purdy RB Kenneth Walker III RB James Cook III TE Darren Waller WR Justin Jefferson WR Davante Adams WR Drake London,,Brian Robinson Jr.,FLEX,0.07%,11
392,5267661677,Satch65 (8/20),0,175.61998,DST Panthers  FLEX Terrance Ferguson QB Sam Darnold RB Kenneth Walker III RB Chase Brown TE Sam LaPorta WR Jaxon Smith-Njigba WR Garrett Wilson WR Drake London,,Jacob Cowing,WR,0.07%,0
393,5267386171,Hlb640 (4/20),0,175.59999,DST Bengals  FLEX Isaiah Williams QB Geno Smith RB Kenneth Walker III RB Chuba Hubbard TE George Kittle WR Jaxon Smith-Njigba WR Garrett Wilson WR Jameson Williams,,Carnell Tate,FLEX,0.07%,11.8
394,5267642812,webbcv63 (4/20),0,175.55998,DST Panthers  FLEX Terrance Ferguson QB Tyler Shough RB Jahmyr Gibbs RB De'Von Achane TE Dalton Schultz WR Jaxon Smith-Njigba WR Drake London WR Matthew Golden,,Justice Hill,RB,0.07%,3.3
395,5268565439,xanguiano (13/15),0,175.54001,DST Vikings  FLEX Kyle Pitts Sr. QB Michael Penix Jr. RB Jahmyr Gibbs RB Bijan Robinson TE Tucker Kraft WR Christian Watson WR Drake London WR Zachariah Branch,,Darnell Washington,FLEX,0.07%,9.7
396,5266686642,slberg01,0,175.5,DST Broncos  FLEX George Kittle QB Dak Prescott RB Kenneth Walker III RB James Cook III TE Juwan Johnson WR Jaxon Smith-Njigba WR Jalen Coker WR Dontayvion Wicks,,Jakobi Meyers,FLEX,0.07%,19.4
397,5266585900,DuskyD,0,175.46,DST Vikings  FLEX Matthew Golden QB Josh Allen RB Bijan Robinson RB Derrick Henry TE Juwan Johnson WR Jaylen Waddle WR Kalif Raymond WR Elic Ayomanor,,Jahan Dotson,FLEX,0.07%,2.1
398,5267045957,heyyouca (15/20),0,175.4,DST Broncos  FLEX Kenneth Walker III QB Tyler Shough RB Bijan Robinson RB Jaylen Warren TE Harold Fannin Jr. WR Amon-Ra St. Brown WR Devaughn Vele WR Xavier Hutchinson,,Keaton Mitchell,RB,0.07%,13.7
399,5268499433,s3three (3/4),0,175.34001,DST Jets  FLEX James Cook III QB Jordan Love RB Jahmyr Gibbs RB Kenneth Walker III TE Juwan Johnson WR Jaxon Smith-Njigba WR Jack Bech WR Isaiah Williams,,Darius Cooper,WR,0.07%,0
400,5267806026,alexvansoelen (13/20),0,175.23999,DST Steelers  FLEX Terrance Ferguson QB Lamar Jackson RB Jahmyr Gibbs RB Jaylen Warren TE Juwan Johnson WR CeeDee Lamb WR Garrett Wilson WR Rashod Bateman,,Malik Nabers,FLEX,0.07%,7.6
401,5267661685,Satch65 (16/20),0,175.17998,DST Titans  FLEX Davante Adams QB Trevor Lawrence RB Jahmyr Gibbs RB Kenneth Walker III TE Terrance Ferguson WR Parker Washington WR Drake London WR Mack Hollins,,Travis Etienne Jr.,FLEX,0.07%,9
402,5266874605,Danny_9114 (4/20),0,175.15999,DST Titans  FLEX Terrance Ferguson QB Tyler Shough RB Jahmyr Gibbs RB Jaylen Warren TE Dalton Schultz WR Jaxon Smith-Njigba WR CeeDee Lamb WR Devaughn Vele,,Makai Lemon,FLEX,0.07%,5.9
403,5267361252,FlameThrower4 (8/20),0,175.08,DST Rams  FLEX Trey McBride QB Brock Purdy RB Derrick Henry RB Blake Corum TE George Kittle WR Drake London WR Deebo Samuel Sr. WR Michael Wilson,,Keon Coleman,FLEX,0.07%,4.7
404,5268118348,cvillered (1/2),0,175.06,DST Bengals  FLEX Juwan Johnson QB Tyler Shough RB Derrick Henry RB Blake Corum TE AJ Barner WR Jaxon Smith-Njigba WR Chris Olave WR Christian Watson,,Raheim Sanders,RB,0.07%,9.1
405,5266669531,Godzson13 (1/7),0,175.04001,DST Titans  FLEX Dalton Schultz QB Jordan Love RB Bijan Robinson RB Derrick Henry TE Darren Waller WR Jaxon Smith-Njigba WR Matthew Golden WR Devaughn Vele,,Jalen McMillan,WR,0.07%,0
406,5268436545,khtheosfan1 (4/4),0,175.01999,DST Falcons  FLEX Travis Kelce QB Deshaun Watson RB Kenneth Walker III RB Kyren Williams TE Tucker Kraft WR Jaxon Smith-Njigba WR Drake London WR Deebo Samuel Sr.,,Rashid Shaheed,FLEX,0.07%,3.4
407,5268106587,Mgleason2015 (2/2),0,175,DST Seahawks  FLEX Jaxon Smith-Njigba QB Geno Smith RB Derrick Henry RB Kenneth Walker III TE Kenyon Sadiq WR Garrett Wilson WR Dontayvion Wicks WR Joshua Palmer,,Rico Dowdle,RB,0.07%,0
408,5267045950,heyyouca (8/20),0,174.98,DST Titans  FLEX Dalton Schultz QB Brock Purdy RB Kenneth Walker III RB Jaylen Warren TE George Kittle WR Amon-Ra St. Brown WR Davante Adams WR Matthew Golden,,Malik Washington,FLEX,0.05%,11.1
408,5267507691,stock2mail (15/20),0,174.98,DST Broncos  FLEX Terrance Ferguson QB Jordan Love RB Jahmyr Gibbs RB Derrick Henry TE Dalton Schultz WR Amon-Ra St. Brown WR Drake London WR Matthew Golden,,Jack Bech,FLEX,0.05%,0
408,5268530221,troubledsoe (9/15),0,174.98,DST Eagles  FLEX Terrance Ferguson QB Jordan Love RB Jahmyr Gibbs RB James Cook III TE George Kittle WR Christian Watson WR Parker Washington WR Matthew Golden,,Skyy Moore,FLEX,0.05%,6.1
411,5266689545,jcr1117 (4/20),0,174.9,DST Vikings  FLEX T.J. Hockenson QB Tyler Shough RB Jahmyr Gibbs RB Kenneth Walker III TE Dalton Schultz WR Chris Olave WR Garrett Wilson WR Devaughn Vele,,Noah Fant,TE,0.05%,19.3
411,5266689553,jcr1117 (12/20),0,174.9,DST Vikings  FLEX T.J. Hockenson QB Tyler Shough RB Jahmyr Gibbs RB Kenneth Walker III TE Dalton Schultz WR Chris Olave WR Garrett Wilson WR Devaughn Vele,,Chris Moore,WR,0.05%,7.4
411,5266689559,jcr1117 (18/20),0,174.9,DST Vikings  FLEX T.J. Hockenson QB Tyler Shough RB Jahmyr Gibbs RB Kenneth Walker III TE Dalton Schultz WR Chris Olave WR Garrett Wilson WR Devaughn Vele,,Kendre Miller,FLEX,0.05%,3.9
411,5266689560,jcr1117 (19/20),0,174.9,DST Vikings  FLEX T.J. Hockenson QB Tyler Shough RB Jahmyr Gibbs RB Kenneth Walker III TE Dalton Schultz WR Chris Olave WR Garrett Wilson WR Devaughn Vele,,Kenny Gainwell,RB,0.05%,3
415,5268503321,B1gSweets (1/20),0,174.86,DST Titans  FLEX Terrance Ferguson QB Matthew Stafford RB Jahmyr Gibbs RB Jaylen Warren TE Mark Andrews WR Jaxon Smith-Njigba WR Davante Adams WR Courtland Sutton,,Jalen McMillan,FLEX,0.05%,0
416,5268419081,Noah393 (3/4),0,174.8,DST Titans  FLEX Trey McBride QB Tyler Shough RB Breece Hall RB Chuba Hubbard TE Juwan Johnson WR Chris Olave WR Christian Watson WR Drake London,,Michael Mayer,FLEX,0.05%,12.2
417,5267708998,deez516 (8/20),0,174.77998,DST Titans  FLEX Kyren Williams QB Brock Purdy RB Jahmyr Gibbs RB Kenneth Walker III TE Sam LaPorta WR Deebo Samuel Sr. WR Matthew Golden WR Dontayvion Wicks,,Jonah Coleman,FLEX,0.05%,0
418,5266570299,gunslingerbach,0,174.74,DST Steelers  FLEX Jaylen Warren QB Geno Smith RB Jahmyr Gibbs RB Kenneth Walker III TE Oronde Gadsden II WR Garrett Wilson WR Davante Adams WR Adonai Mitchell,,Mike Washington Jr.,RB,0.05%,11.4
418,5266822950,hopp365 (3/3),0,174.74,DST Falcons  FLEX Bijan Robinson QB Michael Penix Jr. RB Jahmyr Gibbs RB James Cook III TE Travis Kelce WR Ladd McConkey WR Matthew Golden WR Jahan Dotson,,Mike Evans,FLEX,0.05%,12.4
420,5267485028,gdollars (2/4),0,174.68,DST Seahawks  FLEX Michael Wilson QB Jordan Love RB Jahmyr Gibbs RB Bijan Robinson TE Oronde Gadsden II WR Deebo Samuel Sr. WR Matthew Golden WR Dontayvion Wicks,,Ted Hurst III,FLEX,0.05%,11
421,5268071416,Swidb (16/20),0,174.57999,DST Titans  FLEX Tony Pollard QB Trevor Lawrence RB Jahmyr Gibbs RB Kenneth Walker III TE Terrance Ferguson WR Garrett Wilson WR Parker Washington WR Michael Wilson,,Chris Bell,WR,0.05%,10.7
422,5268522253,BigDogs85 (6/11),0,174.44,DST Panthers  FLEX Deebo Samuel Sr. QB Geno Smith RB Jahmyr Gibbs RB David Montgomery TE Pat Freiermuth WR Garrett Wilson WR Ladd McConkey WR Drake London,,Noah Gray,TE,0.05%,6.9
423,5268542015,JcClark18 (19/20),0,174.40001,DST Bills  FLEX Trey McBride QB Tyler Shough RB Derrick Henry RB James Cook III TE George Kittle WR Davante Adams WR Matthew Golden WR Devaughn Vele,,Tyler Allgeier,FLEX,0.05%,4.9
424,5268540938,CQORNJ,0,174.38,DST Packers  FLEX Kalif Raymond QB Jordan Love RB Jahmyr Gibbs RB Bijan Robinson TE Tucker Kraft WR Christian Watson WR Matthew Golden WR Jahdae Walker,,Tommy Tremble,TE,0.05%,7.1
425,5267911733,LOCNOTM (20/20),0,174.31998,DST Texans  FLEX Terrance Ferguson QB Sam Darnold RB Jahmyr Gibbs RB Jaylen Warren TE Mark Andrews WR Jaxon Smith-Njigba WR Parker Washington WR Quentin Johnston,,Kyle Juszczyk,RB,0.05%,0
426,5266236914,Breakout100 (1/10),0,174.24,DST Dolphins  FLEX Michael Mayer QB Brock Purdy RB Kenneth Walker III RB Quinshon Judkins TE Pat Freiermuth WR Jaxon Smith-Njigba WR Chris Olave WR Drake London,,Jahdae Walker,WR,0.05%,0
426,5266331843,booradley5 (15/20),0,174.24,DST Titans  FLEX Ashton Jeanty QB Geno Smith RB Jahmyr Gibbs RB Chase Brown TE Kenyon Sadiq WR Garrett Wilson WR Josh Downs WR Rashod Bateman,,Pat Bryant,FLEX,0.05%,14.4
428,5268401892,nstith (2/2),0,174.15999,DST Jets  FLEX Dontayvion Wicks QB Tyler Shough RB Jahmyr Gibbs RB Derrick Henry TE Juwan Johnson WR Jaxon Smith-Njigba WR Tre Tucker WR Devaughn Vele,,Chris Godwin Jr.,FLEX,0.05%,5.5
429,5266459371,mello610 (7/20),0,173.94,DST Bills  FLEX Derrick Henry QB Patrick Mahomes RB Jahmyr Gibbs RB Jeremiyah Love TE George Kittle WR Drake London WR Xavier Worthy WR Dontayvion Wicks,,Darnell Mooney,FLEX,0.05%,4.9
430,5267775407,CHOMPINGTON,0,173.9,DST Titans  FLEX Terrance Ferguson QB Matthew Stafford RB Jahmyr Gibbs RB Kenneth Walker III TE Dalton Schultz WR Chris Olave WR Davante Adams WR Matthew Golden,,Jalen Nailor,FLEX,0.05%,2.6
431,5266131973,CranjisMcBasketball1,0,173.88,DST Jaguars  FLEX Tre Tucker QB Brock Purdy RB Derrick Henry RB Kenneth Walker III TE Juwan Johnson WR Garrett Wilson WR Parker Washington WR Denzel Boston,,DeMario Douglas,FLEX,0.05%,4.8
431,5266973642,blizzybeatz (11/20),0,173.88,DST Titans  FLEX Davante Adams QB Jordan Love RB Bijan Robinson RB Chase Brown TE Pat Freiermuth WR Parker Washington WR Drake London WR Matthew Golden,,KaVontae Turpin,WR,0.05%,8.8
433,5267829992,Gillos007 (4/15),0,173.84001,DST Bengals  FLEX Ashton Jeanty QB Patrick Mahomes RB Bijan Robinson RB Jaylen Warren TE Dalton Schultz WR Drake London WR Matthew Golden WR Keenan Allen,,Will Shipley,RB,0.05%,2.1
433,5266148490,Zacklemore (16/20),0,173.83997,DST Bears  FLEX Mark Andrews QB Lamar Jackson RB Bijan Robinson RB Kenneth Walker III TE Travis Kelce WR Davante Adams WR Drake London WR Chris Moore,,Braelon Allen,FLEX,0.05%,4.7
435,5268098113,DomingoSalvajeS (18/20),0,173.79999,DST Steelers  FLEX Terrance Ferguson QB Matthew Stafford RB Jahmyr Gibbs RB Jaylen Warren TE Sam LaPorta WR George Pickens WR Garrett Wilson WR Davante Adams,,LaJohntay Wester,WR,0.05%,0
436,5267386180,Hlb640 (13/20),0,173.74,DST Titans  FLEX Kenyon Sadiq QB Geno Smith RB Jahmyr Gibbs RB Ashton Jeanty TE Terrance Ferguson WR Amon-Ra St. Brown WR Garrett Wilson WR Parker Washington,,Josh Oliver,FLEX,0.05%,0
436,5268242272,barmaster34 (3/3),0,173.74,DST Packers  FLEX Isaiah Williams QB Jordan Love RB Bijan Robinson RB Jaylen Warren TE T.J. Hockenson WR Jaxon Smith-Njigba WR Drake London WR Deebo Samuel Sr.,,David Njoku,TE,0.05%,0
436,5268268175,extralongfart (2/3),0,173.74,DST Packers  FLEX Isaiah Williams QB Jordan Love RB Bijan Robinson RB Jaylen Warren TE T.J. Hockenson WR Jaxon Smith-Njigba WR Drake London WR Deebo Samuel Sr.,,Eli Heidenreich,RB,0.05%,0
436,5268479832,Bobo_Bigguns (2/2),0,173.74,DST Raiders  FLEX Dontayvion Wicks QB Jordan Love RB Kenneth Walker III RB Kyren Williams TE Dalton Schultz WR Jaxon Smith-Njigba WR Christian Watson WR Matthew Golden,,Efton Chism III,WR,0.03%,1.74
440,5267035999,younggodaka (15/20),0,173.68001,DST Bills  FLEX Kenneth Walker III QB Trevor Lawrence RB Derrick Henry RB James Cook III TE Harold Fannin Jr. WR Drake London WR Matthew Golden WR Brian Thomas Jr.,,Ben Sinnott,TE,0.03%,0
440,5268238803,miketatmon (2/4),0,173.68001,DST Jets  FLEX Dalton Schultz QB Jordan Love RB Bijan Robinson RB Kenneth Walker III TE Tucker Kraft WR Christian Watson WR Drake London WR Matthew Golden,,Ray Davis,RB,0.03%,0
442,5266287308,Deathflower74 (20/20),0,173.64,DST Commanders  FLEX James Cook III QB Patrick Mahomes RB Jahmyr Gibbs RB Kenneth Walker III TE Terrance Ferguson WR Garrett Wilson WR Matthew Golden WR Xavier Worthy,,Germie Bernard,FLEX,0.03%,2.4
443,5266170880,Lewj1 (2/8),0,173.56,DST Jaguars  FLEX Denzel Boston QB Tyler Shough RB Kenneth Walker III RB D'Andre Swift TE Juwan Johnson WR Jaxon Smith-Njigba WR Chris Olave WR Dontayvion Wicks,,Darius Slayton,WR,0.03%,0
444,5268150062,rollom0 (2/2),0,173.4,DST Titans  FLEX Johnny Mundt QB Patrick Mahomes RB Jahmyr Gibbs RB Kenneth Walker III TE Juwan Johnson WR Jaxon Smith-Njigba WR Chris Olave WR Bryce Lance,,Cooper Kupp,WR,0.03%,14.6
444,5268261926,BigPaulee75 (2/2),0,173.39998,DST Rams  FLEX Travis Kelce QB Tyler Shough RB Bijan Robinson RB Derrick Henry TE Kyle Pitts Sr. WR Garrett Wilson WR Drake London WR Devaughn Vele,,Kyle Juszczyk,FLEX,0.03%,0
446,5268139419,Pomi11 (1/2),0,173.38,DST Packers  FLEX George Kittle QB Jordan Love RB Bijan Robinson RB MarShawn Lloyd TE Tucker Kraft WR Christian Watson WR Drake London WR Matthew Golden,,Dareke Young,FLEX,0.03%,0
446,5267708996,deez516 (6/20),0,173.37999,DST Titans  FLEX Kyren Williams QB Brock Purdy RB Jahmyr Gibbs RB Kenneth Walker III TE Dalton Schultz WR Deebo Samuel Sr. WR Matthew Golden WR Dontayvion Wicks,,Odell Beckham Jr.,WR,0.03%,0
448,5268438152,falstaff64 (6/20),0,173.33998,DST Raiders  FLEX Mark Andrews QB Patrick Mahomes RB Bijan Robinson RB Kenneth Walker III TE Travis Kelce WR Garrett Wilson WR Carnell Tate WR Matthew Golden,,Sione Vaki,RB,0.03%,4.7
449,5266540009,Eckman07 (3/3),0,173.32,DST Bengals  FLEX Jaxon Smith-Njigba QB Sam Darnold RB Kenneth Walker III RB Breece Hall TE Dalton Schultz WR Drake London WR Matthew Golden WR Denzel Boston,,Travis Homer,RB,0.03%,0
449,5266776198,shomedamonaay,0,173.31999,DST Titans  FLEX Devontez Walker QB Jalen Hurts RB Bijan Robinson RB Derrick Henry TE George Kittle WR Garrett Wilson WR Drake London WR Dontayvion Wicks,,Foster Moreau,FLEX,0.03%,8.7
449,5267410484,Sammy.Boy (10/20),0,173.31999,DST Titans  FLEX Kyren Williams QB Sam Darnold RB De'Von Achane RB Jaylen Warren TE Terrance Ferguson WR Jaxon Smith-Njigba WR Christian Watson WR Davante Adams,,Elijah Moore,FLEX,0.03%,0
452,5266110340,sportsfanatic89 (2/20),0,173.29999,DST Titans  FLEX Kenneth Walker III QB Matthew Stafford RB Jahmyr Gibbs RB Chuba Hubbard TE Terrance Ferguson WR Davante Adams WR Drake London WR Rashod Bateman,,Austin Hooper,TE,0.03%,9.1
452,5266117088,sportsfanatic89 (5/20),0,173.29999,DST Titans  FLEX Kenneth Walker III QB Matthew Stafford RB Jahmyr Gibbs RB Chuba Hubbard TE Terrance Ferguson WR Davante Adams WR Drake London WR Rashod Bateman,,Bo Melton,WR,0.03%,0
452,5266117095,sportsfanatic89 (8/20),0,173.29999,DST Titans  FLEX Kenneth Walker III QB Matthew Stafford RB Jahmyr Gibbs RB Chuba Hubbard TE Terrance Ferguson WR Davante Adams WR Drake London WR Rashod Bateman,,E.J. Jenkins,FLEX,0.03%,0
452,5266117099,sportsfanatic89 (11/20),0,173.29999,DST Titans  FLEX Kenneth Walker III QB Matthew Stafford RB Jahmyr Gibbs RB Chuba Hubbard TE Terrance Ferguson WR Davante Adams WR Drake London WR Rashod Bateman,,Mike Washington Jr.,FLEX,0.03%,11.4
452,5266117105,sportsfanatic89 (13/20),0,173.29999,DST Titans  FLEX Kenneth Walker III QB Matthew Stafford RB Jahmyr Gibbs RB Chuba Hubbard TE Terrance Ferguson WR Davante Adams WR Drake London WR Rashod Bateman,,Zach Ertz,FLEX,0.03%,1.9
452,5266125644,sportsfanatic89 (16/20),0,173.29999,DST Titans  FLEX Kenneth Walker III QB Matthew Stafford RB Jahmyr Gibbs RB Chuba Hubbard TE Terrance Ferguson WR Davante Adams WR Drake London WR Rashod Bateman,,Raheim Sanders,FLEX,0.03%,9.1
452,5266125647,sportsfanatic89 (19/20),0,173.29999,DST Titans  FLEX Kenneth Walker III QB Matthew Stafford RB Jahmyr Gibbs RB Chuba Hubbard TE Terrance Ferguson WR Davante Adams WR Drake London WR Rashod Bateman,,Blake Whiteheart,FLEX,0.03%,0
452,5266142944,Jc0391 (2/20),0,173.29999,DST Titans  FLEX Chuba Hubbard QB Matthew Stafford RB Jahmyr Gibbs RB Kenneth Walker III TE Terrance Ferguson WR Davante Adams WR Drake London WR Rashod Bateman,,Isaac TeSlaa,FLEX,0.03%,9.6
452,5266142974,Jc0391 (4/20),0,173.29999,DST Titans  FLEX Chuba Hubbard QB Matthew Stafford RB Jahmyr Gibbs RB Kenneth Walker III TE Terrance Ferguson WR Davante Adams WR Drake London WR Rashod Bateman,,Davis Allen,TE,0.03%,3.9
452,5266142978,Jc0391 (7/20),0,173.29999,DST Titans  FLEX Chuba Hubbard QB Matthew Stafford RB Jahmyr Gibbs RB Kenneth Walker III TE Terrance Ferguson WR Davante Adams WR Drake London WR Rashod Bateman,,Lil'Jordan Humphrey,WR,0.03%,0
452,5266142982,Jc0391 (10/20),0,173.29999,DST Titans  FLEX Chuba Hubbard QB Matthew Stafford RB Jahmyr Gibbs RB Kenneth Walker III TE Terrance Ferguson WR Davante Adams WR Drake London WR Rashod Bateman,,Jahdae Walker,FLEX,0.03%,0
452,5266148369,Jc0391 (13/20),0,173.29999,DST Titans  FLEX Chuba Hubbard QB Matthew Stafford RB Jahmyr Gibbs RB Kenneth Walker III TE Terrance Ferguson WR Davante Adams WR Drake London WR Rashod Bateman,,Tre' Harris,FLEX,0.03%,13.6
452,5266158119,Jc0391 (16/20),0,173.29999,DST Titans  FLEX Chuba Hubbard QB Matthew Stafford RB Jahmyr Gibbs RB Kenneth Walker III TE Terrance Ferguson WR Davante Adams WR Drake London WR Rashod Bateman,,Darius Cooper,FLEX,0.03%,0
452,5266158124,Jc0391 (19/20),0,173.29999,DST Titans  FLEX Chuba Hubbard QB Matthew Stafford RB Jahmyr Gibbs RB Kenneth Walker III TE Terrance Ferguson WR Davante Adams WR Drake London WR Rashod Bateman,,Will Shipley,FLEX,0.03%,2.1
466,5268136577,musicman777 (9/15),0,173.28001,DST Texans  FLEX Deebo Samuel Sr. QB Brock Purdy RB Kenneth Walker III RB Chase Brown TE George Kittle WR Drake London WR Jalen Coker WR Matthew Golden,,Carson Wentz,QB,0.03%,0
467,5267661688,Satch65 (19/20),0,173.09999,DST Titans  FLEX Travis Kelce QB Patrick Mahomes RB Kenneth Walker III RB Jeremiyah Love TE Dalton Schultz WR Jaxon Smith-Njigba WR Davante Adams WR Matthew Golden,,RJ Harvey,FLEX,0.03%,10.7
467,5267676717,renegade (16/20),0,173.09999,DST Steelers  FLEX Juwan Johnson QB Tyler Shough RB Jahmyr Gibbs RB Jeremiyah Love TE Travis Kelce WR Amon-Ra St. Brown WR Chris Olave WR Dontayvion Wicks,,Mack Hollins,FLEX,0.03%,14.7
469,5267468031,Widdcats (4/5),0,173.08,DST Broncos  FLEX Travis Kelce QB Brock Purdy RB Christian McCaffrey RB Kenneth Walker III TE George Kittle WR Davante Adams WR Deebo Samuel Sr. WR Rashod Bateman,,Devin Singletary,FLEX,0.03%,0
469,5268071420,Swidb (20/20),0,173.07999,DST Titans  FLEX Michael Wilson QB Trevor Lawrence RB Jahmyr Gibbs RB Kenneth Walker III TE Terrance Ferguson WR Garrett Wilson WR Parker Washington WR DK Metcalf,,Zavion Thomas,WR,0.03%,1.1
471,5266514483,JPLosman0711 (17/20),0,173.06001,DST Panthers  FLEX Jalen Coker QB Matthew Stafford RB Kyren Williams RB Jaylen Warren TE Juwan Johnson WR Jaxon Smith-Njigba WR Davante Adams WR Courtland Sutton,,Chris Brooks,FLEX,0.03%,1.4
472,5268053258,BIG.TD.S (2/2),0,173,DST Bengals  FLEX Drake London QB Michael Penix Jr. RB Kenneth Walker III RB James Cook III TE Mike Gesicki WR Jaxon Smith-Njigba WR Jalen Coker WR Matthew Golden,,Greg Dortch,WR,0.02%,0
473,5267884725,radtroy54 (2/2),0,172.91998,DST Chiefs  FLEX Jaxon Smith-Njigba QB Josh Allen RB Jahmyr Gibbs RB Mike Washington Jr. TE Mike Gesicki WR Jordan Addison WR Makai Lemon WR Mack Hollins,,Deion Burks,WR,0.02%,0
474,5268089205,mrclean913 (19/20),0,172.88,DST Jaguars  FLEX Jaylen Warren QB Jameis Winston RB Jahmyr Gibbs RB Breece Hall TE Terrance Ferguson WR Jaxon Smith-Njigba WR Parker Washington WR Matthew Golden,,Cole Kmet,FLEX,0.02%,0
475,5266459374,mello610 (10/20),0,172.65999,DST Bills  FLEX Dontayvion Wicks QB Tyler Shough RB Jahmyr Gibbs RB Derrick Henry TE T.J. Hockenson WR Jaxon Smith-Njigba WR Matthew Golden WR Devaughn Vele,,Dyami Brown,FLEX,0.02%,0
476,5267652486,ilivethis (5/6),0,172.64,DST Browns  FLEX Davante Adams QB Jordan Love RB Jaylen Warren RB Kyle Monangai TE T.J. Hockenson WR Jaxon Smith-Njigba WR Christian Watson WR Garrett Wilson,,Stephen Carlson,TE,0.02%,0
477,5268503337,B1gSweets (17/20),0,172.55998,DST Vikings  FLEX Terrance Ferguson QB Jared Goff RB Derrick Henry RB Kenneth Walker III TE Sam LaPorta WR Christian Watson WR Garrett Wilson WR Drake London,,Malachi Fields,FLEX,0.02%,3.9
478,5266465391,TravonBee,0,172.50002,DST Colts  FLEX Matthew Golden QB Michael Penix Jr. RB Derrick Henry RB Kenneth Walker III TE Darren Waller WR Jaxon Smith-Njigba WR Garrett Wilson WR Denzel Boston,,Darnell Washington,TE,0.02%,9.7
478,5266139759,sketchypants (2/5),0,172.5,DST Broncos  FLEX Tre Tucker QB Michael Penix Jr. RB Derrick Henry RB D'Andre Swift TE Darren Waller WR Jaxon Smith-Njigba WR Christian Watson WR Drake London,,Davis Allen,FLEX,0.02%,3.9
478,5267637742,timmort2,0,172.49998,DST Titans  FLEX Jahmyr Gibbs QB Tyler Shough RB Kenneth Walker III RB Chuba Hubbard TE Terrance Ferguson WR Garrett Wilson WR Davante Adams WR Rashod Bateman,,Lil'Jordan Humphrey,FLEX,0.02%,0
478,5267698157,Mikeypo2017 (1/20),0,172.49998,DST Titans  FLEX Jahmyr Gibbs QB Tyler Shough RB Kenneth Walker III RB Chuba Hubbard TE Terrance Ferguson WR Garrett Wilson WR Davante Adams WR Rashod Bateman,,Chris Moore,FLEX,0.02%,7.4
478,5267698158,Mikeypo2017 (2/20),0,172.49998,DST Titans  FLEX Jahmyr Gibbs QB Tyler Shough RB Kenneth Walker III RB Chuba Hubbard TE Terrance Ferguson WR Garrett Wilson WR Davante Adams WR Rashod Bateman,,Calvin Ridley,WR,0.02%,0
478,5267698159,Mikeypo2017 (3/20),0,172.49998,DST Titans  FLEX Jahmyr Gibbs QB Tyler Shough RB Kenneth Walker III RB Chuba Hubbard TE Terrance Ferguson WR Garrett Wilson WR Davante Adams WR Rashod Bateman,,Jelani Woods,TE,0.02%,3
478,5267698160,Mikeypo2017 (4/20),0,172.49998,DST Titans  FLEX Jahmyr Gibbs QB Tyler Shough RB Kenneth Walker III RB Chuba Hubbard TE Terrance Ferguson WR Garrett Wilson WR Davante Adams WR Rashod Bateman,,Kaytron Allen,FLEX,0.02%,0
478,5267698161,Mikeypo2017 (5/20),0,172.49998,DST Titans  FLEX Jahmyr Gibbs QB Tyler Shough RB Kenneth Walker III RB Chuba Hubbard TE Terrance Ferguson WR Garrett Wilson WR Davante Adams WR Rashod Bateman,,Ollie Gordon II,RB,0.02%,14.5
478,5267698162,Mikeypo2017 (6/20),0,172.49998,DST Titans  FLEX Jahmyr Gibbs QB Tyler Shough RB Kenneth Walker III RB Chuba Hubbard TE Terrance Ferguson WR Garrett Wilson WR Davante Adams WR Rashod Bateman,,Luke Schoonmaker,TE,0.02%,1.9
478,5267698163,Mikeypo2017 (7/20),0,172.49998,DST Titans  FLEX Jahmyr Gibbs QB Tyler Shough RB Kenneth Walker III RB Chuba Hubbard TE Terrance Ferguson WR Garrett Wilson WR Davante Adams WR Rashod Bateman,,Nico Collins,FLEX,0.02%,0
478,5267698164,Mikeypo2017 (8/20),0,172.49998,DST Titans  FLEX Jahmyr Gibbs QB Tyler Shough RB Kenneth Walker III RB Chuba Hubbard TE Terrance Ferguson WR Garrett Wilson WR Davante Adams WR Rashod Bateman,,Malik Benson,FLEX,0.02%,0
478,5267698165,Mikeypo2017 (9/20),0,172.49998,DST Titans  FLEX Jahmyr Gibbs QB Tyler Shough RB Kenneth Walker III RB Chuba Hubbard TE Terrance Ferguson WR Garrett Wilson WR Davante Adams WR Rashod Bateman,,Ameer Abdullah,FLEX,0.02%,0.2
478,5267698166,Mikeypo2017 (10/20),0,172.49998,DST Titans  FLEX Jahmyr Gibbs QB Tyler Shough RB Kenneth Walker III RB Chuba Hubbard TE Terrance Ferguson WR Garrett Wilson WR Davante Adams WR Rashod Bateman,,J.K. Dobbins,FLEX,0.02%,6.3
478,5267698167,Mikeypo2017 (11/20),0,172.49998,DST Titans  FLEX Jahmyr Gibbs QB Tyler Shough RB Kenneth Walker III RB Chuba Hubbard TE Terrance Ferguson WR Garrett Wilson WR Davante Adams WR Rashod Bateman,,Brandin Cooks,WR,0.02%,0
478,5267698168,Mikeypo2017 (12/20),0,172.49998,DST Titans  FLEX Jahmyr Gibbs QB Tyler Shough RB Kenneth Walker III RB Chuba Hubbard TE Terrance Ferguson WR Garrett Wilson WR Davante Adams WR Rashod Bateman,,Theo Johnson,FLEX,0.02%,0
478,5267698169,Mikeypo2017 (13/20),0,172.49998,DST Titans  FLEX Jahmyr Gibbs QB Tyler Shough RB Kenneth Walker III RB Chuba Hubbard TE Terrance Ferguson WR Garrett Wilson WR Davante Adams WR Rashod Bateman,,Odell Beckham Jr.,FLEX,0.02%,0
478,5267698170,Mikeypo2017 (14/20),0,172.49998,DST Titans  FLEX Jahmyr Gibbs QB Tyler Shough RB Kenneth Walker III RB Chuba Hubbard TE Terrance Ferguson WR Garrett Wilson WR Davante Adams WR Rashod Bateman,,Jayden Reed,WR,0.02%,0
478,5267698171,Mikeypo2017 (15/20),0,172.49998,DST Titans  FLEX Jahmyr Gibbs QB Tyler Shough RB Kenneth Walker III RB Chuba Hubbard TE Terrance Ferguson WR Garrett Wilson WR Davante Adams WR Rashod Bateman,,Devontez Walker,FLEX,0.02%,0
478,5267698172,Mikeypo2017 (16/20),0,172.49998,DST Titans  FLEX Jahmyr Gibbs QB Tyler Shough RB Kenneth Walker III RB Chuba Hubbard TE Terrance Ferguson WR Garrett Wilson WR Davante Adams WR Rashod Bateman,,Jauan Jennings,FLEX,0.02%,1.1
478,5267698173,Mikeypo2017 (17/20),0,172.49998,DST Titans  FLEX Jahmyr Gibbs QB Tyler Shough RB Kenneth Walker III RB Chuba Hubbard TE Terrance Ferguson WR Garrett Wilson WR Davante Adams WR Rashod Bateman,,Tyler Badie,RB,0.02%,2.4
478,5267698174,Mikeypo2017 (18/20),0,172.49998,DST Titans  FLEX Jahmyr Gibbs QB Tyler Shough RB Kenneth Walker III RB Chuba Hubbard TE Terrance Ferguson WR Garrett Wilson WR Davante Adams WR Rashod Bateman,,Dallen Bentley,TE,0.02%,0
478,5267698175,Mikeypo2017 (19/20),0,172.49998,DST Titans  FLEX Jahmyr Gibbs QB Tyler Shough RB Kenneth Walker III RB Chuba Hubbard TE Terrance Ferguson WR Garrett Wilson WR Davante Adams WR Rashod Bateman,,Thomas Odukoya,FLEX,0.02%,0
478,5267698176,Mikeypo2017 (20/20),0,172.49998,DST Titans  FLEX Jahmyr Gibbs QB Tyler Shough RB Kenneth Walker III RB Chuba Hubbard TE Terrance Ferguson WR Garrett Wilson WR Davante Adams WR Rashod Bateman,,Greg Dulcich,FLEX,0.02%,10.5
478,5267931376,YoMr_757 (1/20),0,172.49998,DST Titans  FLEX Jahmyr Gibbs QB Tyler Shough RB Kenneth Walker III RB Chuba Hubbard TE Terrance Ferguson WR Garrett Wilson WR Davante Adams WR Rashod Bateman,,Tyler Higbee,TE,0.02%,20.2
478,5267931377,YoMr_757 (2/20),0,172.49998,DST Titans  FLEX Jahmyr Gibbs QB Tyler Shough RB Kenneth Walker III RB Chuba Hubbard TE Terrance Ferguson WR Garrett Wilson WR Davante Adams WR Rashod Bateman,,Travis Hunter,WR,0.02%,0
478,5267931378,YoMr_757 (3/20),0,172.49998,DST Titans  FLEX Jahmyr Gibbs QB Tyler Shough RB Kenneth Walker III RB Chuba Hubbard TE Terrance Ferguson WR Garrett Wilson WR Davante Adams WR Rashod Bateman,,Jayden Daniels,QB,0.02%,0
478,5267931379,YoMr_757 (4/20),0,172.49998,DST Titans  FLEX Jahmyr Gibbs QB Tyler Shough RB Kenneth Walker III RB Chuba Hubbard TE Terrance Ferguson WR Garrett Wilson WR Davante Adams WR Rashod Bateman,,Najee Harris,RB,0.02%,5.2
478,5267931380,YoMr_757 (5/20),0,172.49998,DST Titans  FLEX Jahmyr Gibbs QB Tyler Shough RB Kenneth Walker III RB Chuba Hubbard TE Terrance Ferguson WR Garrett Wilson WR Davante Adams WR Rashod Bateman,,Caleb Douglas,FLEX,0.02%,0
478,5267931381,YoMr_757 (6/20),0,172.49998,DST Titans  FLEX Jahmyr Gibbs QB Tyler Shough RB Kenneth Walker III RB Chuba Hubbard TE Terrance Ferguson WR Garrett Wilson WR Davante Adams WR Rashod Bateman,,Alec Pierce,WR,0.02%,0
478,5267931382,YoMr_757 (7/20),0,172.49998,DST Titans  FLEX Jahmyr Gibbs QB Tyler Shough RB Kenneth Walker III RB Chuba Hubbard TE Terrance Ferguson WR Garrett Wilson WR Davante Adams WR Rashod Bateman,,Kaleb Johnson,FLEX,0.02%,2.6
478,5267931383,YoMr_757 (8/20),0,172.49998,DST Titans  FLEX Jahmyr Gibbs QB Tyler Shough RB Kenneth Walker III RB Chuba Hubbard TE Terrance Ferguson WR Garrett Wilson WR Davante Adams WR Rashod Bateman,,Jerry Jeudy,FLEX,0.02%,0
478,5267931384,YoMr_757 (9/20),0,172.49998,DST Titans  FLEX Jahmyr Gibbs QB Tyler Shough RB Kenneth Walker III RB Chuba Hubbard TE Terrance Ferguson WR Garrett Wilson WR Davante Adams WR Rashod Bateman,,Brashard Smith,RB,0.02%,1.4
478,5267931385,YoMr_757 (10/20),0,172.49998,DST Titans  FLEX Jahmyr Gibbs QB Tyler Shough RB Kenneth Walker III RB Chuba Hubbard TE Terrance Ferguson WR Garrett Wilson WR Davante Adams WR Rashod Bateman,,Kaelon Black,FLEX,0.02%,1.7
478,5267931386,YoMr_757 (11/20),0,172.49998,DST Titans  FLEX Jahmyr Gibbs QB Tyler Shough RB Kenneth Walker III RB Chuba Hubbard TE Terrance Ferguson WR Garrett Wilson WR Davante Adams WR Rashod Bateman,,Chris Rodriguez Jr.,FLEX,0.02%,9.7
478,5267931387,YoMr_757 (12/20),0,172.49998,DST Titans  FLEX Jahmyr Gibbs QB Tyler Shough RB Kenneth Walker III RB Chuba Hubbard TE Terrance Ferguson WR Garrett Wilson WR Davante Adams WR Rashod Bateman,,Tua Tagovailoa,QB,0.02%,0
478,5267931388,YoMr_757 (13/20),0,172.49998,DST Titans  FLEX Jahmyr Gibbs QB Tyler Shough RB Kenneth Walker III RB Chuba Hubbard TE Terrance Ferguson WR Garrett Wilson WR Davante Adams WR Rashod Bateman,,Marvin Harrison Jr.,FLEX,0.02%,7
478,5267931389,YoMr_757 (14/20),0,172.49998,DST Titans  FLEX Jahmyr Gibbs QB Tyler Shough RB Kenneth Walker III RB Chuba Hubbard TE Terrance Ferguson WR Garrett Wilson WR Davante Adams WR Rashod Bateman,,Cooper Kupp,FLEX,0.02%,14.6
478,5267931390,YoMr_757 (15/20),0,172.49998,DST Titans  FLEX Jahmyr Gibbs QB Tyler Shough RB Kenneth Walker III RB Chuba Hubbard TE Terrance Ferguson WR Garrett Wilson WR Davante Adams WR Rashod Bateman,,DeeJay Dallas,RB,0.02%,0.2
478,5267931391,YoMr_757 (16/20),0,172.49998,DST Titans  FLEX Jahmyr Gibbs QB Tyler Shough RB Kenneth Walker III RB Chuba Hubbard TE Terrance Ferguson WR Garrett Wilson WR Davante Adams WR Rashod Bateman,,Jordan Watkins,WR,0.02%,8
478,5267931392,YoMr_757 (17/20),0,172.49998,DST Titans  FLEX Jahmyr Gibbs QB Tyler Shough RB Kenneth Walker III RB Chuba Hubbard TE Terrance Ferguson WR Garrett Wilson WR Davante Adams WR Rashod Bateman,,Kenny Gainwell,FLEX,0.02%,3
478,5267931393,YoMr_757 (18/20),0,172.49998,DST Titans  FLEX Jahmyr Gibbs QB Tyler Shough RB Kenneth Walker III RB Chuba Hubbard TE Terrance Ferguson WR Garrett Wilson WR Davante Adams WR Rashod Bateman,,Ian Thomas,FLEX,0.02%,0
478,5267931394,YoMr_757 (19/20),0,172.49998,DST Titans  FLEX Jahmyr Gibbs QB Tyler Shough RB Kenneth Walker III RB Chuba Hubbard TE Terrance Ferguson WR Garrett Wilson WR Davante Adams WR Rashod Bateman,,Chig Okonkwo,TE,0.02%,0
478,5267931395,YoMr_757 (20/20),0,172.49998,DST Titans  FLEX Jahmyr Gibbs QB Tyler Shough RB Kenneth Walker III RB Chuba Hubbard TE Terrance Ferguson WR Garrett Wilson WR Davante Adams WR Rashod Bateman,,Noah Fant,FLEX,0.02%,19.3
521,5267676709,renegade (8/20),0,172.48,DST Titans  FLEX George Kittle QB Brock Purdy RB Bijan Robinson RB Christian McCaffrey TE Sam LaPorta WR Josh Downs WR Matthew Golden WR Xavier Worthy,,Shedrick Jackson,WR,0.02%,0
522,5266117707,Theschoe,0,172.38,DST Bengals  FLEX Devaughn Vele QB Jordan Love RB Bijan Robinson RB Kenneth Walker III TE Darren Waller WR Christian Watson WR Davante Adams WR Matthew Golden,,KhaDarel Hodge,WR,0.02%,0
523,5267601749,tbjones2121 (7/20),0,172.36,DST Vikings  FLEX Terrance Ferguson QB Deshaun Watson RB Jahmyr Gibbs RB Kenneth Walker III TE Travis Kelce WR Ja'Marr Chase WR Davante Adams WR Denzel Boston,,Bryce Lance,FLEX,0.02%,0
523,5268017930,paul.k.brown (2/3),0,172.36,DST Bengals  FLEX Juwan Johnson QB Matthew Stafford RB Jahmyr Gibbs RB Kenneth Walker III TE Dalton Schultz WR Jaxon Smith-Njigba WR Devaughn Vele WR Dontayvion Wicks,,Jaydon Blue,FLEX,0.02%,0
525,5268243180,straydog1216,0,172.29999,DST Chiefs  FLEX Kalif Raymond QB Patrick Mahomes RB Derrick Henry RB Kenneth Walker III TE George Kittle WR Jaxon Smith-Njigba WR Pat Bryant WR Ryan Flournoy,,Puka Nacua,FLEX,0.02%,0
526,5268285036,Jaybird1019,0,172.27998,DST Titans  FLEX Kalif Raymond QB Brock Purdy RB Jahmyr Gibbs RB Kenneth Walker III TE Mark Andrews WR George Pickens WR Garrett Wilson WR Tutu Atwell,,Nick Singleton,FLEX,0.02%,0
527,5268170969,ftwaynealbert,0,172.26,DST Browns  FLEX Mike Gesicki QB Deshaun Watson RB Bijan Robinson RB Derrick Henry TE Tyler Warren WR Christian Watson WR Rashee Rice WR Jordan Addison,,Jacob Cowing,FLEX,0.02%,0
528,5268130177,sixers1212 (13/20),0,172.24,DST Seahawks  FLEX Drake London QB Jordan Love RB MarShawn Lloyd RB Chris Brooks TE George Kittle WR Jaxon Smith-Njigba WR Christian Watson WR Matthew Golden,,Konata Mumpfield,WR,0.02%,19.3
529,5266513439,JPLosman0711 (10/20),0,172.2,DST Broncos  FLEX Juwan Johnson QB Dak Prescott RB Derrick Henry RB Jeremiyah Love TE Mark Andrews WR Jaxon Smith-Njigba WR CeeDee Lamb WR Tyquan Thornton,,Josh Cameron,WR,0.02%,8.2
530,5266154642,Rufflz500 (19/20),0,172.14,DST Broncos  FLEX Tucker Kraft QB Brock Purdy RB Javonte Williams RB Quinshon Judkins TE George Kittle WR Jaxon Smith-Njigba WR DK Metcalf WR Deebo Samuel Sr.,,Zavion Thomas,FLEX,0.02%,1.1
531,5268544458,emed724,0,172.1,DST Raiders  FLEX Denzel Boston QB Patrick Mahomes RB Derrick Henry RB Chase Brown TE Kenyon Sadiq WR Jaxon Smith-Njigba WR Deebo Samuel Sr. WR Matthew Golden,,JP Richardson,WR,0.02%,0
532,5267579172,mustangs2015 (13/20),0,172.08,DST Buccaneers  FLEX George Kittle QB Brock Purdy RB Christian McCaffrey RB Kenneth Walker III TE Tyler Warren WR Drake London WR Deebo Samuel Sr. WR Dontayvion Wicks,,Carson Steele,RB,0.02%,0
533,5267612882,rafiabed,0,172.04001,DST Steelers  FLEX Travis Kelce QB Patrick Mahomes RB Jahmyr Gibbs RB Kenneth Walker III TE Pat Freiermuth WR Parker Washington WR Drake London WR Matthew Golden,,Elijah Moore,WR,0.02%,0
534,5267349089,gonzalez35 (1/2),0,171.94,DST Raiders  FLEX Chuba Hubbard QB Michael Penix Jr. RB Bijan Robinson RB MarShawn Lloyd TE Darren Waller WR Christian Watson WR Davante Adams WR Drake London,,Adam Trautman,TE,0.02%,0
535,5267413841,jrallen1 (2/2),0,171.92,DST Raiders  FLEX George Kittle QB Josh Allen RB Ashton Jeanty RB Jeremiyah Love TE Juwan Johnson WR Jaxon Smith-Njigba WR Tre Tucker WR Denzel Boston,,Justice Hill,FLEX,0.02%,3.3
536,5266761822,nategee414 (1/2),0,171.90001,DST Commanders  FLEX Brian Robinson Jr. QB Daniel Jones RB Jahmyr Gibbs RB Kenneth Walker III TE Dalton Schultz WR Christian Watson WR Davante Adams WR Matthew Golden,,Cyrus Allen,WR,0.02%,0
537,5266753890,CutMyDamnCheck (2/20),0,171.84,DST Titans  FLEX Kenneth Walker III QB Michael Penix Jr. RB Jahmyr Gibbs RB Derrick Henry TE Darren Waller WR Davante Adams WR Drake London WR Jahdae Walker,,Israel Abanikanda,RB,0.02%,0
538,5268097419,Talisker12 (2/4),0,171.82,DST Titans  FLEX Mark Andrews QB Deshaun Watson RB Jahmyr Gibbs RB Kenneth Walker III TE Dalton Schultz WR Jaxon Smith-Njigba WR Matthew Golden WR Denzel Boston,,Bo Melton,FLEX,0.02%,0
538,5268106037,Talisker12 (4/4),0,171.82,DST Titans  FLEX Mark Andrews QB Deshaun Watson RB Jahmyr Gibbs RB Kenneth Walker III TE Dalton Schultz WR Jaxon Smith-Njigba WR Matthew Golden WR Denzel Boston,,Kevin Coleman Jr.,WR,0.02%,1.3
540,5267792024,MaxTheMin (10/20),0,171.8,DST Titans  FLEX Jaylen Warren QB Jacoby Brissett RB Jahmyr Gibbs RB Kenneth Walker III TE Trey McBride WR Davante Adams WR Xavier Hutchinson WR Kendrick Bourne,,Kimani Vidal,RB,0.02%,3
541,5268017926,paul.k.brown (1/3),0,171.76,DST Dolphins  FLEX Terrance Ferguson QB Matthew Stafford RB Jahmyr Gibbs RB Kenneth Walker III TE Dalton Schultz WR Jaxon Smith-Njigba WR Garrett Wilson WR Dontayvion Wicks,,Colby Parkinson,FLEX,0.02%,0
542,5268440566,ladyluvbugg,0,171.73999,DST Packers  FLEX Dontayvion Wicks QB Geno Smith RB Bijan Robinson RB Quinshon Judkins TE Tucker Kraft WR Christian Watson WR Garrett Wilson WR Drake London,,Zachariah Branch,FLEX,0.02%,1.7
543,5267507684,stock2mail (8/20),0,171.68,DST Vikings  FLEX Terrance Ferguson QB Jordan Love RB Bijan Robinson RB De'Von Achane TE Tucker Kraft WR Christian Watson WR Garrett Wilson WR Drake London,,Luke Farrell,FLEX,0.02%,0
544,5267970678,B-rad70,0,171.65999,DST Vikings  FLEX Rachaad White QB Matthew Stafford RB Derrick Henry RB Jacory Croskey-Merritt TE Sam LaPorta WR Jaxon Smith-Njigba WR Davante Adams WR Kalif Raymond,,Samaje Perine,FLEX,0.02%,2.4
545,5267661676,Satch65 (7/20),0,171.59999,DST Bills  FLEX Chuba Hubbard QB Tyler Shough RB Jahmyr Gibbs RB Jaylen Warren TE Sam LaPorta WR CeeDee Lamb WR Matthew Golden WR Dontayvion Wicks,,KeAndre Lambert-Smith,WR,0.02%,0
545,5266617683,Damadbowler (5/20),0,171.59998,DST Browns  FLEX Terrance Ferguson QB Tyler Shough RB Jahmyr Gibbs RB Ashton Jeanty TE Mark Andrews WR Chris Olave WR Davante Adams WR Drake London,,Jeremy Ruckert,TE,0.02%,14.9
547,5266486445,SleepyW (2/7),0,171.57999,DST Panthers  FLEX Terrance Ferguson QB Brock Purdy RB Jahmyr Gibbs RB Kenneth Walker III TE Oronde Gadsden II WR Garrett Wilson WR Ladd McConkey WR Drake London,,Antonio Williams,FLEX,0.02%,3.5